#,"Date Time, GMT -0700","Temp, °F","Temp - Avg, °F","RH, %","RH - Avg, %","DewPt, °F"
15853,2018-09-25 11:00:00,69.37,69.22,70.73,71.30,59.49
15854,2018-09-25 11:10:00,69.14,69.22,70.82,70.41,59.31
15855,2018-09-25 11:20:00,69.45,68.98,71.77,72.48,59.98
15856,2018-09-25 11:30:00,70.61,69.52,73.10,72.30,61.61
15857,2018-09-25 11:40:00,71.84,70.84,68.71,70.14,61.04
15858,2018-09-25 11:50:00,72.61,71.84,67.87,68.29,61.43
15859,2018-09-25 12:00:00,73.15,72.69,65.27,66.97,60.84
15860,2018-09-25 12:10:00,73.54,73.15,64.36,65.49,60.81
15861,2018-09-25 12:20:00,73.85,73.85,63.42,64.82,60.69
15862,2018-09-25 12:30:00,73.54,73.85,63.15,64.06,60.27
15863,2018-09-25 12:40:00,73.15,73.54,64.79,65.03,60.63
15864,2018-09-25 12:50:00,73.31,73.08,65.55,65.24,61.11
15865,2018-09-25 13:00:00,74.47,73.54,64.21,64.06,61.62
15866,2018-09-25 13:10:00,73.69,74.47,61.95,63.85,59.88
15867,2018-09-25 13:20:00,73.69,73.46,62.93,64.27,60.33
15868,2018-09-25 13:30:00,74.47,73.69,63.48,64.09,61.30
15869,2018-09-25 13:40:00,75.01,74.47,62.81,63.60,61.51
15870,2018-09-25 13:50:00,74.31,74.93,62.72,61.74,60.81
15871,2018-09-25 14:00:00,74.54,74.31,59.83,62.41,59.70
15872,2018-09-25 14:10:00,74.39,74.54,61.52,62.17,60.34
15873,2018-09-25 14:20:00,74.31,74.39,62.96,62.41,60.92
15874,2018-09-25 14:30:00,74.31,74.31,61.03,62.29,60.05
15875,2018-09-25 14:40:00,75.39,74.47,61.13,62.54,61.11
15876,2018-09-25 14:50:00,74.47,75.39,61.77,60.54,60.53
15877,2018-09-25 15:00:00,73.93,74.54,61.95,61.19,60.10
15878,2018-09-25 15:10:00,73.85,73.85,64.15,62.57,61.01
15879,2018-09-25 15:20:00,74.00,73.93,61.98,62.69,60.19
15880,2018-09-25 15:30:00,74.00,73.85,65.61,64.03,61.79
15881,2018-09-25 15:40:00,74.39,74.00,62.99,64.30,61.01
15882,2018-09-25 15:50:00,74.23,74.31,66.12,63.76,62.24
15883,2018-09-25 16:00:00,73.62,74.31,64.36,63.15,60.89
15884,2018-09-25 16:10:00,72.77,73.62,63.33,63.79,59.63
15885,2018-09-25 16:20:00,72.23,72.69,66.75,65.40,60.59
15886,2018-09-25 16:30:00,72.00,72.23,63.97,65.43,59.18
15887,2018-09-25 16:40:00,71.22,71.92,65.58,65.49,59.14
15888,2018-09-25 16:50:00,70.76,71.07,68.89,67.48,60.08
15889,2018-09-25 17:00:00,70.61,70.76,70.35,68.38,60.52
15890,2018-09-25 17:10:00,69.99,70.68,68.41,68.65,59.15
15891,2018-09-25 17:20:00,68.83,69.91,70.79,69.63,59.00
15892,2018-09-25 17:30:00,68.67,68.83,72.54,71.39,59.53
15893,2018-09-25 17:40:00,67.75,68.52,72.39,71.74,58.58
15894,2018-09-25 17:50:00,67.05,67.67,74.19,73.01,58.60
15895,2018-09-25 18:00:00,66.44,67.13,75.04,74.30,58.32
15896,2018-09-25 18:10:00,65.74,66.44,76.38,75.45,58.14
15897,2018-09-25 18:20:00,65.12,65.66,77.28,76.84,57.87
15898,2018-09-25 18:30:00,64.58,65.12,78.00,77.94,57.60
15899,2018-09-25 18:40:00,64.20,64.58,78.87,78.70,57.54
15900,2018-09-25 18:50:00,64.12,64.20,79.36,79.30,57.63
15901,2018-09-25 19:00:00,64.04,64.12,79.36,79.53,57.56
15902,2018-09-25 19:10:00,63.89,64.04,79.39,79.24,57.42
15903,2018-09-25 19:20:00,63.58,63.81,79.76,79.65,57.25
15904,2018-09-25 19:30:00,63.50,63.66,80.56,80.08,57.45
15905,2018-09-25 19:40:00,63.66,63.58,81.02,80.56,57.76
15906,2018-09-25 19:50:00,63.81,63.58,80.73,81.02,57.81
15907,2018-09-25 20:00:00,63.96,63.81,80.19,80.99,57.77
15908,2018-09-25 20:10:00,64.04,63.96,81.65,80.53,58.35
15909,2018-09-25 20:20:00,63.89,64.04,80.19,80.71,57.70
15910,2018-09-25 20:30:00,63.58,63.96,80.71,80.62,57.58
15911,2018-09-25 20:40:00,63.50,63.58,81.48,81.16,57.77
15912,2018-09-25 20:50:00,63.50,63.50,81.48,81.53,57.77
15913,2018-09-25 21:00:00,63.81,63.58,81.62,81.99,58.12
15914,2018-09-25 21:10:00,63.66,63.81,81.59,81.31,57.96
15915,2018-09-25 21:20:00,63.96,63.73,81.62,81.76,58.27
15916,2018-09-25 21:30:00,64.04,63.96,81.08,81.33,58.16
15917,2018-09-25 21:40:00,63.96,64.12,81.51,80.96,58.23
15918,2018-09-25 21:50:00,63.89,63.96,81.19,81.28,58.04
15919,2018-09-25 22:00:00,63.81,63.89,81.93,81.39,58.22
15920,2018-09-25 22:10:00,63.73,63.73,81.93,81.85,58.15
15921,2018-09-25 22:20:00,63.66,63.73,82.33,81.82,58.21
15922,2018-09-25 22:30:00,63.81,63.73,81.59,81.85,58.11
15923,2018-09-25 22:40:00,63.89,63.81,81.96,81.76,58.31
15924,2018-09-25 22:50:00,63.96,63.89,82.08,81.91,58.42
15925,2018-09-25 23:00:00,63.96,63.96,81.62,82.16,58.27
15926,2018-09-25 23:10:00,63.89,63.96,82.08,82.19,58.35
15927,2018-09-25 23:20:00,63.89,63.96,81.19,81.76,58.04
15928,2018-09-25 23:30:00,63.73,63.89,82.05,81.93,58.19
15929,2018-09-25 23:40:00,63.73,63.73,82.39,81.88,58.30
15930,2018-09-25 23:50:00,63.81,63.73,81.62,82.02,58.12
15931,2018-09-26 0:00:00,63.73,63.81,82.50,81.65,58.34
15932,2018-09-26 0:10:00,63.81,63.73,81.93,82.47,58.22
15933,2018-09-26 0:20:00,63.73,63.89,82.93,82.47,58.48
15934,2018-09-26 0:30:00,63.73,63.73,82.93,82.47,58.48
15935,2018-09-26 0:40:00,63.66,63.66,82.36,82.79,58.22
15936,2018-09-26 0:50:00,63.58,63.66,82.47,82.27,58.18
15937,2018-09-26 1:00:00,63.81,63.58,83.38,82.56,58.71
15938,2018-09-26 1:10:00,63.81,63.73,82.84,82.84,58.53
15939,2018-09-26 1:20:00,63.81,63.81,82.47,82.27,58.41
15940,2018-09-26 1:30:00,63.81,63.81,81.93,82.10,58.22
15941,2018-09-26 1:40:00,63.58,63.81,82.02,82.10,58.03
15942,2018-09-26 1:50:00,63.50,63.58,82.87,82.39,58.24
15943,2018-09-26 2:00:00,63.27,63.50,83.33,82.67,58.16
15944,2018-09-26 2:10:00,63.04,63.19,83.18,83.07,57.89
15945,2018-09-26 2:20:00,62.81,63.04,83.27,83.10,57.69
15946,2018-09-26 2:30:00,62.42,62.81,83.64,83.21,57.44
15947,2018-09-26 2:40:00,62.03,62.42,83.61,83.58,57.05
15948,2018-09-26 2:50:00,61.72,62.03,84.77,83.98,57.13
15949,2018-09-26 3:00:00,61.49,61.72,84.40,84.68,56.78
15950,2018-09-26 3:10:00,61.18,61.49,85.22,84.68,56.74
15951,2018-09-26 3:20:00,61.11,61.26,85.52,85.19,56.77
15952,2018-09-26 3:30:00,61.18,61.11,85.13,85.52,56.72
15953,2018-09-26 3:40:00,61.34,61.18,85.66,85.66,57.04
15954,2018-09-26 3:50:00,61.34,61.34,86.03,85.80,57.16
15955,2018-09-26 4:00:00,61.57,61.42,86.14,86.11,57.42
15956,2018-09-26 4:10:00,61.65,61.57,85.72,86.23,57.36
15957,2018-09-26 4:20:00,61.72,61.65,86.17,86.20,57.58
15958,2018-09-26 4:30:00,61.88,61.65,86.09,86.39,57.71
15959,2018-09-26 4:40:00,61.80,61.80,86.95,86.25,57.91
15960,2018-09-26 4:50:00,61.88,61.72,86.50,86.45,57.84
15961,2018-09-26 5:00:00,61.96,61.88,86.11,86.56,57.79
15962,2018-09-26 5:10:00,61.72,61.88,86.62,86.25,57.73
15963,2018-09-26 5:20:00,61.72,61.80,85.64,86.56,57.41
15964,2018-09-26 5:30:00,61.72,61.80,86.17,86.23,57.58
15965,2018-09-26 5:40:00,61.57,61.65,86.45,86.81,57.52
15966,2018-09-26 5:50:00,61.49,61.57,86.90,86.84,57.59
15967,2018-09-26 6:00:00,61.57,61.49,86.59,86.84,57.57
15968,2018-09-26 6:10:00,61.57,61.65,87.04,86.59,57.71
15969,2018-09-26 6:20:00,61.57,61.57,87.04,87.04,57.71
15970,2018-09-26 6:30:00,61.26,61.57,87.84,87.26,57.66
15971,2018-09-26 6:40:00,61.42,61.26,87.43,87.57,57.68
15972,2018-09-26 6:50:00,61.49,61.34,88.32,88.01,58.04
15973,2018-09-26 7:00:00,61.49,61.49,87.76,87.68,57.86
15974,2018-09-26 7:10:00,61.34,61.49,87.76,87.73,57.71
15975,2018-09-26 7:20:00,61.11,61.34,87.82,87.43,57.50
15976,2018-09-26 7:30:00,61.03,61.11,88.57,88.23,57.66
15977,2018-09-26 7:40:00,61.26,61.03,88.59,88.54,57.90
15978,2018-09-26 7:50:00,61.80,61.34,88.79,88.93,58.49
15979,2018-09-26 8:00:00,61.72,61.80,87.79,88.07,58.10
15980,2018-09-26 8:10:00,61.80,61.80,87.48,87.29,58.08
15981,2018-09-26 8:20:00,62.11,61.72,87.54,87.79,58.40
15982,2018-09-26 8:30:00,62.42,62.19,86.17,87.23,58.27
15983,2018-09-26 8:40:00,62.65,62.42,87.06,86.70,58.78
15984,2018-09-26 8:50:00,63.11,62.57,86.25,86.87,58.98
15985,2018-09-26 9:00:00,63.58,63.19,85.95,85.80,59.33
15986,2018-09-26 9:10:00,63.89,63.50,85.16,85.38,59.38
15987,2018-09-26 9:20:00,64.12,63.96,84.17,84.43,59.28
15988,2018-09-26 9:30:00,64.35,64.20,84.65,84.12,59.67
15989,2018-09-26 9:40:00,64.81,64.43,83.41,83.95,59.70
15990,2018-09-26 9:50:00,65.05,64.81,83.52,83.10,59.97
15991,2018-09-26 10:00:00,65.74,65.12,82.62,82.59,60.34
15992,2018-09-26 10:10:00,66.59,65.74,80.51,81.53,60.44
15993,2018-09-26 10:20:00,67.44,66.67,79.30,79.85,60.84
15994,2018-09-26 10:30:00,69.14,67.67,77.28,79.13,61.76
15995,2018-09-26 10:40:00,70.37,69.37,75.42,75.45,62.27
15996,2018-09-26 10:50:00,71.30,70.45,72.80,73.51,62.16
15997,2018-09-26 11:00:00,72.23,71.45,71.15,72.45,62.40
15998,2018-09-26 11:10:00,73.31,72.46,68.86,70.47,62.50
15999,2018-09-26 11:20:00,74.31,73.31,69.93,69.75,63.91
16000,2018-09-26 11:30:00,74.62,74.31,68.83,68.26,63.75
16001,2018-09-26 11:40:00,74.85,74.70,66.54,67.48,63.00
16002,2018-09-26 11:50:00,75.55,74.93,68.05,67.36,64.30
16003,2018-09-26 12:00:00,77.32,75.86,63.97,67.93,64.22
16004,2018-09-26 12:10:00,76.94,77.32,63.94,63.60,63.84
16005,2018-09-26 12:20:00,77.48,77.01,66.18,64.49,65.35
16006,2018-09-26 12:30:00,78.87,77.63,60.70,64.15,64.17
16007,2018-09-26 12:40:00,79.95,78.79,59.80,63.54,64.76
16008,2018-09-26 12:50:00,79.25,79.95,61.71,60.88,65.01
16009,2018-09-26 13:00:00,79.56,79.25,62.23,61.95,65.55
16010,2018-09-26 13:10:00,79.79,79.64,62.26,61.95,65.78
16011,2018-09-26 13:20:00,78.95,79.87,62.90,61.83,65.27
16012,2018-09-26 13:30:00,77.25,78.71,62.50,62.75,63.49
16013,2018-09-26 13:40:00,75.86,76.40,69.99,65.27,65.41
16014,2018-09-26 13:50:00,75.16,76.01,66.63,65.58,63.34
16015,2018-09-26 14:00:00,76.09,75.08,68.53,67.36,65.02
16016,2018-09-26 14:10:00,75.32,76.24,63.79,64.64,62.24
16017,2018-09-26 14:20:00,75.70,75.32,64.79,66.00,63.05
16018,2018-09-26 14:30:00,75.70,75.70,66.24,64.85,63.68
16019,2018-09-26 14:40:00,75.62,75.86,63.33,64.61,62.33
16020,2018-09-26 14:50:00,75.32,75.78,64.52,63.91,62.56
16021,2018-09-26 15:00:00,74.47,75.32,64.70,64.58,61.84
16022,2018-09-26 15:10:00,73.54,74.39,66.03,65.37,61.54
16023,2018-09-26 15:20:00,74.31,73.46,65.88,66.66,62.20
16024,2018-09-26 15:30:00,73.39,74.31,63.60,63.94,60.33
16025,2018-09-26 15:40:00,72.84,73.31,65.49,65.52,60.64
16026,2018-09-26 15:50:00,73.00,72.84,65.03,66.42,60.59
16027,2018-09-26 16:00:00,73.46,73.00,67.93,66.69,62.27
16028,2018-09-26 16:10:00,73.69,73.46,64.61,65.85,61.07
16029,2018-09-26 16:20:00,73.77,73.62,64.15,65.67,60.94
16030,2018-09-26 16:30:00,73.77,73.69,67.93,65.91,62.56
16031,2018-09-26 16:40:00,73.69,73.77,66.87,66.57,62.04
16032,2018-09-26 16:50:00,73.77,73.77,68.77,66.66,62.91
16033,2018-09-26 17:00:00,73.62,73.77,68.89,68.17,62.81
16034,2018-09-26 17:10:00,73.93,73.62,67.03,69.33,62.33
16035,2018-09-26 17:20:00,72.69,73.93,70.53,68.89,62.59
16036,2018-09-26 17:30:00,71.69,72.61,71.03,70.79,61.83
16037,2018-09-26 17:40:00,70.68,71.61,72.75,71.89,61.54
16038,2018-09-26 17:50:00,69.68,70.61,74.95,73.42,61.42
16039,2018-09-26 18:00:00,69.06,69.68,74.98,74.95,60.84
16040,2018-09-26 18:10:00,68.21,68.91,76.73,75.88,60.66
16041,2018-09-26 18:20:00,67.52,68.13,77.86,77.45,60.40
16042,2018-09-26 18:30:00,66.82,67.52,79.19,78.41,60.20
16043,2018-09-26 18:40:00,66.36,66.82,80.08,79.50,60.07
16044,2018-09-26 18:50:00,65.74,66.28,81.31,80.53,59.89
16045,2018-09-26 19:00:00,65.28,65.66,82.25,81.71,59.76
16046,2018-09-26 19:10:00,64.89,65.20,82.64,82.42,59.52
16047,2018-09-26 19:20:00,64.58,64.97,83.35,82.87,59.46
16048,2018-09-26 19:30:00,64.27,64.58,83.44,83.38,59.18
16049,2018-09-26 19:40:00,63.96,64.35,83.69,83.61,58.97
16050,2018-09-26 19:50:00,63.81,64.04,84.68,83.89,59.14
16051,2018-09-26 20:00:00,63.58,63.73,83.66,84.34,58.58
16052,2018-09-26 20:10:00,63.42,63.66,84.12,83.78,58.58
16053,2018-09-26 20:20:00,63.35,63.42,85.50,84.60,58.96
16054,2018-09-26 20:30:00,63.58,63.42,86.31,85.86,59.45
16055,2018-09-26 20:40:00,63.89,63.58,86.78,86.70,59.91
16056,2018-09-26 20:50:00,64.12,63.81,86.06,86.56,59.90
16057,2018-09-26 21:00:00,64.27,64.12,86.09,86.25,60.06
16058,2018-09-26 21:10:00,64.43,64.27,86.09,86.09,60.21
16059,2018-09-26 21:20:00,64.66,64.35,86.09,85.86,60.44
16060,2018-09-26 21:30:00,64.66,64.50,85.58,85.92,60.28
16061,2018-09-26 21:40:00,64.66,64.74,85.22,85.61,60.16
16062,2018-09-26 21:50:00,64.66,64.50,85.69,85.47,60.31
16063,2018-09-26 22:00:00,64.58,64.66,85.24,85.47,60.09
16064,2018-09-26 22:10:00,64.43,64.58,85.55,85.36,60.04
16065,2018-09-26 22:20:00,64.20,64.35,85.52,85.58,59.80
16066,2018-09-26 22:30:00,64.12,64.27,86.06,85.83,59.90
16067,2018-09-26 22:40:00,64.27,64.20,86.06,86.17,60.05
16068,2018-09-26 22:50:00,64.04,64.27,85.92,86.00,59.78
16069,2018-09-26 23:00:00,63.89,64.04,85.47,85.97,59.48
16070,2018-09-26 23:10:00,63.50,63.81,86.81,86.23,59.54
16071,2018-09-26 23:20:00,63.58,63.66,86.84,86.90,59.62
16072,2018-09-26 23:30:00,63.35,63.58,87.15,86.90,59.49
16073,2018-09-26 23:40:00,63.27,63.35,87.68,87.48,59.59
16074,2018-09-26 23:50:00,63.50,63.35,88.04,87.82,59.93
16075,2018-09-27 0:00:00,63.73,63.50,88.18,87.87,60.20
16076,2018-09-27 0:10:00,63.73,63.66,87.31,87.37,59.93
16077,2018-09-27 0:20:00,63.96,63.81,87.23,87.59,60.13
16078,2018-09-27 0:30:00,64.12,64.12,86.90,87.20,60.17
16079,2018-09-27 0:40:00,64.27,64.27,86.81,86.73,60.30
16080,2018-09-27 0:50:00,64.50,64.27,86.42,86.53,60.40
16081,2018-09-27 1:00:00,64.50,64.50,86.00,86.28,60.26
16082,2018-09-27 1:10:00,64.50,64.50,86.11,86.31,60.30
16083,2018-09-27 1:20:00,64.50,64.58,86.42,86.20,60.40
16084,2018-09-27 1:30:00,64.50,64.50,86.42,86.34,60.40
16085,2018-09-27 1:40:00,64.50,64.43,86.53,86.45,60.44
16086,2018-09-27 1:50:00,64.43,64.50,86.53,86.42,60.36
16087,2018-09-27 2:00:00,64.27,64.43,86.81,86.70,60.30
16088,2018-09-27 2:10:00,64.27,64.27,86.39,86.76,60.16
16089,2018-09-27 2:20:00,64.12,64.27,86.48,86.31,60.04
16090,2018-09-27 2:30:00,64.12,64.04,86.78,86.92,60.14
16091,2018-09-27 2:40:00,64.04,64.12,86.78,86.76,60.06
16092,2018-09-27 2:50:00,64.04,63.96,86.81,86.73,60.07
16093,2018-09-27 3:00:00,64.04,64.12,87.23,86.84,60.21
16094,2018-09-27 3:10:00,64.04,64.12,86.78,86.98,60.06
16095,2018-09-27 3:20:00,63.96,64.04,86.78,86.84,59.99
16096,2018-09-27 3:30:00,63.89,64.04,86.87,87.04,59.94
16097,2018-09-27 3:40:00,63.89,63.96,87.23,87.12,60.05
16098,2018-09-27 3:50:00,63.73,63.89,87.20,87.04,59.89
16099,2018-09-27 4:00:00,63.73,63.73,87.31,87.23,59.93
16100,2018-09-27 4:10:00,63.73,63.66,87.62,87.31,60.03
16101,2018-09-27 4:20:00,63.58,63.66,87.17,87.40,59.73
16102,2018-09-27 4:30:00,63.50,63.58,87.70,87.43,59.83
16103,2018-09-27 4:40:00,63.35,63.50,87.59,87.65,59.64
16104,2018-09-27 4:50:00,63.27,63.42,88.12,87.79,59.73
16105,2018-09-27 5:00:00,63.35,63.35,88.01,88.15,59.77
16106,2018-09-27 5:10:00,63.19,63.35,87.98,88.09,59.61
16107,2018-09-27 5:20:00,62.96,63.11,88.81,88.18,59.65
16108,2018-09-27 5:30:00,62.88,62.88,88.37,88.34,59.43
16109,2018-09-27 5:40:00,62.81,62.81,88.37,88.68,59.35
16110,2018-09-27 5:50:00,62.81,62.81,88.48,88.43,59.39
16111,2018-09-27 6:00:00,62.81,62.73,88.81,88.59,59.49
16112,2018-09-27 6:10:00,62.73,62.73,89.23,88.84,59.55
16113,2018-09-27 6:20:00,62.50,62.73,89.62,89.09,59.44
16114,2018-09-27 6:30:00,62.19,62.42,90.42,89.89,59.38
16115,2018-09-27 6:40:00,62.11,62.27,90.09,90.06,59.21
16116,2018-09-27 6:50:00,62.03,62.11,89.67,90.17,59.00
16117,2018-09-27 7:00:00,62.27,62.11,89.15,89.53,59.06
16118,2018-09-27 7:10:00,62.42,62.27,89.62,89.34,59.36
16119,2018-09-27 7:20:00,62.57,62.50,89.31,89.48,59.42
16120,2018-09-27 7:30:00,62.57,62.57,88.87,89.20,59.28
16121,2018-09-27 7:40:00,62.50,62.57,89.28,88.84,59.34
16122,2018-09-27 7:50:00,62.50,62.50,88.87,89.17,59.21
16123,2018-09-27 8:00:00,62.50,62.42,88.43,88.84,59.07
16124,2018-09-27 8:10:00,62.50,62.50,88.87,88.76,59.21
16125,2018-09-27 8:20:00,62.73,62.50,88.37,88.81,59.28
16126,2018-09-27 8:30:00,62.96,62.81,89.37,88.48,59.82
16127,2018-09-27 8:40:00,63.27,63.04,88.01,88.32,59.69
16128,2018-09-27 8:50:00,63.50,63.27,87.59,87.79,59.79
16129,2018-09-27 9:00:00,63.42,63.42,87.26,87.34,59.61
16130,2018-09-27 9:10:00,64.04,63.58,87.79,87.43,60.38
16131,2018-09-27 9:20:00,64.43,64.12,87.29,86.48,60.60
16132,2018-09-27 9:30:00,65.51,64.35,85.78,86.31,61.17
16133,2018-09-27 9:40:00,65.82,65.59,84.85,84.82,61.17
16134,2018-09-27 9:50:00,66.59,65.89,84.17,84.93,61.70
16135,2018-09-27 10:00:00,66.51,66.59,83.69,83.16,61.46
16136,2018-09-27 10:10:00,67.21,66.59,81.13,82.59,61.27
16137,2018-09-27 10:20:00,69.14,67.83,81.68,80.85,63.34
16138,2018-09-27 10:30:00,70.84,69.52,76.06,78.35,62.96
16139,2018-09-27 10:40:00,72.15,71.07,73.78,75.65,63.36
16140,2018-09-27 10:50:00,73.31,72.15,72.60,75.09,64.01
16141,2018-09-27 11:00:00,74.47,73.62,72.75,73.75,65.19
16142,2018-09-27 11:10:00,75.39,74.62,68.92,72.19,64.52
16143,2018-09-27 11:20:00,74.93,75.47,72.63,70.58,65.59
16144,2018-09-27 11:30:00,75.55,74.93,70.05,71.42,65.14
16145,2018-09-27 11:40:00,76.47,75.62,68.14,71.09,65.23
16146,2018-09-27 11:50:00,76.09,76.47,68.17,68.89,64.87
16147,2018-09-27 12:00:00,75.70,76.01,69.06,69.45,64.88
16148,2018-09-27 12:10:00,76.40,75.78,71.06,71.12,66.36
16149,2018-09-27 12:20:00,76.71,76.47,69.66,70.47,66.09
16150,2018-09-27 12:30:00,76.86,76.71,71.48,70.11,66.98
16151,2018-09-27 12:40:00,77.56,76.94,69.60,70.08,66.87
16152,2018-09-27 12:50:00,77.25,77.56,70.05,68.56,66.76
16153,2018-09-27 13:00:00,76.63,77.32,69.48,68.41,65.94
16154,2018-09-27 13:10:00,76.55,76.55,70.64,69.69,66.34
16155,2018-09-27 13:20:00,76.40,76.63,66.63,68.50,64.51
16156,2018-09-27 13:30:00,75.47,76.17,70.82,68.71,65.38
16157,2018-09-27 13:40:00,75.16,75.39,71.77,69.51,65.47
16158,2018-09-27 13:50:00,74.85,75.32,71.39,70.35,65.01
16159,2018-09-27 14:00:00,74.16,74.85,71.27,70.26,64.30
16160,2018-09-27 14:10:00,74.70,74.16,71.39,70.76,64.87
16161,2018-09-27 14:20:00,75.78,75.01,67.54,70.61,64.31
16162,2018-09-27 14:30:00,75.39,75.78,68.50,68.11,64.35
16163,2018-09-27 14:40:00,76.40,75.47,70.14,69.45,65.99
16164,2018-09-27 14:50:00,75.78,76.47,67.54,66.30,64.31
16165,2018-09-27 15:00:00,75.93,75.78,67.24,67.27,64.33
16166,2018-09-27 15:10:00,76.24,75.93,68.08,68.08,64.98
16167,2018-09-27 15:20:00,76.32,76.40,64.61,67.36,63.56
16168,2018-09-27 15:30:00,75.93,76.24,68.14,67.45,64.71
16169,2018-09-27 15:40:00,75.86,76.01,65.79,67.63,63.63
16170,2018-09-27 15:50:00,75.55,75.78,67.18,67.60,63.94
16171,2018-09-27 16:00:00,75.24,75.55,69.01,67.93,64.41
16172,2018-09-27 16:10:00,74.16,75.24,69.33,68.11,63.51
16173,2018-09-27 16:20:00,73.46,74.08,68.92,69.18,62.68
16174,2018-09-27 16:30:00,72.38,73.31,70.47,70.23,62.27
16175,2018-09-27 16:40:00,71.76,72.46,72.39,71.30,62.45
16176,2018-09-27 16:50:00,71.22,71.84,72.39,72.51,61.93
16177,2018-09-27 17:00:00,70.37,71.07,74.63,73.57,61.97
16178,2018-09-27 17:10:00,69.99,70.30,73.72,74.77,61.25
16179,2018-09-27 17:20:00,69.83,69.99,75.42,75.12,61.75
16180,2018-09-27 17:30:00,69.22,69.76,75.47,75.68,61.17
16181,2018-09-27 17:40:00,68.91,69.29,77.10,76.61,61.48
16182,2018-09-27 17:50:00,68.37,68.83,77.54,77.05,61.11
16183,2018-09-27 18:00:00,67.90,68.44,78.35,78.15,60.95
16184,2018-09-27 18:10:00,67.44,67.90,79.76,79.13,61.01
16185,2018-09-27 18:20:00,66.98,67.44,81.53,80.33,61.18
16186,2018-09-27 18:30:00,66.59,66.98,82.27,81.56,61.06
16187,2018-09-27 18:40:00,66.20,66.59,82.25,82.25,60.67
16188,2018-09-27 18:50:00,65.89,66.20,83.21,82.73,60.70
16189,2018-09-27 19:00:00,65.51,65.82,83.61,83.27,60.45
16190,2018-09-27 19:10:00,65.12,65.35,84.29,83.83,60.30
16191,2018-09-27 19:20:00,64.74,65.05,84.71,84.37,60.06
16192,2018-09-27 19:30:00,64.35,64.66,84.77,84.54,59.70
16193,2018-09-27 19:40:00,64.04,64.35,84.17,84.51,59.20
16194,2018-09-27 19:50:00,63.66,64.04,84.23,84.14,58.84
16195,2018-09-27 20:00:00,63.27,63.58,85.41,84.60,58.85
16196,2018-09-27 20:10:00,62.88,63.27,85.47,85.33,58.49
16197,2018-09-27 20:20:00,62.65,62.96,85.75,85.78,58.36
16198,2018-09-27 20:30:00,62.50,62.57,86.70,86.03,58.51
16199,2018-09-27 20:40:00,62.65,62.42,87.93,87.48,59.06
16200,2018-09-27 20:50:00,62.88,62.65,88.48,88.15,59.46
16201,2018-09-27 21:00:00,63.35,63.04,88.98,88.65,60.08
16202,2018-09-27 21:10:00,63.66,63.35,87.73,88.43,59.99
16203,2018-09-27 21:20:00,63.96,63.66,87.76,87.79,60.30
16204,2018-09-27 21:30:00,64.12,63.89,87.26,87.76,60.29
16205,2018-09-27 21:40:00,64.20,64.12,88.23,87.79,60.68
16206,2018-09-27 21:50:00,64.20,64.12,87.26,87.79,60.37
16207,2018-09-27 22:00:00,64.12,64.12,87.37,87.59,60.33
16208,2018-09-27 22:10:00,64.20,64.12,87.70,87.90,60.51
16209,2018-09-27 22:20:00,64.20,64.20,87.79,87.95,60.54
16210,2018-09-27 22:30:00,64.04,64.12,87.79,87.95,60.38
16211,2018-09-27 22:40:00,64.12,64.12,88.23,88.04,60.60
16212,2018-09-27 22:50:00,63.89,64.12,88.09,87.65,60.33
16213,2018-09-27 23:00:00,63.89,63.89,88.20,88.26,60.37
16214,2018-09-27 23:10:00,64.04,63.96,88.65,88.23,60.66
16215,2018-09-27 23:20:00,64.12,64.04,88.54,88.51,60.70
16216,2018-09-27 23:30:00,64.12,64.12,87.37,88.32,60.33
16217,2018-09-27 23:40:00,63.89,64.04,88.20,87.87,60.37
16218,2018-09-27 23:50:00,63.81,63.89,89.04,88.51,60.55
16219,2018-09-28 0:00:00,63.81,63.81,89.04,89.09,60.55
16220,2018-09-28 0:10:00,63.58,63.73,88.04,88.40,60.01
16221,2018-09-28 0:20:00,63.19,63.50,88.95,88.37,59.92
16222,2018-09-28 0:30:00,63.35,63.27,88.98,88.87,60.08
16223,2018-09-28 0:40:00,63.42,63.35,88.01,88.62,59.85
16224,2018-09-28 0:50:00,63.50,63.50,88.57,88.20,60.10
16225,2018-09-28 1:00:00,63.66,63.58,89.04,88.59,60.40
16226,2018-09-28 1:10:00,63.66,63.66,88.48,88.65,60.23
16227,2018-09-28 1:20:00,63.50,63.66,88.45,87.98,60.06
16228,2018-09-28 1:30:00,63.50,63.50,88.57,88.37,60.10
16229,2018-09-28 1:40:00,63.58,63.50,88.48,88.51,60.15
16230,2018-09-28 1:50:00,63.42,63.58,88.98,88.65,60.16
16231,2018-09-28 2:00:00,63.35,63.42,89.31,88.98,60.18
16232,2018-09-28 2:10:00,63.50,63.35,89.01,89.06,60.24
16233,2018-09-28 2:20:00,63.35,63.35,89.31,89.42,60.18
16234,2018-09-28 2:30:00,63.19,63.27,89.70,89.73,60.15
16235,2018-09-28 2:40:00,63.35,63.27,89.31,89.53,60.18
16236,2018-09-28 2:50:00,63.27,63.42,88.98,89.26,60.00
16237,2018-09-28 3:00:00,63.35,63.35,89.31,89.09,60.18
16238,2018-09-28 3:10:00,63.19,63.27,89.28,89.37,60.02
16239,2018-09-28 3:20:00,62.88,63.19,89.67,89.70,59.84
16240,2018-09-28 3:30:00,63.11,62.88,90.14,90.22,60.21
16241,2018-09-28 3:40:00,63.11,63.11,89.37,89.89,59.97
16242,2018-09-28 3:50:00,62.81,63.19,90.20,89.37,59.93
16243,2018-09-28 4:00:00,62.81,62.73,90.94,90.33,60.16
16244,2018-09-28 4:10:00,62.96,62.81,90.97,90.55,60.32
16245,2018-09-28 4:20:00,63.04,62.96,90.22,90.47,60.16
16246,2018-09-28 4:30:00,63.11,63.11,89.81,90.17,60.11
16247,2018-09-28 4:40:00,63.04,63.11,90.22,89.84,60.16
16248,2018-09-28 4:50:00,63.04,62.96,90.22,90.20,60.16
16249,2018-09-28 5:00:00,62.96,63.04,90.11,90.14,60.05
16250,2018-09-28 5:10:00,62.96,62.96,89.78,90.11,59.95
16251,2018-09-28 5:20:00,63.04,63.04,90.11,90.03,60.13
16252,2018-09-28 5:30:00,62.88,63.04,89.67,89.84,59.84
16253,2018-09-28 5:40:00,62.81,62.88,89.75,89.70,59.79
16254,2018-09-28 5:50:00,62.88,62.81,90.53,90.14,60.11
16255,2018-09-28 6:00:00,62.73,62.88,90.09,90.17,59.82
16256,2018-09-28 6:10:00,62.73,62.73,90.09,90.06,59.82
16257,2018-09-28 6:20:00,62.65,62.81,90.50,89.97,59.87
16258,2018-09-28 6:30:00,62.57,62.65,90.17,90.22,59.69
16259,2018-09-28 6:40:00,62.65,62.73,90.61,90.53,59.90
16260,2018-09-28 6:50:00,62.81,62.73,90.20,90.33,59.93
16261,2018-09-28 7:00:00,62.81,62.73,90.09,89.95,59.89
16262,2018-09-28 7:10:00,62.88,62.73,90.09,90.09,59.97
16263,2018-09-28 7:20:00,63.04,62.81,89.81,90.00,60.04
16264,2018-09-28 7:30:00,63.04,62.96,89.37,89.84,59.90
16265,2018-09-28 7:40:00,63.04,63.11,90.22,89.67,60.16
16266,2018-09-28 7:50:00,63.19,62.96,89.81,89.97,60.19
16267,2018-09-28 8:00:00,63.35,63.19,89.73,89.92,60.31
16268,2018-09-28 8:10:00,63.66,63.35,89.34,89.78,60.50
16269,2018-09-28 8:20:00,63.89,63.66,89.48,89.51,60.77
16270,2018-09-28 8:30:00,63.81,63.89,89.37,89.01,60.66
16271,2018-09-28 8:40:00,64.12,63.81,89.51,89.53,61.01
16272,2018-09-28 8:50:00,64.43,64.20,88.70,89.23,61.06
16273,2018-09-28 9:00:00,64.66,64.43,88.29,88.87,61.15
16274,2018-09-28 9:10:00,64.81,64.66,88.20,88.37,61.28
16275,2018-09-28 9:20:00,65.05,64.74,88.79,88.54,61.69
16276,2018-09-28 9:30:00,65.43,65.12,87.95,88.76,61.81
16277,2018-09-28 9:40:00,65.20,65.51,88.37,87.37,61.71
16278,2018-09-28 9:50:00,65.43,65.20,86.95,88.04,61.48
16279,2018-09-28 10:00:00,65.59,65.51,87.54,87.51,61.83
16280,2018-09-28 10:10:00,65.82,65.66,86.25,87.54,61.64
16281,2018-09-28 10:20:00,66.20,65.82,85.89,86.76,61.89
16282,2018-09-28 10:30:00,66.74,66.28,86.84,86.64,62.74
16283,2018-09-28 10:40:00,67.21,66.82,85.58,85.89,62.78
16284,2018-09-28 10:50:00,67.59,67.28,83.86,84.68,62.58
16285,2018-09-28 11:00:00,67.67,67.59,84.31,83.78,62.81
16286,2018-09-28 11:10:00,67.90,67.75,83.78,83.89,62.85
16287,2018-09-28 11:20:00,67.83,67.90,82.90,83.21,62.48
16288,2018-09-28 11:30:00,68.67,67.75,83.86,83.98,63.64
16289,2018-09-28 11:40:00,69.52,68.83,82.30,82.42,63.93
16290,2018-09-28 11:50:00,70.61,69.68,78.20,80.62,63.53
16291,2018-09-28 12:00:00,71.30,70.61,77.42,78.70,63.92
16292,2018-09-28 12:10:00,71.92,71.22,77.89,78.09,64.69
16293,2018-09-28 12:20:00,72.92,71.92,79.85,77.71,66.38
16294,2018-09-28 12:30:00,73.31,73.08,77.25,75.36,65.80
16295,2018-09-28 12:40:00,74.39,73.46,73.63,74.83,65.46
16296,2018-09-28 12:50:00,74.93,74.39,72.33,73.48,65.47
16297,2018-09-28 13:00:00,75.70,74.93,73.69,73.10,66.75
16298,2018-09-28 13:10:00,75.70,75.70,72.45,72.45,66.26
16299,2018-09-28 13:20:00,76.32,75.78,71.56,72.45,66.50
16300,2018-09-28 13:30:00,76.17,76.24,70.97,71.74,66.11
16301,2018-09-28 13:40:00,75.70,76.17,71.77,71.68,65.99
16302,2018-09-28 13:50:00,75.55,75.62,71.36,71.98,65.67
16303,2018-09-28 14:00:00,75.39,75.62,72.24,71.48,65.88
16304,2018-09-28 14:10:00,75.86,75.39,71.42,71.65,65.99
16305,2018-09-28 14:20:00,76.01,75.93,71.53,71.36,66.19
16306,2018-09-28 14:30:00,76.71,76.09,70.58,71.27,66.47
16307,2018-09-28 14:40:00,76.86,76.71,70.56,70.05,66.60
16308,2018-09-28 14:50:00,76.71,76.78,69.99,70.23,66.22
16309,2018-09-28 15:00:00,76.01,76.71,72.42,70.58,66.54
16310,2018-09-28 15:10:00,75.62,76.17,72.33,71.48,66.14
16311,2018-09-28 15:20:00,75.39,75.62,72.24,72.04,65.88
16312,2018-09-28 15:30:00,74.78,75.32,73.57,72.45,65.81
16313,2018-09-28 15:40:00,74.08,74.70,74.04,73.19,65.32
16314,2018-09-28 15:50:00,73.23,74.08,75.45,74.33,65.04
16315,2018-09-28 16:00:00,72.15,73.23,76.55,75.65,64.41
16316,2018-09-28 16:10:00,70.91,71.92,78.70,77.48,64.01
16317,2018-09-28 16:20:00,69.76,70.84,80.53,79.50,63.54
16318,2018-09-28 16:30:00,68.91,69.76,81.79,81.05,63.15
16319,2018-09-28 16:40:00,68.29,68.83,83.35,82.70,63.09
16320,2018-09-28 16:50:00,68.29,68.37,83.49,83.58,63.14
16321,2018-09-28 17:00:00,68.13,68.29,84.37,83.83,63.28
16322,2018-09-28 17:10:00,67.98,68.06,84.23,83.98,63.08
16323,2018-09-28 17:20:00,67.67,67.98,84.77,84.37,62.96
16324,2018-09-28 17:30:00,67.59,67.67,85.07,85.22,62.99
16325,2018-09-28 17:40:00,67.28,67.52,85.92,85.24,62.97
16326,2018-09-28 17:50:00,67.28,67.21,86.37,85.80,63.11
16327,2018-09-28 18:00:00,67.21,67.28,85.97,86.00,62.91
16328,2018-09-28 18:10:00,67.05,67.13,86.31,85.89,62.87
16329,2018-09-28 18:20:00,66.98,66.98,86.31,86.34,62.79
16330,2018-09-28 18:30:00,66.74,66.98,86.73,86.70,62.70
16331,2018-09-28 18:40:00,66.44,66.82,87.23,86.90,62.56
16332,2018-09-28 18:50:00,66.20,66.44,87.62,87.48,62.46
16333,2018-09-28 19:00:00,65.89,66.13,88.45,88.01,62.43
16334,2018-09-28 19:10:00,65.82,65.82,88.34,88.48,62.31
16335,2018-09-28 19:20:00,65.74,65.82,88.76,88.54,62.37
16336,2018-09-28 19:30:00,65.74,65.66,88.76,88.76,62.37
16337,2018-09-28 19:40:00,65.66,65.66,88.76,88.65,62.30
16338,2018-09-28 19:50:00,65.59,65.59,88.84,88.98,62.25
16339,2018-09-28 20:00:00,65.43,65.51,89.70,89.23,62.37
16340,2018-09-28 20:10:00,65.43,65.51,89.59,89.28,62.33
16341,2018-09-28 20:20:00,65.59,65.43,89.17,89.45,62.35
16342,2018-09-28 20:30:00,65.51,65.59,89.17,89.20,62.28
16343,2018-09-28 20:40:00,65.59,65.43,89.17,89.23,62.35
16344,2018-09-28 20:50:00,65.43,65.43,89.26,89.31,62.23
16345,2018-09-28 21:00:00,65.51,65.43,89.17,89.26,62.28
16346,2018-09-28 21:10:00,65.51,65.51,89.59,89.53,62.41
16347,2018-09-28 21:20:00,65.51,65.43,90.14,89.67,62.58
16348,2018-09-28 21:30:00,65.51,65.51,89.70,89.97,62.44
16349,2018-09-28 21:40:00,65.51,65.51,90.03,89.81,62.55
16350,2018-09-28 21:50:00,65.35,65.43,90.00,89.89,62.39
16351,2018-09-28 22:00:00,65.20,65.28,89.97,90.03,62.22
16352,2018-09-28 22:10:00,65.28,65.20,90.00,90.03,62.31
16353,2018-09-28 22:20:00,65.35,65.28,89.67,89.75,62.28
16354,2018-09-28 22:30:00,65.35,65.35,89.26,89.45,62.15
16355,2018-09-28 22:40:00,65.35,65.35,89.56,89.26,62.25
16356,2018-09-28 22:50:00,65.35,65.35,89.26,89.56,62.15
16357,2018-09-28 23:00:00,65.35,65.35,90.00,89.59,62.39
16358,2018-09-28 23:10:00,65.35,65.35,90.44,89.78,62.52
16359,2018-09-28 23:20:00,65.43,65.35,90.11,89.86,62.50
16360,2018-09-28 23:30:00,65.51,65.43,90.03,89.97,62.55
16361,2018-09-28 23:40:00,65.35,65.51,88.81,89.09,62.01
16362,2018-09-28 23:50:00,65.12,65.35,89.23,89.06,61.91
16363,2018-09-29 0:00:00,65.05,65.12,89.09,89.23,61.79
16364,2018-09-29 0:10:00,65.05,65.12,89.20,89.23,61.83
16365,2018-09-29 0:20:00,64.97,64.97,89.53,89.40,61.86
16366,2018-09-29 0:30:00,65.05,64.97,89.20,89.64,61.83
16367,2018-09-29 0:40:00,64.97,65.05,89.20,89.34,61.75
16368,2018-09-29 0:50:00,64.97,64.97,89.53,89.53,61.86
16369,2018-09-29 1:00:00,65.05,65.05,90.06,89.53,62.10
16370,2018-09-29 1:10:00,65.12,64.97,89.23,89.75,61.91
16371,2018-09-29 1:20:00,65.05,65.05,89.53,89.45,61.93
16372,2018-09-29 1:30:00,65.05,65.12,89.09,89.37,61.79
16373,2018-09-29 1:40:00,64.81,64.97,89.62,89.31,61.73
16374,2018-09-29 1:50:00,64.74,64.74,89.17,89.51,61.51
16375,2018-09-29 2:00:00,64.66,64.74,89.06,89.23,61.40
16376,2018-09-29 2:10:00,64.58,64.66,89.89,89.26,61.59
16377,2018-09-29 2:20:00,64.66,64.50,89.48,89.48,61.53
16378,2018-09-29 2:30:00,64.43,64.58,88.59,89.09,61.02
16379,2018-09-29 2:40:00,64.04,64.35,88.09,88.48,60.48
16380,2018-09-29 2:50:00,63.89,64.04,89.48,88.59,60.77
16381,2018-09-29 3:00:00,63.73,63.89,89.78,89.34,60.71
16382,2018-09-29 3:10:00,63.42,63.58,89.75,89.51,60.40
16383,2018-09-29 3:20:00,63.58,63.58,90.72,90.11,60.85
16384,2018-09-29 3:30:00,63.58,63.50,90.61,90.69,60.82
16385,2018-09-29 3:40:00,63.66,63.58,90.31,90.64,60.80
16386,2018-09-29 3:50:00,63.66,63.66,89.89,89.95,60.67
16387,2018-09-29 4:00:00,63.19,63.58,87.98,88.98,59.61
16388,2018-09-29 4:10:00,62.65,63.19,89.20,88.34,59.46
16389,2018-09-29 4:20:00,62.34,62.57,89.17,89.37,59.15
16390,2018-09-29 4:30:00,62.11,62.27,89.26,89.34,58.95
16391,2018-09-29 4:40:00,61.88,62.11,90.06,89.59,58.97
16392,2018-09-29 4:50:00,61.96,61.96,91.24,90.69,59.41
16393,2018-09-29 5:00:00,62.03,62.03,90.94,90.99,59.39
16394,2018-09-29 5:10:00,62.34,62.11,91.29,91.49,59.81
16395,2018-09-29 5:20:00,62.57,62.27,91.32,91.21,60.05
16396,2018-09-29 5:30:00,62.81,62.57,91.90,91.43,60.45
16397,2018-09-29 5:40:00,62.96,62.81,91.07,91.70,60.35
16398,2018-09-29 5:50:00,63.11,62.96,90.22,91.16,60.24
16399,2018-09-29 6:00:00,63.19,63.04,90.14,90.72,60.29
16400,2018-09-29 6:10:00,63.35,63.27,90.28,90.31,60.49
16401,2018-09-29 6:20:00,63.42,63.35,91.13,90.64,60.83
16402,2018-09-29 6:30:00,63.50,63.42,91.46,91.07,61.01
16403,2018-09-29 6:40:00,63.58,63.58,90.61,91.02,60.82
16404,2018-09-29 6:50:00,63.66,63.66,90.64,90.86,60.90
16405,2018-09-29 7:00:00,63.73,63.73,91.60,91.10,61.28
16406,2018-09-29 7:10:00,63.89,63.81,91.07,91.18,61.27
16407,2018-09-29 7:20:00,64.12,64.04,90.36,90.88,61.28
16408,2018-09-29 7:30:00,64.35,64.04,90.72,90.69,61.62
16409,2018-09-29 7:40:00,64.58,64.27,91.62,90.72,62.13
16410,2018-09-29 7:50:00,64.81,64.58,89.62,90.64,61.73
16411,2018-09-29 8:00:00,65.12,64.74,89.97,90.17,62.15
16412,2018-09-29 8:10:00,65.51,65.12,88.84,89.95,62.17
16413,2018-09-29 8:20:00,65.89,65.59,89.31,88.87,62.70
16414,2018-09-29 8:30:00,66.20,66.05,85.78,87.43,61.86
16415,2018-09-29 8:40:00,66.36,66.20,86.78,86.34,62.34
16416,2018-09-29 8:50:00,66.59,66.36,85.47,85.83,62.13
16417,2018-09-29 9:00:00,66.98,66.59,87.26,85.50,63.10
16418,2018-09-29 9:10:00,67.36,66.98,82.93,85.13,62.04
16419,2018-09-29 9:20:00,67.75,67.44,83.41,83.66,62.58
16420,2018-09-29 9:30:00,68.06,67.83,81.68,82.59,62.28
16421,2018-09-29 9:40:00,68.52,68.06,79.33,79.76,61.91
16422,2018-09-29 9:50:00,68.91,68.52,78.58,78.12,62.01
16423,2018-09-29 10:00:00,69.22,68.98,75.77,76.44,61.28
16424,2018-09-29 10:10:00,71.53,70.06,71.89,77.05,62.03
16425,2018-09-29 10:20:00,72.07,71.45,70.08,71.89,61.82
16426,2018-09-29 10:30:00,73.23,72.15,68.35,70.11,62.22
16427,2018-09-29 10:40:00,73.39,73.15,67.90,68.41,62.18
16428,2018-09-29 10:50:00,73.77,73.46,67.93,68.74,62.56
16429,2018-09-29 11:00:00,73.54,73.85,68.83,67.51,62.71
16430,2018-09-29 11:10:00,73.31,73.62,69.30,67.12,62.69
16431,2018-09-29 11:20:00,74.23,73.31,67.84,68.98,62.96
16432,2018-09-29 11:30:00,74.39,74.31,65.40,66.94,62.07
16433,2018-09-29 11:40:00,74.47,74.39,65.18,66.45,62.05
16434,2018-09-29 11:50:00,74.85,74.54,65.70,65.94,62.64
16435,2018-09-29 12:00:00,75.55,74.85,67.15,66.42,63.92
16436,2018-09-29 12:10:00,75.93,75.70,65.30,65.55,63.50
16437,2018-09-29 12:20:00,76.55,76.01,65.12,65.76,64.00
16438,2018-09-29 12:30:00,76.63,76.71,63.66,64.36,63.43
16439,2018-09-29 12:40:00,75.39,76.47,62.35,63.30,61.67
16440,2018-09-29 12:50:00,75.01,75.24,67.06,64.76,63.37
16441,2018-09-29 13:00:00,75.32,75.16,64.03,65.30,62.35
16442,2018-09-29 13:10:00,75.86,75.39,62.63,65.37,62.23
16443,2018-09-29 13:20:00,75.24,75.70,64.27,63.97,62.38
16444,2018-09-29 13:30:00,75.24,75.24,65.00,64.55,62.70
16445,2018-09-29 13:40:00,75.16,75.24,62.32,64.58,61.44
16446,2018-09-29 13:50:00,75.78,75.01,64.82,65.55,63.14
16447,2018-09-29 14:00:00,75.16,75.78,65.49,63.94,62.84
16448,2018-09-29 14:10:00,75.24,75.16,65.97,65.85,63.12
16449,2018-09-29 14:20:00,75.01,75.39,64.24,65.09,62.15
16450,2018-09-29 14:30:00,75.16,75.01,65.73,65.82,62.95
16451,2018-09-29 14:40:00,74.85,75.08,66.18,65.43,62.85
16452,2018-09-29 14:50:00,75.39,74.93,63.33,66.12,62.11
16453,2018-09-29 15:00:00,75.47,75.32,66.00,65.82,63.36
16454,2018-09-29 15:10:00,75.32,75.55,63.79,65.15,62.24
16455,2018-09-29 15:20:00,75.01,75.32,65.46,65.67,62.68
16456,2018-09-29 15:30:00,74.85,75.08,64.97,66.03,62.32
16457,2018-09-29 15:40:00,74.85,74.93,65.94,66.03,62.74
16458,2018-09-29 15:50:00,74.23,74.85,65.40,65.73,61.92
16459,2018-09-29 16:00:00,74.16,74.16,69.75,67.00,63.68
16460,2018-09-29 16:10:00,74.23,74.23,67.36,66.84,62.76
16461,2018-09-29 16:20:00,73.93,74.23,67.81,67.00,62.66
16462,2018-09-29 16:30:00,73.85,74.00,66.54,67.45,62.05
16463,2018-09-29 16:40:00,73.69,73.69,67.03,67.42,62.11
16464,2018-09-29 16:50:00,73.39,73.62,68.29,67.69,62.34
16465,2018-09-29 17:00:00,73.15,73.39,69.21,68.08,62.50
16466,2018-09-29 17:10:00,72.46,73.08,70.11,68.74,62.20
16467,2018-09-29 17:20:00,72.00,72.46,69.15,69.75,61.37
16468,2018-09-29 17:30:00,71.45,72.00,69.57,69.51,61.02
16469,2018-09-29 17:40:00,70.99,71.45,71.89,71.00,61.51
16470,2018-09-29 17:50:00,70.68,70.99,71.74,71.45,61.15
16471,2018-09-29 18:00:00,70.14,70.61,71.39,71.59,60.49
16472,2018-09-29 18:10:00,69.60,70.14,72.19,72.30,60.29
16473,2018-09-29 18:20:00,69.14,69.60,74.95,73.66,60.90
16474,2018-09-29 18:30:00,68.37,68.98,74.45,74.95,59.97
16475,2018-09-29 18:40:00,67.83,68.44,75.18,74.48,59.72
16476,2018-09-29 18:50:00,67.13,67.83,77.34,76.17,59.84
16477,2018-09-29 19:00:00,66.36,67.05,79.65,78.35,59.91
16478,2018-09-29 19:10:00,65.89,66.44,79.96,79.44,59.57
16479,2018-09-29 19:20:00,65.43,65.89,80.79,80.56,59.41
16480,2018-09-29 19:30:00,64.97,65.43,82.08,81.22,59.40
16481,2018-09-29 19:40:00,64.66,64.89,81.62,81.71,58.95
16482,2018-09-29 19:50:00,64.04,64.66,81.53,81.79,58.31
16483,2018-09-29 20:00:00,63.66,64.04,83.24,82.56,58.51
16484,2018-09-29 20:10:00,63.19,63.58,83.61,83.07,58.18
16485,2018-09-29 20:20:00,62.88,63.11,83.72,83.83,57.92
16486,2018-09-29 20:30:00,62.57,62.81,84.43,83.95,57.85
16487,2018-09-29 20:40:00,62.34,62.65,84.06,84.23,57.50
16488,2018-09-29 20:50:00,61.96,62.34,83.92,84.26,57.08
16489,2018-09-29 21:00:00,61.72,61.96,84.74,84.31,57.12
16490,2018-09-29 21:10:00,61.49,61.65,85.72,85.10,57.21
16491,2018-09-29 21:20:00,61.42,61.49,85.61,85.10,57.10
16492,2018-09-29 21:30:00,61.34,61.49,84.82,85.33,56.77
16493,2018-09-29 21:40:00,61.18,61.34,84.79,85.07,56.61
16494,2018-09-29 21:50:00,60.88,61.18,85.64,84.91,56.58
16495,2018-09-29 22:00:00,60.64,60.88,85.61,85.41,56.34
16496,2018-09-29 22:10:00,60.49,60.57,85.13,85.80,56.03
16497,2018-09-29 22:20:00,60.18,60.41,86.31,85.55,56.11
16498,2018-09-29 22:30:00,60.03,60.18,86.25,86.42,55.94
16499,2018-09-29 22:40:00,59.79,60.03,85.92,85.97,55.60
16500,2018-09-29 22:50:00,59.49,59.87,85.75,85.86,55.25
16501,2018-09-29 23:00:00,59.25,59.49,86.25,85.80,55.18
16502,2018-09-29 23:10:00,59.33,59.33,86.28,86.31,55.26
16503,2018-09-29 23:20:00,58.95,59.25,86.25,86.14,54.88
16504,2018-09-29 23:30:00,58.95,59.02,86.67,86.70,55.01
16505,2018-09-29 23:40:00,58.87,58.95,86.56,86.81,54.90
16506,2018-09-29 23:50:00,58.71,58.79,86.64,86.76,54.77
16507,2018-09-30 0:00:00,58.40,58.71,86.50,86.73,54.42
16508,2018-09-30 0:10:00,58.17,58.40,88.18,86.90,54.72
16509,2018-09-30 0:20:00,58.25,58.25,88.62,88.23,54.94
16510,2018-09-30 0:30:00,58.02,58.33,86.98,87.84,54.19
16511,2018-09-30 0:40:00,57.71,58.17,86.95,87.06,53.88
16512,2018-09-30 0:50:00,57.40,57.63,86.78,87.29,53.52
16513,2018-09-30 1:00:00,57.09,57.32,87.17,87.26,53.34
16514,2018-09-30 1:10:00,56.71,57.09,87.57,87.54,53.08
16515,2018-09-30 1:20:00,56.71,56.78,88.09,87.65,53.25
16516,2018-09-30 1:30:00,56.63,56.71,87.65,88.18,53.03
16517,2018-09-30 1:40:00,56.63,56.71,87.54,87.98,53.00
16518,2018-09-30 1:50:00,56.32,56.63,87.51,87.57,52.69
16519,2018-09-30 2:00:00,56.09,56.32,88.01,87.73,52.61
16520,2018-09-30 2:10:00,56.01,56.01,88.32,87.95,52.63
16521,2018-09-30 2:20:00,56.17,56.01,89.62,89.09,53.18
16522,2018-09-30 2:30:00,56.55,56.24,90.61,89.92,53.87
16523,2018-09-30 2:40:00,56.32,56.63,87.93,88.98,52.82
16524,2018-09-30 2:50:00,55.93,56.32,87.87,87.95,52.42
16525,2018-09-30 3:00:00,55.70,55.86,87.84,88.68,52.18
16526,2018-09-30 3:10:00,55.39,55.78,87.93,88.01,51.90
16527,2018-09-30 3:20:00,55.24,55.47,88.62,88.09,51.96
16528,2018-09-30 3:30:00,55.01,55.24,89.12,88.59,51.89
16529,2018-09-30 3:40:00,54.93,55.01,89.01,89.09,51.78
16530,2018-09-30 3:50:00,54.93,54.85,89.53,89.45,51.94
16531,2018-09-30 4:00:00,54.93,55.01,89.53,89.51,51.94
16532,2018-09-30 4:10:00,54.47,54.85,88.54,88.87,51.18
16533,2018-09-30 4:20:00,54.23,54.39,88.93,88.54,51.07
16534,2018-09-30 4:30:00,54.08,54.23,88.48,89.06,50.78
16535,2018-09-30 4:40:00,53.93,54.08,89.40,88.84,50.90
16536,2018-09-30 4:50:00,53.69,53.93,88.84,89.12,50.51
16537,2018-09-30 5:00:00,53.69,53.77,90.64,89.20,51.05
16538,2018-09-30 5:10:00,53.62,53.69,89.37,89.62,50.59
16539,2018-09-30 5:20:00,53.54,53.54,89.67,89.34,50.60
16540,2018-09-30 5:30:00,53.39,53.46,89.23,89.34,50.32
16541,2018-09-30 5:40:00,53.08,53.39,89.28,89.01,50.03
16542,2018-09-30 5:50:00,52.77,53.08,89.97,89.37,49.93
16543,2018-09-30 6:00:00,52.69,52.84,89.97,89.92,49.86
16544,2018-09-30 6:10:00,52.84,52.77,90.09,89.75,50.04
16545,2018-09-30 6:20:00,52.77,52.77,90.09,89.67,49.97
16546,2018-09-30 6:30:00,52.84,52.84,88.73,89.26,49.63
16547,2018-09-30 6:40:00,52.54,52.77,89.53,88.98,49.57
16548,2018-09-30 6:50:00,52.30,52.54,89.17,89.28,49.23
16549,2018-09-30 7:00:00,52.23,52.30,89.48,89.64,49.25
16550,2018-09-30 7:10:00,52.00,52.23,89.97,89.64,49.17
16551,2018-09-30 7:20:00,52.15,52.00,90.31,90.39,49.42
16552,2018-09-30 7:30:00,52.46,52.23,90.77,90.44,49.86
16553,2018-09-30 7:40:00,53.15,52.46,92.11,91.60,50.95
16554,2018-09-30 7:50:00,54.23,53.31,93.15,92.31,52.32
16555,2018-09-30 8:00:00,55.55,54.31,93.72,93.40,53.79
16556,2018-09-30 8:10:00,57.01,55.70,93.56,93.56,55.20
16557,2018-09-30 8:20:00,58.48,57.17,92.03,92.88,56.21
16558,2018-09-30 8:30:00,59.72,58.56,90.94,91.57,57.10
16559,2018-09-30 8:40:00,61.11,59.87,88.68,89.86,57.77
16560,2018-09-30 8:50:00,62.42,61.18,87.57,88.43,58.72
16561,2018-09-30 9:00:00,63.81,62.50,86.34,87.37,59.69
16562,2018-09-30 9:10:00,65.12,63.89,84.43,85.80,60.35
16563,2018-09-30 9:20:00,66.36,65.20,80.13,83.38,60.09
16564,2018-09-30 9:30:00,67.36,66.44,80.13,80.39,61.06
16565,2018-09-30 9:40:00,68.75,67.59,74.77,78.58,60.46
16566,2018-09-30 9:50:00,69.06,68.83,73.01,74.13,60.09
16567,2018-09-30 10:00:00,69.68,69.06,73.95,73.51,61.04
16568,2018-09-30 10:10:00,70.91,69.83,71.30,73.75,61.20
16569,2018-09-30 10:20:00,71.92,70.84,70.02,72.13,61.65
16570,2018-09-30 10:30:00,72.84,71.92,71.00,70.61,62.93
16571,2018-09-30 10:40:00,73.85,72.92,65.12,68.92,61.44
16572,2018-09-30 10:50:00,74.47,73.93,67.90,66.87,63.21
16573,2018-09-30 11:00:00,75.32,74.62,65.97,66.54,63.20
16574,2018-09-30 11:10:00,76.09,75.39,66.30,65.91,64.08
16575,2018-09-30 11:20:00,76.47,76.09,64.39,65.12,63.61
16576,2018-09-30 11:30:00,76.94,76.47,61.49,63.09,62.73
16577,2018-09-30 11:40:00,77.40,76.86,58.60,62.87,61.79
16578,2018-09-30 11:50:00,77.94,77.40,65.73,62.32,65.59
16579,2018-09-30 12:00:00,78.33,78.10,62.84,63.54,64.66
16580,2018-09-30 12:10:00,78.33,78.25,61.37,63.76,63.98
16581,2018-09-30 12:20:00,78.48,78.40,64.58,63.42,65.59
16582,2018-09-30 12:30:00,78.25,78.48,63.82,63.45,65.03
16583,2018-09-30 12:40:00,78.17,78.25,62.60,63.66,64.40
16584,2018-09-30 12:50:00,77.79,78.17,60.36,62.81,63.00
16585,2018-09-30 13:00:00,77.01,77.71,63.73,62.23,63.82
16586,2018-09-30 13:10:00,76.86,76.94,63.70,63.36,63.66
16587,2018-09-30 13:20:00,76.40,76.86,64.88,62.69,63.75
16588,2018-09-30 13:30:00,76.94,76.40,65.40,64.24,64.49
16589,2018-09-30 13:40:00,76.47,77.01,64.88,63.02,63.82
16590,2018-09-30 13:50:00,76.78,76.40,62.23,63.48,62.92
16591,2018-09-30 14:00:00,76.94,76.78,62.72,63.30,63.29
16592,2018-09-30 14:10:00,76.24,76.86,63.88,62.14,63.16
16593,2018-09-30 14:20:00,76.78,76.32,61.25,63.63,62.47
16594,2018-09-30 14:30:00,76.71,76.78,64.67,63.18,63.95
16595,2018-09-30 14:40:00,76.32,76.71,64.12,63.63,63.34
16596,2018-09-30 14:50:00,76.01,76.40,63.85,63.70,62.93
16597,2018-09-30 15:00:00,75.86,75.93,64.82,64.55,63.21
16598,2018-09-30 15:10:00,75.70,75.86,66.24,64.97,63.68
16599,2018-09-30 15:20:00,75.70,75.62,65.52,65.40,63.37
16600,2018-09-30 15:30:00,75.16,75.62,65.73,65.15,62.95
16601,2018-09-30 15:40:00,74.62,75.08,67.51,66.03,63.19
16602,2018-09-30 15:50:00,73.85,74.54,67.96,66.75,62.65
16603,2018-09-30 16:00:00,74.31,73.93,67.54,68.38,62.91
16604,2018-09-30 16:10:00,74.62,74.23,68.56,67.48,63.63
16605,2018-09-30 16:20:00,74.78,74.70,66.15,66.51,62.76
16606,2018-09-30 16:30:00,74.78,74.85,61.80,64.12,60.83
16607,2018-09-30 16:40:00,74.85,74.70,66.57,65.00,63.02
16608,2018-09-30 16:50:00,74.85,74.93,64.49,64.39,62.11
16609,2018-09-30 17:00:00,74.62,74.85,65.18,64.91,62.20
16610,2018-09-30 17:10:00,74.31,74.62,66.51,66.45,62.48
16611,2018-09-30 17:20:00,74.00,74.31,68.35,67.75,62.96
16612,2018-09-30 17:30:00,73.46,73.93,70.14,69.33,63.18
16613,2018-09-30 17:40:00,72.92,73.46,72.98,71.86,63.79
16614,2018-09-30 17:50:00,72.07,72.84,72.36,70.64,62.73
16615,2018-09-30 18:00:00,71.45,72.07,73.69,72.86,62.65
16616,2018-09-30 18:10:00,70.68,71.53,73.60,73.04,61.88
16617,2018-09-30 18:20:00,69.68,70.61,74.07,73.63,61.09
16618,2018-09-30 18:30:00,68.91,69.68,75.27,74.95,60.80
16619,2018-09-30 18:40:00,67.90,68.83,78.52,77.08,61.02
16620,2018-09-30 18:50:00,67.21,67.90,79.16,79.10,60.57
16621,2018-09-30 19:00:00,66.51,67.21,80.16,79.56,60.25
16622,2018-09-30 19:10:00,65.89,66.36,79.96,80.42,59.57
16623,2018-09-30 19:20:00,65.35,65.82,81.36,80.82,59.54
16624,2018-09-30 19:30:00,64.81,65.43,81.62,81.31,59.10
16625,2018-09-30 19:40:00,64.43,64.89,82.45,82.08,59.00
16626,2018-09-30 19:50:00,63.89,64.43,82.39,82.73,58.45
16627,2018-09-30 20:00:00,63.50,63.81,83.35,82.81,58.40
16628,2018-09-30 20:10:00,63.19,63.58,83.16,83.58,58.03
16629,2018-09-30 20:20:00,62.88,63.19,84.03,83.69,58.02
16630,2018-09-30 20:30:00,62.73,62.88,83.69,84.14,57.76
16631,2018-09-30 20:40:00,62.65,62.81,84.00,83.86,57.78
16632,2018-09-30 20:50:00,62.50,62.57,84.51,84.48,57.80
16633,2018-09-30 21:00:00,62.34,62.50,84.51,84.68,57.65
16634,2018-09-30 21:10:00,62.03,62.27,86.11,85.50,57.87
16635,2018-09-30 21:20:00,61.96,61.96,86.11,86.03,57.79
16636,2018-09-30 21:30:00,62.03,61.96,86.50,86.48,58.00
16637,2018-09-30 21:40:00,62.19,62.03,86.56,86.64,58.17
16638,2018-09-30 21:50:00,62.11,62.11,86.56,86.76,58.09
16639,2018-09-30 22:00:00,62.11,62.11,87.43,86.92,58.37
16640,2018-09-30 22:10:00,62.19,62.11,88.40,87.59,58.75
16641,2018-09-30 22:20:00,62.50,62.27,88.43,88.48,59.07
16642,2018-09-30 22:30:00,62.96,62.57,88.81,88.40,59.65
16643,2018-09-30 22:40:00,63.50,62.96,89.42,89.06,60.37
16644,2018-09-30 22:50:00,63.66,63.35,88.15,89.23,60.12
16645,2018-09-30 23:00:00,63.73,63.66,87.31,87.65,59.93
16646,2018-09-30 23:10:00,63.73,63.73,87.20,87.29,59.89
16647,2018-09-30 23:20:00,63.73,63.73,87.31,87.29,59.93
16648,2018-09-30 23:30:00,63.66,63.81,86.84,87.15,59.70
16649,2018-09-30 23:40:00,63.27,63.58,86.70,86.87,59.27
16650,2018-09-30 23:50:00,62.73,63.19,87.06,86.90,58.86
16651,2018-10-01 0:00:00,62.50,62.73,87.48,87.26,58.77
16652,2018-10-01 0:10:00,62.27,62.42,87.54,87.93,58.55
16653,2018-10-01 0:20:00,62.03,62.27,88.37,87.84,58.59
16654,2018-10-01 0:30:00,61.96,62.11,88.68,88.20,58.61
16655,2018-10-01 0:40:00,62.03,61.88,88.81,89.12,58.73
16656,2018-10-01 0:50:00,61.96,62.11,89.23,89.06,58.79
16657,2018-10-01 1:00:00,61.80,61.96,88.34,88.62,58.35
16658,2018-10-01 1:10:00,61.80,61.88,88.23,88.09,58.32
16659,2018-10-01 1:20:00,61.49,61.80,87.87,88.01,57.90
16660,2018-10-01 1:30:00,61.26,61.49,88.26,88.07,57.79
16661,2018-10-01 1:40:00,61.03,61.26,88.12,88.29,57.52
16662,2018-10-01 1:50:00,60.80,61.03,88.65,88.23,57.46
16663,2018-10-01 2:00:00,60.57,60.72,88.18,88.43,57.08
16664,2018-10-01 2:10:00,60.26,60.57,88.45,88.37,56.87
16665,2018-10-01 2:20:00,60.10,60.26,88.54,88.59,56.74
16666,2018-10-01 2:30:00,60.03,60.10,88.95,88.65,56.79
16667,2018-10-01 2:40:00,60.03,60.10,88.84,88.81,56.76
16668,2018-10-01 2:50:00,60.26,60.03,90.17,89.53,57.40
16669,2018-10-01 3:00:00,60.64,60.26,89.78,90.31,57.66
16670,2018-10-01 3:10:00,60.64,60.64,89.48,90.00,57.57
16671,2018-10-01 3:20:00,60.57,60.72,88.62,88.93,57.22
16672,2018-10-01 3:30:00,60.41,60.64,89.75,89.04,57.42
16673,2018-10-01 3:40:00,60.41,60.41,89.86,89.59,57.46
16674,2018-10-01 3:50:00,60.34,60.41,89.42,89.09,57.24
16675,2018-10-01 4:00:00,60.41,60.41,89.01,88.95,57.19
16676,2018-10-01 4:10:00,60.26,60.18,89.42,89.48,57.17
16677,2018-10-01 4:20:00,60.26,60.26,89.31,89.56,57.13
16678,2018-10-01 4:30:00,60.41,60.26,89.75,89.53,57.42
16679,2018-10-01 4:40:00,60.34,60.41,89.75,89.59,57.35
16680,2018-10-01 4:50:00,60.26,60.41,89.84,89.78,57.30
16681,2018-10-01 5:00:00,60.34,60.26,89.31,89.78,57.21
16682,2018-10-01 5:10:00,60.26,60.41,88.90,89.12,57.00
16683,2018-10-01 5:20:00,60.18,60.18,88.87,88.98,56.92
16684,2018-10-01 5:30:00,59.72,60.10,88.93,88.95,56.48
16685,2018-10-01 5:40:00,59.41,59.72,89.20,89.06,56.26
16686,2018-10-01 5:50:00,59.33,59.49,89.28,89.48,56.21
16687,2018-10-01 6:00:00,59.18,59.33,89.59,89.37,56.15
16688,2018-10-01 6:10:00,59.18,59.18,89.70,89.40,56.18
16689,2018-10-01 6:20:00,59.10,59.18,89.59,89.84,56.07
16690,2018-10-01 6:30:00,59.18,59.02,89.70,89.78,56.18
16691,2018-10-01 6:40:00,59.18,59.10,90.44,90.14,56.41
16692,2018-10-01 6:50:00,59.25,59.25,90.44,90.83,56.49
16693,2018-10-01 7:00:00,59.18,59.25,90.00,90.39,56.28
16694,2018-10-01 7:10:00,59.18,59.25,90.44,90.36,56.41
16695,2018-10-01 7:20:00,59.18,59.10,90.86,90.58,56.54
16696,2018-10-01 7:30:00,59.64,59.25,91.46,90.97,57.18
16697,2018-10-01 7:40:00,60.34,59.72,89.86,90.55,57.38
16698,2018-10-01 7:50:00,61.26,60.34,87.73,89.45,57.63
16699,2018-10-01 8:00:00,62.34,61.34,85.38,87.06,57.94
16700,2018-10-01 8:10:00,62.73,62.42,88.04,87.57,59.17
16701,2018-10-01 8:20:00,63.35,62.65,89.42,89.31,60.22
16702,2018-10-01 8:30:00,64.43,63.27,88.15,88.32,60.88
16703,2018-10-01 8:40:00,65.51,64.43,85.22,86.31,60.99
16704,2018-10-01 8:50:00,66.67,65.66,80.51,83.01,60.52
16705,2018-10-01 9:00:00,67.59,66.74,73.83,76.15,58.99
16706,2018-10-01 9:10:00,68.37,67.59,72.48,71.89,59.21
16707,2018-10-01 9:20:00,69.45,68.44,72.54,71.59,60.28
16708,2018-10-01 9:30:00,70.37,69.52,72.19,70.70,61.03
16709,2018-10-01 9:40:00,71.38,70.45,67.66,70.02,60.16
16710,2018-10-01 9:50:00,72.38,71.53,61.59,65.21,58.48
16711,2018-10-01 10:00:00,73.23,72.46,62.14,61.62,59.53
16712,2018-10-01 10:10:00,74.23,73.31,63.94,62.54,61.28
16713,2018-10-01 10:20:00,75.39,74.31,61.13,65.00,61.11
16714,2018-10-01 10:30:00,75.86,75.47,64.58,62.90,63.10
16715,2018-10-01 10:40:00,76.63,76.01,61.95,62.63,62.65
16716,2018-10-01 10:50:00,77.63,76.71,62.54,63.18,63.87
16717,2018-10-01 11:00:00,77.94,77.71,60.60,61.80,63.26
16718,2018-10-01 11:10:00,78.02,77.94,60.36,60.91,63.22
16719,2018-10-01 11:20:00,78.25,78.02,59.15,60.66,62.86
16720,2018-10-01 11:30:00,78.17,78.25,58.13,58.72,62.29
16721,2018-10-01 11:40:00,78.71,78.17,55.67,58.04,61.57
16722,2018-10-01 11:50:00,79.33,78.79,57.98,56.73,63.30
16723,2018-10-01 12:00:00,79.72,79.41,56.54,56.20,62.95
16724,2018-10-01 12:10:00,80.10,79.72,55.79,55.76,62.93
16725,2018-10-01 12:20:00,81.11,80.18,56.89,55.89,64.41
16726,2018-10-01 12:30:00,81.65,81.18,53.38,52.97,63.10
16727,2018-10-01 12:40:00,81.88,81.73,47.72,50.78,60.13
16728,2018-10-01 12:50:00,82.50,81.88,50.66,51.13,62.39
16729,2018-10-01 13:00:00,83.04,82.50,48.65,48.49,61.74
16730,2018-10-01 13:10:00,83.35,83.12,44.75,48.04,59.66
16731,2018-10-01 13:20:00,83.58,83.27,48.10,45.66,61.91
16732,2018-10-01 13:30:00,84.04,83.58,42.90,45.59,59.11
16733,2018-10-01 13:40:00,84.04,83.96,43.42,43.42,59.44
16734,2018-10-01 13:50:00,84.97,84.04,47.49,45.72,62.82
16735,2018-10-01 14:00:00,85.59,85.12,44.85,46.11,61.75
16736,2018-10-01 14:10:00,85.05,85.51,39.83,43.78,57.93
16737,2018-10-01 14:20:00,84.43,85.05,39.99,41.66,57.49
16738,2018-10-01 14:30:00,83.89,84.43,46.37,43.52,61.15
16739,2018-10-01 14:40:00,82.96,83.81,44.20,44.23,58.97
16740,2018-10-01 14:50:00,81.65,82.73,50.59,46.50,61.57
16741,2018-10-01 15:00:00,81.26,81.65,54.86,53.00,63.52
16742,2018-10-01 15:10:00,80.03,81.26,56.29,53.98,63.11
16743,2018-10-01 15:20:00,79.95,79.95,57.54,55.64,63.66
16744,2018-10-01 15:30:00,79.64,80.03,52.21,54.29,60.61
16745,2018-10-01 15:40:00,79.25,79.72,58.01,55.07,63.24
16746,2018-10-01 15:50:00,79.25,79.25,56.73,56.51,62.61
16747,2018-10-01 16:00:00,79.72,79.33,52.97,56.33,61.09
16748,2018-10-01 16:10:00,79.64,79.64,52.24,52.94,60.63
16749,2018-10-01 16:20:00,78.71,79.64,50.88,52.68,59.03
16750,2018-10-01 16:30:00,78.02,78.56,53.60,54.16,59.85
16751,2018-10-01 16:40:00,77.71,78.02,50.81,53.82,58.08
16752,2018-10-01 16:50:00,77.32,77.63,60.30,53.72,62.53
16753,2018-10-01 17:00:00,78.10,77.32,52.08,54.73,59.12
16754,2018-10-01 17:10:00,78.33,78.02,57.42,52.05,62.08
16755,2018-10-01 17:20:00,78.33,78.33,56.64,53.82,61.70
16756,2018-10-01 17:30:00,78.17,78.33,53.38,53.82,59.88
16757,2018-10-01 17:40:00,76.47,77.94,57.23,55.26,60.26
16758,2018-10-01 17:50:00,74.47,75.93,56.11,56.76,57.83
16759,2018-10-01 18:00:00,73.85,74.47,55.26,56.23,56.84
16760,2018-10-01 18:10:00,73.46,73.77,58.75,57.23,58.18
16761,2018-10-01 18:20:00,73.00,73.39,62.14,59.83,59.31
16762,2018-10-01 18:30:00,72.46,73.00,63.30,61.98,59.32
16763,2018-10-01 18:40:00,71.84,72.46,60.82,63.15,57.62
16764,2018-10-01 18:50:00,71.22,71.76,64.39,63.05,58.63
16765,2018-10-01 19:00:00,70.84,71.30,64.09,63.79,58.13
16766,2018-10-01 19:10:00,70.68,70.84,65.06,65.03,58.41
16767,2018-10-01 19:20:00,70.30,70.61,66.66,67.30,58.72
16768,2018-10-01 19:30:00,70.22,70.30,67.60,67.72,59.03
16769,2018-10-01 19:40:00,70.06,70.22,65.70,66.27,58.09
16770,2018-10-01 19:50:00,69.68,70.06,66.51,66.72,58.07
16771,2018-10-01 20:00:00,69.29,69.68,66.09,66.48,57.52
16772,2018-10-01 20:10:00,68.75,69.29,67.78,65.52,57.71
16773,2018-10-01 20:20:00,68.06,68.75,71.12,69.33,58.39
16774,2018-10-01 20:30:00,67.36,67.98,73.78,72.33,58.74
16775,2018-10-01 20:40:00,66.98,67.28,74.19,73.60,58.52
16776,2018-10-01 20:50:00,66.98,66.90,73.36,73.92,58.21
16777,2018-10-01 21:00:00,66.98,66.98,74.66,74.19,58.70
16778,2018-10-01 21:10:00,67.21,67.05,74.71,74.63,58.95
16779,2018-10-01 21:20:00,67.36,67.21,76.52,75.80,59.77
16780,2018-10-01 21:30:00,67.52,67.44,77.57,77.19,60.30
16781,2018-10-01 21:40:00,67.52,67.59,79.82,79.04,61.10
16782,2018-10-01 21:50:00,67.44,67.52,81.02,80.31,61.45
16783,2018-10-01 22:00:00,67.13,67.44,81.42,81.16,61.29
16784,2018-10-01 22:10:00,66.90,67.13,81.99,81.39,61.26
16785,2018-10-01 22:20:00,66.67,66.82,82.73,81.96,61.29
16786,2018-10-01 22:30:00,66.28,66.67,83.24,82.96,61.08
16787,2018-10-01 22:40:00,66.13,66.28,84.09,83.64,61.22
16788,2018-10-01 22:50:00,65.97,65.97,84.09,83.83,61.07
16789,2018-10-01 23:00:00,65.82,65.89,84.96,84.57,61.21
16790,2018-10-01 23:10:00,65.74,65.82,84.51,84.79,60.98
16791,2018-10-01 23:20:00,65.59,65.66,85.69,85.27,61.22
16792,2018-10-01 23:30:00,65.51,65.59,85.24,85.44,61.00
16793,2018-10-01 23:40:00,65.35,65.51,84.77,85.07,60.69
16794,2018-10-01 23:50:00,65.20,65.35,84.88,84.88,60.57
16795,2018-10-02 0:00:00,65.05,65.20,85.27,84.82,60.55
16796,2018-10-02 0:10:00,64.66,65.05,85.69,85.30,60.31
16797,2018-10-02 0:20:00,64.20,64.58,85.64,85.52,59.84
16798,2018-10-02 0:30:00,63.89,64.20,86.78,86.11,59.91
16799,2018-10-02 0:40:00,63.73,63.96,87.20,86.70,59.89
16800,2018-10-02 0:50:00,63.73,63.81,87.20,87.20,59.89
16801,2018-10-02 1:00:00,63.89,63.89,88.20,87.43,60.37
16802,2018-10-02 1:10:00,64.04,63.89,88.20,88.23,60.52
16803,2018-10-02 1:20:00,64.12,64.04,87.79,87.87,60.46
16804,2018-10-02 1:30:00,64.12,64.12,87.68,87.87,60.43
16805,2018-10-02 1:40:00,64.12,64.20,87.26,87.48,60.29
16806,2018-10-02 1:50:00,64.04,64.12,86.81,87.17,60.07
16807,2018-10-02 2:00:00,63.73,63.96,86.87,87.06,59.78
16808,2018-10-02 2:10:00,63.50,63.73,86.73,86.81,59.51
16809,2018-10-02 2:20:00,63.50,63.58,87.17,86.90,59.66
16810,2018-10-02 2:30:00,63.27,63.50,87.57,87.01,59.55
16811,2018-10-02 2:40:00,62.96,63.35,87.54,87.37,59.24
16812,2018-10-02 2:50:00,62.81,62.96,87.62,87.31,59.11
16813,2018-10-02 3:00:00,62.81,62.81,87.95,87.90,59.22
16814,2018-10-02 3:10:00,63.04,62.81,88.84,88.51,59.73
16815,2018-10-02 3:20:00,63.19,63.04,89.40,89.09,60.06
16816,2018-10-02 3:30:00,63.50,63.19,89.42,89.42,60.37
16817,2018-10-02 3:40:00,63.81,63.50,88.93,89.17,60.52
16818,2018-10-02 3:50:00,64.04,63.81,89.92,89.37,61.06
16819,2018-10-02 4:00:00,64.20,64.04,89.09,89.70,60.95
16820,2018-10-02 4:10:00,64.43,64.27,89.89,89.31,61.43
16821,2018-10-02 4:20:00,64.50,64.35,89.04,89.56,61.24
16822,2018-10-02 4:30:00,64.66,64.58,89.06,89.20,61.40
16823,2018-10-02 4:40:00,64.66,64.58,89.15,88.81,61.43
16824,2018-10-02 4:50:00,64.50,64.66,88.59,89.01,61.10
16825,2018-10-02 5:00:00,64.12,64.43,88.65,88.68,60.74
16826,2018-10-02 5:10:00,63.96,64.12,89.06,88.76,60.72
16827,2018-10-02 5:20:00,64.04,64.04,88.98,89.09,60.77
16828,2018-10-02 5:30:00,64.04,64.04,88.54,88.90,60.62
16829,2018-10-02 5:40:00,63.89,63.96,89.06,88.95,60.64
16830,2018-10-02 5:50:00,63.73,63.89,89.37,89.48,60.58
16831,2018-10-02 6:00:00,63.89,63.81,89.37,89.09,60.74
16832,2018-10-02 6:10:00,63.81,63.81,89.78,89.28,60.79
16833,2018-10-02 6:20:00,63.58,63.81,89.34,89.53,60.42
16834,2018-10-02 6:30:00,63.42,63.50,89.31,89.12,60.26
16835,2018-10-02 6:40:00,63.27,63.42,90.14,89.56,60.37
16836,2018-10-02 6:50:00,63.42,63.27,91.13,90.20,60.83
16837,2018-10-02 7:00:00,63.73,63.35,90.75,90.91,61.01
16838,2018-10-02 7:10:00,63.96,63.73,90.36,90.50,61.12
16839,2018-10-02 7:20:00,64.20,63.96,89.95,90.20,61.22
16840,2018-10-02 7:30:00,64.27,64.12,89.53,89.48,61.17
16841,2018-10-02 7:40:00,64.35,64.20,89.86,89.48,61.35
16842,2018-10-02 7:50:00,64.66,64.27,89.92,89.81,61.67
16843,2018-10-02 8:00:00,65.28,64.66,90.11,89.78,62.34
16844,2018-10-02 8:10:00,65.89,65.35,87.48,88.57,62.11
16845,2018-10-02 8:20:00,65.97,66.05,87.48,87.17,62.19
16846,2018-10-02 8:30:00,66.59,66.05,85.83,86.92,62.26
16847,2018-10-02 8:40:00,67.28,66.67,87.23,87.06,63.40
16848,2018-10-02 8:50:00,67.67,67.44,85.97,86.34,63.36
16849,2018-10-02 9:00:00,67.75,67.67,84.65,84.68,63.00
16850,2018-10-02 9:10:00,68.06,67.75,83.92,84.62,63.05
16851,2018-10-02 9:20:00,68.52,68.06,82.98,83.41,63.19
16852,2018-10-02 9:30:00,68.75,68.60,82.53,83.61,63.26
16853,2018-10-02 9:40:00,70.53,69.14,79.62,81.13,63.96
16854,2018-10-02 9:50:00,71.38,70.61,72.72,75.91,62.20
16855,2018-10-02 10:00:00,72.61,71.38,73.98,74.07,63.88
16856,2018-10-02 10:10:00,72.61,72.77,72.86,72.13,63.45
16857,2018-10-02 10:20:00,72.30,72.61,72.83,72.39,63.14
16858,2018-10-02 10:30:00,71.92,72.30,72.48,72.04,62.63
16859,2018-10-02 10:40:00,72.07,71.92,72.42,73.72,62.76
16860,2018-10-02 10:50:00,73.31,72.07,72.48,71.68,63.97
16861,2018-10-02 11:00:00,74.47,73.69,64.70,67.81,61.84
16862,2018-10-02 11:10:00,74.62,74.39,65.67,64.52,62.41
16863,2018-10-02 11:20:00,76.63,75.39,61.46,64.03,62.43
16864,2018-10-02 11:30:00,77.94,76.94,59.37,63.45,62.67
16865,2018-10-02 11:40:00,78.40,77.86,62.38,61.46,64.52
16866,2018-10-02 11:50:00,78.40,78.48,60.14,58.19,63.48
16867,2018-10-02 12:00:00,78.17,78.40,61.62,56.98,63.95
16868,2018-10-02 12:10:00,77.94,78.25,55.86,57.04,60.95
16869,2018-10-02 12:20:00,77.32,77.48,61.28,58.84,62.99
16870,2018-10-02 12:30:00,77.25,77.25,60.79,59.09,62.69
16871,2018-10-02 12:40:00,77.63,77.25,60.82,60.48,63.07
16872,2018-10-02 12:50:00,77.32,77.79,60.05,59.86,62.42
16873,2018-10-02 13:00:00,76.24,77.40,61.92,59.52,62.27
16874,2018-10-02 13:10:00,76.78,76.17,61.25,60.63,62.47
16875,2018-10-02 13:20:00,76.40,76.94,61.71,60.11,62.32
16876,2018-10-02 13:30:00,76.01,76.40,62.90,62.14,62.50
16877,2018-10-02 13:40:00,76.24,75.93,60.45,62.17,61.59
16878,2018-10-02 13:50:00,75.93,76.09,61.16,62.78,61.63
16879,2018-10-02 14:00:00,77.63,76.32,63.27,63.85,64.20
16880,2018-10-02 14:10:00,77.25,77.71,62.75,62.05,63.60
16881,2018-10-02 14:20:00,76.71,77.09,66.36,63.94,64.69
16882,2018-10-02 14:30:00,76.17,76.78,66.75,65.67,64.34
16883,2018-10-02 14:40:00,76.17,76.24,66.06,67.09,64.04
16884,2018-10-02 14:50:00,75.01,75.78,68.59,67.45,64.02
16885,2018-10-02 15:00:00,74.39,75.01,70.41,69.36,64.17
16886,2018-10-02 15:10:00,74.39,74.39,68.32,69.30,63.31
16887,2018-10-02 15:20:00,73.54,74.47,69.78,68.86,63.11
16888,2018-10-02 15:30:00,72.38,73.54,72.39,71.24,63.04
16889,2018-10-02 15:40:00,72.07,72.30,73.42,73.34,63.15
16890,2018-10-02 15:50:00,71.92,72.07,74.71,74.63,63.50
16891,2018-10-02 16:00:00,71.61,72.00,76.67,75.56,63.93
16892,2018-10-02 16:10:00,72.23,71.69,75.62,76.32,64.14
16893,2018-10-02 16:20:00,71.22,72.15,76.49,75.85,63.50
16894,2018-10-02 16:30:00,70.84,71.15,77.48,77.42,63.49
16895,2018-10-02 16:40:00,70.30,70.76,77.25,77.34,62.88
16896,2018-10-02 16:50:00,70.30,70.30,78.35,78.55,63.28
16897,2018-10-02 17:00:00,70.61,70.30,76.87,78.15,63.04
16898,2018-10-02 17:10:00,70.37,70.61,77.89,77.45,63.19
16899,2018-10-02 17:20:00,69.60,70.30,79.04,78.20,62.86
16900,2018-10-02 17:30:00,69.22,69.52,80.48,79.56,62.99
16901,2018-10-02 17:40:00,68.98,69.14,80.39,80.22,62.74
16902,2018-10-02 17:50:00,68.83,68.91,80.36,80.45,62.58
16903,2018-10-02 18:00:00,68.44,68.75,81.28,81.05,62.52
16904,2018-10-02 18:10:00,68.29,68.60,80.71,81.28,62.17
16905,2018-10-02 18:20:00,67.98,68.37,81.68,81.51,62.21
16906,2018-10-02 18:30:00,67.90,67.98,82.10,81.79,62.28
16907,2018-10-02 18:40:00,67.59,67.83,82.08,81.99,61.97
16908,2018-10-02 18:50:00,67.52,67.67,82.93,82.19,62.19
16909,2018-10-02 19:00:00,67.36,67.44,83.72,82.93,62.31
16910,2018-10-02 19:10:00,67.21,67.28,82.33,83.35,61.68
16911,2018-10-02 19:20:00,67.13,67.21,84.23,83.21,62.25
16912,2018-10-02 19:30:00,66.98,67.13,83.78,84.40,61.95
16913,2018-10-02 19:40:00,66.82,66.98,84.51,84.37,62.04
16914,2018-10-02 19:50:00,66.67,66.74,85.38,85.13,62.18
16915,2018-10-02 20:00:00,66.67,66.67,85.95,85.50,62.37
16916,2018-10-02 20:10:00,66.59,66.59,85.38,85.75,62.11
16917,2018-10-02 20:20:00,66.67,66.59,86.37,86.06,62.51
16918,2018-10-02 20:30:00,66.67,66.67,86.78,86.84,62.65
16919,2018-10-02 20:40:00,66.74,66.59,86.37,86.59,62.58
16920,2018-10-02 20:50:00,66.74,66.74,86.70,86.56,62.69
16921,2018-10-02 21:00:00,66.67,66.74,85.80,86.23,62.32
16922,2018-10-02 21:10:00,66.36,66.67,86.23,86.00,62.16
16923,2018-10-02 21:20:00,66.20,66.36,87.17,86.73,62.32
16924,2018-10-02 21:30:00,65.97,66.20,86.70,87.17,61.93
16925,2018-10-02 21:40:00,65.82,65.97,87.04,87.31,61.89
16926,2018-10-02 21:50:00,65.74,65.74,87.45,87.26,61.95
16927,2018-10-02 22:00:00,65.89,65.82,87.48,87.79,62.11
16928,2018-10-02 22:10:00,66.05,65.89,87.62,87.12,62.31
16929,2018-10-02 22:20:00,66.05,65.97,87.17,87.37,62.16
16930,2018-10-02 22:30:00,66.20,66.05,87.09,87.26,62.29
16931,2018-10-02 22:40:00,66.36,66.20,87.54,87.01,62.59
16932,2018-10-02 22:50:00,66.44,66.28,87.57,87.65,62.67
16933,2018-10-02 23:00:00,66.51,66.44,87.23,87.76,62.64
16934,2018-10-02 23:10:00,66.67,66.59,87.26,87.45,62.80
16935,2018-10-02 23:20:00,66.67,66.67,88.01,87.65,63.04
16936,2018-10-02 23:30:00,66.74,66.67,88.04,87.73,63.13
16937,2018-10-02 23:40:00,66.82,66.74,87.59,88.32,63.06
16938,2018-10-02 23:50:00,66.82,66.82,88.48,88.01,63.35
16939,2018-10-03 0:00:00,66.74,66.82,87.70,88.81,63.02
16940,2018-10-03 0:10:00,66.74,66.74,87.59,86.53,62.99
16941,2018-10-03 0:20:00,66.82,66.74,88.04,87.45,63.21
16942,2018-10-03 0:30:00,66.90,66.82,88.15,88.04,63.32
16943,2018-10-03 0:40:00,66.98,66.90,87.17,87.93,63.08
16944,2018-10-03 0:50:00,66.98,66.98,85.97,87.01,62.68
16945,2018-10-03 1:00:00,66.90,66.98,85.52,85.41,62.46
16946,2018-10-03 1:10:00,66.90,66.90,84.65,85.10,62.17
16947,2018-10-03 1:20:00,66.82,66.98,84.54,84.91,62.05
16948,2018-10-03 1:30:00,66.82,66.82,86.28,84.82,62.63
16949,2018-10-03 1:40:00,66.74,66.82,85.50,85.89,62.30
16950,2018-10-03 1:50:00,66.51,66.67,85.50,85.22,62.07
16951,2018-10-03 2:00:00,66.44,66.59,86.25,85.80,62.24
16952,2018-10-03 2:10:00,66.51,66.44,86.70,86.45,62.47
16953,2018-10-03 2:20:00,66.51,66.51,85.36,86.11,62.02
16954,2018-10-03 2:30:00,66.44,66.59,86.78,85.72,62.42
16955,2018-10-03 2:40:00,66.20,66.44,85.44,85.92,61.75
16956,2018-10-03 2:50:00,66.20,66.36,86.62,85.95,62.13
16957,2018-10-03 3:00:00,65.89,66.20,86.62,86.45,61.83
16958,2018-10-03 3:10:00,65.51,65.89,87.87,87.04,61.86
16959,2018-10-03 3:20:00,65.51,65.43,87.87,88.01,61.86
16960,2018-10-03 3:30:00,65.51,65.43,87.87,88.15,61.86
16961,2018-10-03 3:40:00,65.51,65.43,87.43,87.87,61.71
16962,2018-10-03 3:50:00,65.43,65.51,88.40,87.73,61.95
16963,2018-10-03 4:00:00,65.43,65.51,88.73,88.43,62.06
16964,2018-10-03 4:10:00,65.35,65.35,88.29,88.43,61.84
16965,2018-10-03 4:20:00,65.35,65.35,88.81,88.57,62.01
16966,2018-10-03 4:30:00,65.35,65.35,85.64,86.42,60.98
16967,2018-10-03 4:40:00,65.43,65.43,86.67,86.53,61.39
16968,2018-10-03 4:50:00,65.05,65.28,88.34,87.26,61.55
16969,2018-10-03 5:00:00,65.05,65.12,89.53,88.51,61.93
16970,2018-10-03 5:10:00,64.97,64.97,89.20,88.98,61.75
16971,2018-10-03 5:20:00,64.81,64.97,89.06,88.84,61.55
16972,2018-10-03 5:30:00,64.81,64.81,88.32,89.28,61.32
16973,2018-10-03 5:40:00,64.81,64.81,90.03,88.95,61.86
16974,2018-10-03 5:50:00,64.81,64.89,89.17,89.37,61.59
16975,2018-10-03 6:00:00,64.97,64.89,88.65,88.76,61.57
16976,2018-10-03 6:10:00,65.12,65.05,88.79,89.17,61.77
16977,2018-10-03 6:20:00,65.12,65.12,89.64,89.23,62.04
16978,2018-10-03 6:30:00,65.28,65.05,88.70,88.48,61.90
16979,2018-10-03 6:40:00,65.20,65.28,88.79,88.26,61.85
16980,2018-10-03 6:50:00,65.28,65.20,87.40,87.73,61.48
16981,2018-10-03 7:00:00,65.20,65.28,88.26,87.87,61.68
16982,2018-10-03 7:10:00,65.20,65.20,88.37,88.54,61.71
16983,2018-10-03 7:20:00,65.20,65.20,88.37,88.34,61.71
16984,2018-10-03 7:30:00,65.35,65.20,88.70,88.48,61.97
16985,2018-10-03 7:40:00,65.51,65.43,89.28,89.37,62.31
16986,2018-10-03 7:50:00,65.66,65.51,89.28,88.84,62.46
16987,2018-10-03 8:00:00,65.89,65.74,87.93,88.45,62.26
16988,2018-10-03 8:10:00,66.20,65.89,87.17,87.62,62.32
16989,2018-10-03 8:20:00,66.44,66.28,88.43,88.45,62.95
16990,2018-10-03 8:30:00,66.74,66.44,86.84,88.20,62.74
16991,2018-10-03 8:40:00,67.44,66.82,83.83,86.09,62.42
16992,2018-10-03 8:50:00,68.06,67.52,82.59,84.43,62.60
16993,2018-10-03 9:00:00,69.52,68.21,77.80,81.02,62.33
16994,2018-10-03 9:10:00,70.61,69.52,73.78,75.62,61.87
16995,2018-10-03 9:20:00,71.30,70.76,73.78,75.45,62.54
16996,2018-10-03 9:30:00,71.53,71.30,73.28,74.98,62.57
16997,2018-10-03 9:40:00,71.38,71.53,75.18,72.66,63.15
16998,2018-10-03 9:50:00,71.07,71.38,74.28,73.16,62.51
16999,2018-10-03 10:00:00,71.07,71.15,73.72,72.95,62.29
17000,2018-10-03 10:10:00,71.15,70.91,72.24,74.30,61.79
17001,2018-10-03 10:20:00,71.07,71.07,75.97,74.36,63.15
17002,2018-10-03 10:30:00,71.38,71.07,72.92,74.98,62.28
17003,2018-10-03 10:40:00,71.76,71.38,71.98,72.39,62.28
17004,2018-10-03 10:50:00,72.07,71.84,72.39,70.97,62.74
17005,2018-10-03 11:00:00,72.15,72.15,68.29,70.26,61.16
17006,2018-10-03 11:10:00,71.84,72.07,68.26,69.45,60.85
17007,2018-10-03 11:20:00,71.69,71.84,69.51,70.41,61.22
17008,2018-10-03 11:30:00,71.38,71.61,72.45,70.26,62.10
17009,2018-10-03 11:40:00,71.45,71.45,74.74,73.92,63.06
17010,2018-10-03 11:50:00,71.61,71.38,75.09,73.57,63.34
17011,2018-10-03 12:00:00,71.53,71.69,76.06,74.51,63.63
17012,2018-10-03 12:10:00,71.15,71.61,75.09,76.79,62.89
17013,2018-10-03 12:20:00,70.61,71.15,81.53,77.66,64.72
17014,2018-10-03 12:30:00,70.37,70.53,80.10,81.65,63.99
17015,2018-10-03 12:40:00,70.61,70.53,80.08,78.72,64.20
17016,2018-10-03 12:50:00,71.07,70.61,78.44,79.87,64.06
17017,2018-10-03 13:00:00,71.45,71.07,80.19,79.65,65.07
17018,2018-10-03 13:10:00,71.07,71.53,77.34,76.93,63.66
17019,2018-10-03 13:20:00,70.99,71.07,75.04,77.89,62.72
17020,2018-10-03 13:30:00,70.99,70.99,77.39,76.26,63.61
17021,2018-10-03 13:40:00,71.15,71.07,76.49,77.13,63.42
17022,2018-10-03 13:50:00,70.91,71.15,75.47,76.03,62.81
17023,2018-10-03 14:00:00,71.45,70.91,73.34,77.08,62.52
17024,2018-10-03 14:10:00,71.61,71.53,72.78,74.51,62.45
17025,2018-10-03 14:20:00,71.76,71.69,70.97,73.36,61.88
17026,2018-10-03 14:30:00,71.53,71.76,70.47,71.86,61.46
17027,2018-10-03 14:40:00,71.53,71.53,72.01,70.91,62.07
17028,2018-10-03 14:50:00,71.76,71.61,75.59,73.69,63.68
17029,2018-10-03 15:00:00,72.07,71.69,74.22,75.85,63.45
17030,2018-10-03 15:10:00,72.00,72.15,76.06,74.36,64.08
17031,2018-10-03 15:20:00,72.00,72.15,73.39,74.80,63.06
17032,2018-10-03 15:30:00,72.00,72.00,74.80,74.98,63.60
17033,2018-10-03 15:40:00,71.45,71.92,77.83,77.02,64.21
17034,2018-10-03 15:50:00,70.99,71.45,80.19,78.55,64.62
17035,2018-10-03 16:00:00,71.45,70.99,79.33,79.90,64.76
17036,2018-10-03 16:10:00,71.76,71.45,79.76,79.53,65.22
17037,2018-10-03 16:20:00,72.07,71.76,79.33,78.75,65.36
17038,2018-10-03 16:30:00,72.15,72.00,75.15,75.94,63.89
17039,2018-10-03 16:40:00,72.38,72.15,77.54,77.02,65.01
17040,2018-10-03 16:50:00,72.30,72.38,76.67,77.28,64.61
17041,2018-10-03 17:00:00,72.23,72.30,77.48,76.81,64.84
17042,2018-10-03 17:10:00,72.77,72.23,77.60,77.13,65.40
17043,2018-10-03 17:20:00,73.46,72.92,76.70,76.73,65.74
17044,2018-10-03 17:30:00,73.00,73.54,75.88,75.88,64.98
17045,2018-10-03 17:40:00,72.23,73.00,76.61,76.61,64.51
17046,2018-10-03 17:50:00,71.45,72.15,77.94,77.25,64.26
17047,2018-10-03 18:00:00,70.68,71.38,78.32,77.77,63.64
17048,2018-10-03 18:10:00,70.14,70.68,79.56,78.49,63.57
17049,2018-10-03 18:20:00,69.83,70.22,81.45,80.62,63.94
17050,2018-10-03 18:30:00,69.60,69.76,80.02,79.70,63.21
17051,2018-10-03 18:40:00,69.52,69.60,75.97,78.18,61.66
17052,2018-10-03 18:50:00,69.45,69.52,77.77,76.64,62.24
17053,2018-10-03 19:00:00,68.91,69.37,81.76,80.08,63.14
17054,2018-10-03 19:10:00,68.52,68.83,82.64,82.13,63.07
17055,2018-10-03 19:20:00,68.29,68.44,83.38,82.56,63.10
17056,2018-10-03 19:30:00,68.21,68.29,84.37,83.58,63.36
17057,2018-10-03 19:40:00,67.83,68.13,85.64,84.68,63.40
17058,2018-10-03 19:50:00,67.59,67.90,85.19,85.27,63.03
17059,2018-10-03 20:00:00,67.52,67.59,85.61,85.02,63.09
17060,2018-10-03 20:10:00,67.36,67.52,84.60,85.64,62.60
17061,2018-10-03 20:20:00,67.13,67.28,86.31,85.41,62.94
17062,2018-10-03 20:30:00,66.74,67.05,86.28,86.00,62.56
17063,2018-10-03 20:40:00,66.51,66.67,86.37,86.25,62.36
17064,2018-10-03 20:50:00,66.44,66.51,86.78,86.78,62.42
17065,2018-10-03 21:00:00,66.28,66.36,87.09,86.92,62.37
17066,2018-10-03 21:10:00,66.05,66.20,88.37,87.62,62.55
17067,2018-10-03 21:20:00,66.13,66.13,88.37,87.84,62.63
17068,2018-10-03 21:30:00,66.05,66.13,88.48,88.32,62.59
17069,2018-10-03 21:40:00,65.82,65.89,88.01,88.07,62.21
17070,2018-10-03 21:50:00,65.74,65.82,89.20,88.51,62.51
17071,2018-10-03 22:00:00,65.51,65.66,88.84,89.09,62.17
17072,2018-10-03 22:10:00,65.51,65.51,90.55,89.51,62.71
17073,2018-10-03 22:20:00,65.82,65.59,90.61,90.47,63.03
17074,2018-10-03 22:30:00,66.05,65.82,89.78,90.42,63.00
17075,2018-10-03 22:40:00,66.13,65.97,88.81,89.45,62.77
17076,2018-10-03 22:50:00,65.97,66.13,89.34,88.90,62.79
17077,2018-10-03 23:00:00,65.74,66.05,89.20,89.12,62.51
17078,2018-10-03 23:10:00,65.35,65.66,89.26,89.28,62.15
17079,2018-10-03 23:20:00,65.20,65.35,88.37,88.93,61.71
17080,2018-10-03 23:30:00,64.58,65.12,87.84,87.90,60.94
17081,2018-10-03 23:40:00,63.81,64.58,89.48,88.45,60.69
17082,2018-10-03 23:50:00,63.81,63.81,90.75,90.55,61.09
17083,2018-10-04 0:00:00,63.96,63.81,90.77,90.86,61.25
17084,2018-10-04 0:10:00,64.20,63.89,91.98,91.07,61.86
17085,2018-10-04 0:20:00,64.43,64.20,91.70,91.84,62.00
17086,2018-10-04 0:30:00,64.35,64.35,91.57,91.35,61.88
17087,2018-10-04 0:40:00,64.43,64.35,90.75,91.38,61.70
17088,2018-10-04 0:50:00,64.35,64.35,90.42,90.80,61.52
17089,2018-10-04 1:00:00,64.04,64.35,89.84,89.95,61.04
17090,2018-10-04 1:10:00,63.66,64.04,88.93,89.48,60.37
17091,2018-10-04 1:20:00,62.88,63.58,89.34,88.87,59.74
17092,2018-10-04 1:30:00,62.42,62.88,89.73,89.48,59.40
17093,2018-10-04 1:40:00,62.11,62.34,90.00,89.70,59.18
17094,2018-10-04 1:50:00,62.03,62.03,90.53,90.14,59.27
17095,2018-10-04 2:00:00,61.65,61.96,90.03,90.20,58.73
17096,2018-10-04 2:10:00,61.18,61.65,90.39,90.03,58.38
17097,2018-10-04 2:20:00,60.88,61.18,90.36,90.22,58.07
17098,2018-10-04 2:30:00,60.72,60.88,90.75,90.31,58.03
17099,2018-10-04 2:40:00,60.80,60.80,90.66,90.80,58.09
17100,2018-10-04 2:50:00,60.64,60.72,90.64,90.75,57.92
17101,2018-10-04 3:00:00,60.41,60.72,90.72,90.55,57.72
17102,2018-10-04 3:10:00,60.41,60.49,91.46,91.21,57.95
17103,2018-10-04 3:20:00,60.41,60.41,92.31,91.87,58.20
17104,2018-10-04 3:30:00,60.49,60.41,92.31,92.14,58.28
17105,2018-10-04 3:40:00,60.57,60.57,92.42,92.17,58.39
17106,2018-10-04 3:50:00,60.72,60.57,92.33,92.25,58.52
17107,2018-10-04 4:00:00,60.72,60.80,93.64,92.55,58.91
17108,2018-10-04 4:10:00,60.95,60.80,92.91,93.04,58.92
17109,2018-10-04 4:20:00,60.95,60.88,93.31,92.91,59.04
17110,2018-10-04 4:30:00,61.18,61.03,92.82,93.07,59.13
17111,2018-10-04 4:40:00,61.11,61.18,91.65,92.42,58.69
17112,2018-10-04 4:50:00,60.95,61.11,91.62,91.79,58.53
17113,2018-10-04 5:00:00,60.57,60.88,91.49,91.32,58.11
17114,2018-10-04 5:10:00,60.49,60.57,92.01,91.73,58.19
17115,2018-10-04 5:20:00,60.41,60.57,91.87,91.65,58.07
17116,2018-10-04 5:30:00,60.26,60.34,92.28,92.25,58.04
17117,2018-10-04 5:40:00,60.72,60.34,94.53,93.99,59.18
17118,2018-10-04 5:50:00,61.03,60.72,94.10,94.37,59.36
17119,2018-10-04 6:00:00,61.34,61.18,94.15,94.02,59.68
17120,2018-10-04 6:10:00,61.65,61.49,93.42,93.94,59.77
17121,2018-10-04 6:20:00,61.72,61.72,92.91,93.29,59.69
17122,2018-10-04 6:30:00,61.57,61.72,92.03,92.55,59.27
17123,2018-10-04 6:40:00,61.42,61.65,91.70,91.73,59.02
17124,2018-10-04 6:50:00,61.03,61.42,91.65,91.70,58.62
17125,2018-10-04 7:00:00,60.80,60.95,92.47,91.92,58.64
17126,2018-10-04 7:10:00,61.18,60.80,93.72,93.01,59.40
17127,2018-10-04 7:20:00,61.57,61.11,93.78,94.29,59.80
17128,2018-10-04 7:30:00,62.19,61.57,94.70,94.32,60.68
17129,2018-10-04 7:40:00,62.65,62.19,93.99,94.78,60.94
17130,2018-10-04 7:50:00,63.04,62.73,93.99,94.29,61.32
17131,2018-10-04 8:00:00,63.35,63.04,93.67,94.13,61.53
17132,2018-10-04 8:10:00,63.66,63.35,94.53,93.86,62.10
17133,2018-10-04 8:20:00,64.20,63.73,94.61,94.64,62.66
17134,2018-10-04 8:30:00,64.66,64.12,93.86,94.15,62.89
17135,2018-10-04 8:40:00,65.20,64.74,93.50,93.83,63.32
17136,2018-10-04 8:50:00,65.66,65.28,93.04,93.42,63.64
17137,2018-10-04 9:00:00,66.36,65.66,91.95,92.55,63.99
17138,2018-10-04 9:10:00,66.74,66.36,91.60,91.95,64.26
17139,2018-10-04 9:20:00,67.21,66.82,91.21,91.29,64.60
17140,2018-10-04 9:30:00,68.06,67.28,90.36,90.61,65.17
17141,2018-10-04 9:40:00,68.52,68.06,89.23,89.64,65.27
17142,2018-10-04 9:50:00,68.83,68.44,88.84,88.70,65.45
17143,2018-10-04 10:00:00,69.52,68.91,86.17,88.29,65.25
17144,2018-10-04 10:10:00,68.83,69.45,87.98,86.76,65.17
17145,2018-10-04 10:20:00,70.53,68.91,87.29,87.48,66.61
17146,2018-10-04 10:30:00,73.00,71.53,83.52,85.44,67.76
17147,2018-10-04 10:40:00,72.84,73.15,78.58,81.25,65.84
17148,2018-10-04 10:50:00,70.91,72.30,82.47,80.68,65.35
17149,2018-10-04 11:00:00,71.30,70.99,82.50,83.16,65.74
17150,2018-10-04 11:10:00,72.23,71.38,82.53,83.41,66.66
17151,2018-10-04 11:20:00,71.45,72.23,79.67,80.16,64.89
17152,2018-10-04 11:30:00,70.99,71.45,79.33,79.19,64.31
17153,2018-10-04 11:40:00,72.46,70.99,80.82,81.53,66.28
17154,2018-10-04 11:50:00,74.23,72.69,80.91,79.82,68.04
17155,2018-10-04 12:00:00,76.01,74.78,74.19,77.57,67.24
17156,2018-10-04 12:10:00,76.86,76.09,74.86,75.42,68.32
17157,2018-10-04 12:20:00,77.17,76.86,69.15,73.07,66.32
17158,2018-10-04 12:30:00,76.71,77.01,72.89,72.16,67.40
17159,2018-10-04 12:40:00,76.63,76.63,75.71,73.36,68.43
17160,2018-10-04 12:50:00,74.62,76.09,74.22,72.16,65.91
17161,2018-10-04 13:00:00,74.54,74.47,74.48,74.63,65.94
17162,2018-10-04 13:10:00,75.32,74.54,76.90,74.89,67.61
17163,2018-10-04 13:20:00,76.40,75.55,71.83,73.60,66.68
17164,2018-10-04 13:30:00,77.09,76.32,71.15,72.92,67.07
17165,2018-10-04 13:40:00,76.86,77.09,71.45,71.09,66.97
17166,2018-10-04 13:50:00,76.86,76.78,71.89,71.89,67.15
17167,2018-10-04 14:00:00,75.47,76.78,73.63,71.65,66.50
17168,2018-10-04 14:10:00,74.47,75.24,74.19,73.75,65.75
17169,2018-10-04 14:20:00,74.08,74.54,74.63,74.25,65.55
17170,2018-10-04 14:30:00,75.01,74.16,73.60,75.21,66.04
17171,2018-10-04 14:40:00,74.31,74.85,74.63,74.25,65.77
17172,2018-10-04 14:50:00,73.15,74.16,75.45,74.89,64.97
17173,2018-10-04 15:00:00,72.69,73.08,74.92,76.29,64.32
17174,2018-10-04 15:10:00,72.15,72.61,78.44,76.61,65.11
17175,2018-10-04 15:20:00,71.92,72.15,77.10,77.83,64.40
17176,2018-10-04 15:30:00,72.00,72.00,77.10,77.19,64.47
17177,2018-10-04 15:40:00,71.84,72.00,77.60,76.93,64.50
17178,2018-10-04 15:50:00,71.45,71.84,76.52,76.61,63.73
17179,2018-10-04 16:00:00,72.07,71.45,75.74,76.84,64.03
17180,2018-10-04 16:10:00,72.38,72.00,76.12,76.35,64.48
17181,2018-10-04 16:20:00,72.54,72.30,76.64,75.36,64.82
17182,2018-10-04 16:30:00,72.61,72.54,74.28,74.80,64.00
17183,2018-10-04 16:40:00,71.92,72.69,74.39,74.69,63.37
17184,2018-10-04 16:50:00,71.61,71.76,76.49,76.81,63.87
17185,2018-10-04 17:00:00,70.99,71.61,77.97,76.73,63.82
17186,2018-10-04 17:10:00,70.37,71.07,79.53,78.38,63.78
17187,2018-10-04 17:20:00,70.14,70.37,80.53,79.53,63.92
17188,2018-10-04 17:30:00,69.76,70.14,79.53,79.67,63.18
17189,2018-10-04 17:40:00,69.37,69.76,80.82,80.56,63.26
17190,2018-10-04 17:50:00,68.98,69.37,79.99,81.05,62.59
17191,2018-10-04 18:00:00,68.44,68.91,81.62,81.28,62.64
17192,2018-10-04 18:10:00,67.90,68.44,81.96,81.59,62.23
17193,2018-10-04 18:20:00,67.44,67.90,82.39,81.91,61.93
17194,2018-10-04 18:30:00,67.05,67.36,82.90,82.64,61.72
17195,2018-10-04 18:40:00,66.67,67.13,84.03,83.13,61.73
17196,2018-10-04 18:50:00,66.51,66.67,84.17,83.95,61.63
17197,2018-10-04 19:00:00,66.13,66.44,85.30,84.68,61.62
17198,2018-10-04 19:10:00,66.05,66.13,85.41,85.47,61.59
17199,2018-10-04 19:20:00,65.89,65.97,85.41,85.50,61.43
17200,2018-10-04 19:30:00,65.74,65.82,85.83,85.72,61.42
17201,2018-10-04 19:40:00,65.59,65.82,85.66,85.86,61.21
17202,2018-10-04 19:50:00,65.51,65.59,85.69,85.44,61.15
17203,2018-10-04 20:00:00,65.51,65.51,85.66,85.97,61.14
17204,2018-10-04 20:10:00,65.43,65.51,85.78,85.80,61.10
17205,2018-10-04 20:20:00,65.28,65.43,85.75,85.58,60.94
17206,2018-10-04 20:30:00,65.28,65.28,85.66,85.92,60.91
17207,2018-10-04 20:40:00,65.28,65.28,85.78,86.64,60.95
17208,2018-10-04 20:50:00,65.43,65.35,86.20,86.37,61.24
17209,2018-10-04 21:00:00,65.28,65.35,86.64,86.20,61.23
17210,2018-10-04 21:10:00,65.35,65.43,86.20,86.34,61.16
17211,2018-10-04 21:20:00,65.51,65.43,86.56,86.31,61.43
17212,2018-10-04 21:30:00,65.43,65.43,84.79,86.34,60.77
17213,2018-10-04 21:40:00,65.43,65.43,86.56,85.55,61.36
17214,2018-10-04 21:50:00,65.51,65.43,86.20,86.42,61.31
17215,2018-10-04 22:00:00,65.43,65.51,86.23,85.66,61.25
17216,2018-10-04 22:10:00,65.43,65.43,85.78,85.95,61.10
17217,2018-10-04 22:20:00,65.20,65.28,86.09,85.80,60.97
17218,2018-10-04 22:30:00,65.12,65.20,86.17,86.00,60.92
17219,2018-10-04 22:40:00,65.12,65.12,86.92,86.11,61.17
17220,2018-10-04 22:50:00,65.20,65.05,87.51,86.62,61.44
17221,2018-10-04 23:00:00,65.20,65.12,87.40,86.84,61.40
17222,2018-10-04 23:10:00,65.12,65.12,86.17,86.17,60.92
17223,2018-10-04 23:20:00,65.12,65.20,85.64,85.92,60.75
17224,2018-10-04 23:30:00,65.05,65.12,87.04,87.15,61.13
17225,2018-10-04 23:40:00,64.81,65.12,87.01,87.06,60.89
17226,2018-10-04 23:50:00,64.89,64.97,87.04,87.40,60.98
17227,2018-10-05 0:00:00,64.81,64.89,87.87,87.48,61.17
17228,2018-10-05 0:10:00,64.74,64.81,87.87,87.84,61.10
17229,2018-10-05 0:20:00,64.66,64.74,87.87,88.26,61.02
17230,2018-10-05 0:30:00,64.74,64.66,87.43,88.23,60.95
17231,2018-10-05 0:40:00,64.66,64.74,87.31,87.51,60.84
17232,2018-10-05 0:50:00,64.74,64.66,87.87,87.57,61.10
17233,2018-10-05 1:00:00,64.74,64.66,87.87,88.20,61.10
17234,2018-10-05 1:10:00,64.74,64.74,87.43,88.01,60.95
17235,2018-10-05 1:20:00,64.97,64.81,87.37,87.57,61.16
17236,2018-10-05 1:30:00,64.97,64.97,86.92,87.31,61.02
17237,2018-10-05 1:40:00,64.97,65.05,87.04,87.23,61.05
17238,2018-10-05 1:50:00,64.58,64.89,87.84,87.26,60.94
17239,2018-10-05 2:00:00,64.04,64.50,88.98,87.98,60.77
17240,2018-10-05 2:10:00,63.66,64.04,88.93,88.54,60.37
17241,2018-10-05 2:20:00,63.27,63.66,88.87,88.65,59.97
17242,2018-10-05 2:30:00,63.11,63.27,88.51,88.45,59.70
17243,2018-10-05 2:40:00,62.88,63.11,89.34,88.98,59.74
17244,2018-10-05 2:50:00,62.73,62.96,89.64,89.48,59.68
17245,2018-10-05 3:00:00,62.57,62.65,89.73,89.92,59.55
17246,2018-10-05 3:10:00,62.42,62.57,89.28,89.89,59.26
17247,2018-10-05 3:20:00,62.27,62.42,89.15,89.64,59.06
17248,2018-10-05 3:30:00,61.96,62.27,89.23,89.17,58.79
17249,2018-10-05 3:40:00,61.34,61.88,88.59,88.90,57.98
17250,2018-10-05 3:50:00,60.80,61.26,89.06,89.01,57.59
17251,2018-10-05 4:00:00,60.34,60.80,89.42,89.01,57.24
17252,2018-10-05 4:10:00,59.95,60.34,89.81,89.48,56.98
17253,2018-10-05 4:20:00,59.49,59.87,90.06,89.59,56.60
17254,2018-10-05 4:30:00,59.25,59.41,90.97,90.20,56.65
17255,2018-10-05 4:40:00,59.10,59.18,90.86,90.69,56.46
17256,2018-10-05 4:50:00,58.87,59.10,90.09,90.31,56.00
17257,2018-10-05 5:00:00,58.48,58.79,90.77,90.11,55.83
17258,2018-10-05 5:10:00,58.56,58.48,90.88,91.07,55.94
17259,2018-10-05 5:20:00,58.33,58.56,90.33,90.64,55.54
17260,2018-10-05 5:30:00,57.79,58.25,91.18,90.66,55.26
17261,2018-10-05 5:40:00,57.79,57.86,90.77,91.02,55.14
17262,2018-10-05 5:50:00,57.71,57.79,91.07,90.61,55.15
17263,2018-10-05 6:00:00,57.40,57.63,91.13,90.97,54.86
17264,2018-10-05 6:10:00,57.48,57.48,91.57,91.24,55.07
17265,2018-10-05 6:20:00,57.40,57.56,91.13,91.40,54.86
17266,2018-10-05 6:30:00,57.01,57.25,90.66,90.88,54.34
17267,2018-10-05 6:40:00,56.94,56.86,91.49,91.43,54.51
17268,2018-10-05 6:50:00,56.71,56.86,91.46,91.51,54.27
17269,2018-10-05 7:00:00,56.71,56.71,91.35,91.68,54.24
17270,2018-10-05 7:10:00,56.55,56.63,91.76,91.73,54.21
17271,2018-10-05 7:20:00,56.78,56.55,93.56,92.55,54.97
17272,2018-10-05 7:30:00,57.09,56.86,92.77,93.29,55.05
17273,2018-10-05 7:40:00,57.40,57.09,93.20,92.85,55.48
17274,2018-10-05 7:50:00,58.10,57.40,94.10,93.69,56.44
17275,2018-10-05 8:00:00,59.18,58.25,95.13,94.34,57.82
17276,2018-10-05 8:10:00,60.18,59.33,94.05,94.29,58.50
17277,2018-10-05 8:20:00,61.49,60.41,93.40,93.80,59.61
17278,2018-10-05 8:30:00,62.65,61.57,92.20,92.50,60.39
17279,2018-10-05 8:40:00,63.27,62.65,87.57,89.51,59.55
17280,2018-10-05 8:50:00,64.20,63.35,88.57,88.87,60.79
17281,2018-10-05 9:00:00,65.28,64.27,86.64,88.54,61.23
17282,2018-10-05 9:10:00,66.20,65.20,87.51,86.98,62.43
17283,2018-10-05 9:20:00,67.28,66.28,85.05,85.80,62.68
17284,2018-10-05 9:30:00,68.21,67.28,82.90,84.65,62.86
17285,2018-10-05 9:40:00,68.91,68.29,82.13,82.36,63.27
17286,2018-10-05 9:50:00,69.60,68.91,79.62,81.42,63.06
17287,2018-10-05 10:00:00,70.53,69.68,79.62,79.85,63.96
17288,2018-10-05 10:10:00,70.68,70.45,76.03,77.13,62.80
17289,2018-10-05 10:20:00,72.23,70.84,77.54,78.18,64.86
17290,2018-10-05 10:30:00,73.00,72.38,76.29,74.92,65.14
17291,2018-10-05 10:40:00,72.92,73.00,72.10,73.63,63.44
17292,2018-10-05 10:50:00,73.00,72.84,72.45,72.95,63.66
17293,2018-10-05 11:00:00,73.69,73.00,74.04,73.83,64.95
17294,2018-10-05 11:10:00,74.47,73.69,73.16,73.04,65.35
17295,2018-10-05 11:20:00,75.16,74.54,72.21,72.45,65.64
17296,2018-10-05 11:30:00,75.78,75.24,69.48,72.19,65.13
17297,2018-10-05 11:40:00,75.86,75.70,71.77,71.74,66.13
17298,2018-10-05 11:50:00,76.24,76.01,72.04,71.71,66.61
17299,2018-10-05 12:00:00,76.09,76.24,71.98,70.64,66.44
17300,2018-10-05 12:10:00,76.24,76.09,69.15,70.76,65.43
17301,2018-10-05 12:20:00,75.93,76.17,69.57,69.96,65.31
17302,2018-10-05 12:30:00,75.93,75.86,71.53,69.69,66.11
17303,2018-10-05 12:40:00,75.78,76.01,69.48,69.33,65.13
17304,2018-10-05 12:50:00,75.86,75.78,68.02,69.06,64.59
17305,2018-10-05 13:00:00,75.62,75.78,69.04,69.33,64.79
17306,2018-10-05 13:10:00,76.63,75.62,70.58,71.42,66.39
17307,2018-10-05 13:20:00,76.32,76.71,66.72,68.65,64.48
17308,2018-10-05 13:30:00,76.17,76.24,67.63,68.50,64.72
17309,2018-10-05 13:40:00,76.32,76.17,68.98,68.92,65.43
17310,2018-10-05 13:50:00,76.32,76.40,66.30,68.77,64.30
17311,2018-10-05 14:00:00,75.93,76.32,69.45,69.01,65.26
17312,2018-10-05 14:10:00,75.01,75.93,68.95,69.54,64.16
17313,2018-10-05 14:20:00,75.32,74.85,69.57,70.76,64.72
17314,2018-10-05 14:30:00,74.47,75.16,72.19,69.75,64.96
17315,2018-10-05 14:40:00,74.54,74.47,71.86,71.53,64.91
17316,2018-10-05 14:50:00,74.31,74.47,71.80,71.59,64.66
17317,2018-10-05 15:00:00,74.16,74.31,71.68,72.39,64.47
17318,2018-10-05 15:10:00,74.08,74.23,74.16,72.78,65.37
17319,2018-10-05 15:20:00,74.62,74.08,71.86,73.54,64.98
17320,2018-10-05 15:30:00,74.39,74.54,71.80,72.69,64.74
17321,2018-10-05 15:40:00,74.47,74.39,71.30,71.62,64.61
17322,2018-10-05 15:50:00,74.62,74.47,72.33,71.00,65.17
17323,2018-10-05 16:00:00,74.47,74.62,71.36,70.58,64.63
17324,2018-10-05 16:10:00,74.23,74.39,73.01,70.97,65.07
17325,2018-10-05 16:20:00,74.00,74.31,72.13,72.48,64.49
17326,2018-10-05 16:30:00,73.69,74.00,71.59,72.75,63.99
17327,2018-10-05 16:40:00,73.54,73.69,74.04,73.39,64.80
17328,2018-10-05 16:50:00,73.46,73.46,74.07,74.42,64.74
17329,2018-10-05 17:00:00,73.00,73.46,71.03,73.66,63.09
17330,2018-10-05 17:10:00,72.38,72.92,74.36,73.28,63.81
17331,2018-10-05 17:20:00,72.07,72.38,75.27,74.16,63.86
17332,2018-10-05 17:30:00,71.69,72.00,77.13,75.91,64.18
17333,2018-10-05 17:40:00,71.15,71.69,77.86,77.28,63.93
17334,2018-10-05 17:50:00,70.61,71.15,78.72,78.29,63.72
17335,2018-10-05 18:00:00,70.06,70.53,80.48,79.39,63.82
17336,2018-10-05 18:10:00,69.60,69.99,80.85,80.53,63.50
17337,2018-10-05 18:20:00,68.98,69.60,82.25,81.62,63.39
17338,2018-10-05 18:30:00,68.37,68.98,82.93,82.56,63.02
17339,2018-10-05 18:40:00,67.90,68.37,83.75,82.98,62.85
17340,2018-10-05 18:50:00,67.44,67.90,84.29,83.75,62.57
17341,2018-10-05 19:00:00,66.98,67.36,84.99,84.68,62.35
17342,2018-10-05 19:10:00,66.51,66.98,85.78,85.16,62.16
17343,2018-10-05 19:20:00,66.13,66.51,86.17,85.52,61.91
17344,2018-10-05 19:30:00,65.74,66.05,86.56,86.00,61.66
17345,2018-10-05 19:40:00,65.59,65.74,87.01,86.70,61.65
17346,2018-10-05 19:50:00,65.28,65.51,86.64,86.87,61.23
17347,2018-10-05 20:00:00,65.05,65.28,86.92,86.98,61.09
17348,2018-10-05 20:10:00,64.66,65.05,86.11,86.53,60.45
17349,2018-10-05 20:20:00,64.35,64.66,86.92,86.67,60.41
17350,2018-10-05 20:30:00,64.12,64.27,87.37,87.20,60.33
17351,2018-10-05 20:40:00,64.04,64.12,87.34,87.62,60.24
17352,2018-10-05 20:50:00,63.66,63.89,87.29,87.57,59.84
17353,2018-10-05 21:00:00,63.27,63.50,87.57,87.70,59.55
17354,2018-10-05 21:10:00,62.65,63.19,88.34,87.68,59.19
17355,2018-10-05 21:20:00,62.50,62.65,88.87,88.48,59.21
17356,2018-10-05 21:30:00,62.42,62.50,88.43,88.73,58.99
17357,2018-10-05 21:40:00,62.19,62.27,89.26,88.54,59.02
17358,2018-10-05 21:50:00,61.96,62.19,89.12,88.87,58.75
17359,2018-10-05 22:00:00,61.57,61.96,89.17,88.76,58.39
17360,2018-10-05 22:10:00,61.42,61.57,89.48,89.23,58.33
17361,2018-10-05 22:20:00,61.26,61.57,89.56,89.04,58.20
17362,2018-10-05 22:30:00,61.11,61.26,89.01,89.70,57.88
17363,2018-10-05 22:40:00,60.95,61.11,90.25,89.31,58.11
17364,2018-10-05 22:50:00,60.80,60.88,89.92,89.81,57.86
17365,2018-10-05 23:00:00,60.49,60.80,89.34,89.92,57.37
17366,2018-10-05 23:10:00,60.49,60.49,89.78,89.78,57.51
17367,2018-10-05 23:20:00,60.26,60.49,89.73,89.92,57.26
17368,2018-10-05 23:30:00,59.95,60.34,89.28,89.67,56.82
17369,2018-10-05 23:40:00,59.79,59.95,90.53,89.73,57.05
17370,2018-10-05 23:50:00,59.64,59.79,90.50,90.61,56.89
17371,2018-10-06 0:00:00,59.64,59.72,91.02,91.02,57.05
17372,2018-10-06 0:10:00,59.49,59.64,90.47,90.66,56.73
17373,2018-10-06 0:20:00,59.56,59.41,91.43,90.80,57.10
17374,2018-10-06 0:30:00,59.25,59.49,90.88,90.58,56.62
17375,2018-10-06 0:40:00,59.18,59.18,90.86,91.02,56.54
17376,2018-10-06 0:50:00,59.02,59.18,90.94,90.69,56.41
17377,2018-10-06 1:00:00,59.02,59.02,91.27,90.75,56.51
17378,2018-10-06 1:10:00,58.95,58.95,90.94,91.21,56.33
17379,2018-10-06 1:20:00,58.95,58.87,91.68,91.43,56.56
17380,2018-10-06 1:30:00,59.02,58.95,92.11,91.51,56.77
17381,2018-10-06 1:40:00,59.33,59.02,92.58,92.99,57.21
17382,2018-10-06 1:50:00,59.64,59.41,92.72,92.80,57.56
17383,2018-10-06 2:00:00,59.79,59.72,92.63,92.42,57.69
17384,2018-10-06 2:10:00,59.72,59.72,91.46,91.73,57.26
17385,2018-10-06 2:20:00,59.49,59.72,91.43,91.38,57.02
17386,2018-10-06 2:30:00,59.25,59.49,90.88,91.32,56.62
17387,2018-10-06 2:40:00,58.95,59.18,90.53,90.91,56.21
17388,2018-10-06 2:50:00,58.87,58.95,90.83,90.72,56.23
17389,2018-10-06 3:00:00,58.48,58.79,90.88,91.05,55.86
17390,2018-10-06 3:10:00,58.48,58.48,91.60,91.29,56.08
17391,2018-10-06 3:20:00,58.56,58.48,92.47,91.70,56.41
17392,2018-10-06 3:30:00,58.33,58.56,91.27,91.60,55.82
17393,2018-10-06 3:40:00,58.02,58.25,90.80,91.32,55.38
17394,2018-10-06 3:50:00,57.86,58.02,91.51,91.27,55.44
17395,2018-10-06 4:00:00,57.79,57.86,92.44,91.68,55.64
17396,2018-10-06 4:10:00,58.02,57.79,93.72,92.55,56.25
17397,2018-10-06 4:20:00,58.02,58.02,92.06,92.91,55.76
17398,2018-10-06 4:30:00,58.10,58.02,93.75,92.82,56.33
17399,2018-10-06 4:40:00,58.02,58.17,91.95,92.44,55.72
17400,2018-10-06 4:50:00,57.86,58.02,91.95,91.54,55.57
17401,2018-10-06 5:00:00,57.71,57.79,92.44,91.65,55.56
17402,2018-10-06 5:10:00,57.71,57.71,92.44,92.25,55.56
17403,2018-10-06 5:20:00,57.79,57.71,92.03,92.96,55.52
17404,2018-10-06 5:30:00,57.86,57.79,92.88,92.14,55.85
17405,2018-10-06 5:40:00,57.63,57.79,91.90,92.44,55.32
17406,2018-10-06 5:50:00,57.56,57.71,91.60,91.38,55.16
17407,2018-10-06 6:00:00,57.40,57.48,91.87,91.79,55.09
17408,2018-10-06 6:10:00,57.32,57.40,92.39,92.47,55.16
17409,2018-10-06 6:20:00,57.32,57.25,92.39,92.39,55.16
17410,2018-10-06 6:30:00,57.25,57.32,92.28,92.66,55.06
17411,2018-10-06 6:40:00,57.32,57.32,91.98,92.72,55.04
17412,2018-10-06 6:50:00,57.40,57.32,93.18,92.61,55.48
17413,2018-10-06 7:00:00,57.17,57.40,91.84,92.55,54.85
17414,2018-10-06 7:10:00,57.09,57.17,93.12,92.14,55.15
17415,2018-10-06 7:20:00,57.25,57.09,93.56,92.74,55.43
17416,2018-10-06 7:30:00,57.25,57.25,92.28,92.69,55.06
17417,2018-10-06 7:40:00,57.63,57.25,94.05,93.23,55.96
17418,2018-10-06 7:50:00,58.48,57.71,94.99,94.13,57.08
17419,2018-10-06 8:00:00,59.25,58.56,93.42,94.32,57.39
17420,2018-10-06 8:10:00,60.18,59.33,93.99,93.45,58.48
17421,2018-10-06 8:20:00,61.11,60.18,92.09,93.15,58.83
17422,2018-10-06 8:30:00,62.27,61.18,91.70,92.14,59.86
17423,2018-10-06 8:40:00,63.19,62.34,91.51,91.46,60.72
17424,2018-10-06 8:50:00,64.04,63.27,89.92,90.69,61.06
17425,2018-10-06 9:00:00,64.81,64.04,86.45,89.26,60.71
17426,2018-10-06 9:10:00,65.28,64.81,87.51,87.04,61.51
17427,2018-10-06 9:20:00,66.05,65.20,88.93,88.09,62.73
17428,2018-10-06 9:30:00,66.28,66.05,84.00,85.38,61.34
17429,2018-10-06 9:40:00,66.98,66.28,85.95,85.02,62.67
17430,2018-10-06 9:50:00,67.90,67.13,83.33,85.07,62.70
17431,2018-10-06 10:00:00,68.75,67.98,80.76,82.47,62.64
17432,2018-10-06 10:10:00,69.06,68.83,80.39,80.56,62.81
17433,2018-10-06 10:20:00,69.45,69.14,80.93,79.87,63.38
17434,2018-10-06 10:30:00,70.37,69.37,78.64,79.67,63.46
17435,2018-10-06 10:40:00,70.68,70.37,75.91,78.20,62.75
17436,2018-10-06 10:50:00,70.84,70.68,76.84,77.51,63.25
17437,2018-10-06 11:00:00,71.07,70.84,75.15,77.10,62.84
17438,2018-10-06 11:10:00,71.15,71.07,76.15,76.49,63.29
17439,2018-10-06 11:20:00,71.92,71.15,75.65,77.86,63.85
17440,2018-10-06 11:30:00,72.46,71.92,75.36,76.06,64.26
17441,2018-10-06 11:40:00,72.54,72.46,75.65,75.36,64.45
17442,2018-10-06 11:50:00,72.69,72.54,73.89,75.04,63.92
17443,2018-10-06 12:00:00,73.62,72.69,76.81,75.65,65.93
17444,2018-10-06 12:10:00,74.23,73.69,75.39,74.92,65.99
17445,2018-10-06 12:20:00,74.39,74.23,74.01,74.22,65.61
17446,2018-10-06 12:30:00,74.31,74.39,75.04,73.83,65.93
17447,2018-10-06 12:40:00,74.39,74.31,74.13,74.28,65.65
17448,2018-10-06 12:50:00,74.54,74.39,70.70,73.34,64.44
17449,2018-10-06 13:00:00,74.23,74.39,73.63,73.04,65.31
17450,2018-10-06 13:10:00,74.70,74.31,70.32,73.19,64.43
17451,2018-10-06 13:20:00,74.31,74.47,73.66,72.27,65.40
17452,2018-10-06 13:30:00,74.00,74.39,74.13,72.57,65.28
17453,2018-10-06 13:40:00,74.08,74.00,70.38,72.80,63.87
17454,2018-10-06 13:50:00,74.54,74.16,72.78,72.72,65.27
17455,2018-10-06 14:00:00,75.16,74.62,72.86,72.60,65.90
17456,2018-10-06 14:10:00,75.47,75.24,72.30,71.74,65.98
17457,2018-10-06 14:20:00,74.85,75.39,73.25,72.10,65.76
17458,2018-10-06 14:30:00,75.39,74.78,71.95,72.42,65.76
17459,2018-10-06 14:40:00,75.55,75.39,69.93,71.77,65.09
17460,2018-10-06 14:50:00,75.55,75.55,70.88,71.74,65.48
17461,2018-10-06 15:00:00,74.85,75.39,72.21,71.36,65.35
17462,2018-10-06 15:10:00,74.47,74.78,73.54,72.78,65.50
17463,2018-10-06 15:20:00,73.69,74.47,74.10,73.10,64.97
17464,2018-10-06 15:30:00,73.39,73.77,74.36,74.48,64.78
17465,2018-10-06 15:40:00,73.77,73.46,74.51,74.33,65.21
17466,2018-10-06 15:50:00,73.62,73.77,71.59,73.10,63.91
17467,2018-10-06 16:00:00,73.62,73.54,71.12,72.66,63.72
17468,2018-10-06 16:10:00,73.00,73.46,71.48,71.71,63.27
17469,2018-10-06 16:20:00,72.61,72.92,71.65,71.59,62.97
17470,2018-10-06 16:30:00,72.07,72.54,71.00,70.44,62.19
17471,2018-10-06 16:40:00,72.15,72.07,71.59,72.36,62.50
17472,2018-10-06 16:50:00,72.07,72.15,72.04,71.59,62.60
17473,2018-10-06 17:00:00,71.84,72.15,68.68,70.29,61.03
17474,2018-10-06 17:10:00,71.30,71.84,69.93,70.38,61.02
17475,2018-10-06 17:20:00,70.91,71.22,70.88,71.89,61.03
17476,2018-10-06 17:30:00,70.37,70.91,74.51,72.27,61.93
17477,2018-10-06 17:40:00,69.60,70.30,79.16,76.23,62.90
17478,2018-10-06 17:50:00,69.06,69.52,79.44,79.10,62.47
17479,2018-10-06 18:00:00,68.44,68.98,80.73,80.22,62.33
17480,2018-10-06 18:10:00,67.90,68.52,82.45,81.56,62.40
17481,2018-10-06 18:20:00,67.44,67.83,82.96,82.90,62.12
17482,2018-10-06 18:30:00,67.05,67.36,82.42,82.16,61.56
17483,2018-10-06 18:40:00,66.51,66.90,83.27,82.79,61.32
17484,2018-10-06 18:50:00,65.89,66.51,83.52,83.10,60.80
17485,2018-10-06 19:00:00,65.35,65.82,83.92,83.92,60.41
17486,2018-10-06 19:10:00,64.81,65.28,84.68,84.62,60.13
17487,2018-10-06 19:20:00,64.35,64.81,85.52,85.13,59.95
17488,2018-10-06 19:30:00,64.27,64.35,87.70,86.17,60.59
17489,2018-10-06 19:40:00,64.43,64.35,87.29,87.59,60.60
17490,2018-10-06 19:50:00,64.97,64.50,86.48,87.04,60.87
17491,2018-10-06 20:00:00,65.35,65.05,85.66,86.14,60.99
17492,2018-10-06 20:10:00,65.35,65.35,85.19,85.61,60.83
17493,2018-10-06 20:20:00,65.20,65.35,84.88,85.16,60.57
17494,2018-10-06 20:30:00,64.89,65.12,84.40,84.65,60.11
17495,2018-10-06 20:40:00,64.74,64.81,84.34,84.37,59.94
17496,2018-10-06 20:50:00,64.50,64.66,84.31,84.12,59.70
17497,2018-10-06 21:00:00,64.35,64.58,83.86,84.12,59.40
17498,2018-10-06 21:10:00,64.12,64.35,84.17,83.95,59.28
17499,2018-10-06 21:20:00,63.96,64.12,84.62,84.60,59.28
17500,2018-10-06 21:30:00,63.81,63.89,85.44,85.02,59.40
17501,2018-10-06 21:40:00,63.89,63.89,85.02,85.24,59.33
17502,2018-10-06 21:50:00,64.04,64.04,85.05,85.10,59.49
17503,2018-10-06 22:00:00,63.89,64.04,85.47,84.79,59.48
17504,2018-10-06 22:10:00,63.81,63.96,84.99,85.38,59.25
17505,2018-10-06 22:20:00,63.66,63.73,84.99,85.22,59.10
17506,2018-10-06 22:30:00,63.73,63.73,85.55,85.50,59.36
17507,2018-10-06 22:40:00,63.35,63.73,85.52,85.55,58.97
17508,2018-10-06 22:50:00,63.11,63.35,85.89,85.52,58.86
17509,2018-10-06 23:00:00,63.04,63.04,86.78,86.39,59.07
17510,2018-10-06 23:10:00,62.96,62.88,86.23,86.56,58.82
17511,2018-10-06 23:20:00,62.65,63.11,86.62,86.34,58.64
17512,2018-10-06 23:30:00,62.11,62.65,86.53,86.42,58.08
17513,2018-10-06 23:40:00,61.72,62.03,87.79,87.15,58.10
17514,2018-10-06 23:50:00,61.18,61.80,87.40,87.68,57.45
17515,2018-10-07 0:00:00,60.72,61.18,87.76,87.76,57.10
17516,2018-10-07 0:10:00,60.34,60.64,88.57,87.98,56.98
17517,2018-10-07 0:20:00,60.10,60.26,88.98,88.87,56.88
17518,2018-10-07 0:30:00,59.87,60.10,88.95,89.23,56.64
17519,2018-10-07 0:40:00,59.49,59.79,89.31,89.37,56.37
17520,2018-10-07 0:50:00,59.33,59.49,89.73,89.20,56.35
17521,2018-10-07 1:00:00,59.33,59.33,89.73,89.89,56.35
17522,2018-10-07 1:10:00,59.25,59.25,90.03,89.70,56.36
17523,2018-10-07 1:20:00,58.87,59.25,89.97,90.11,55.96
17524,2018-10-07 1:30:00,58.71,58.95,89.53,89.70,55.68
17525,2018-10-07 1:40:00,58.79,58.71,89.97,90.03,55.89
17526,2018-10-07 1:50:00,58.40,58.71,90.00,90.28,55.51
17527,2018-10-07 2:00:00,58.33,58.48,90.86,90.61,55.70
17528,2018-10-07 2:10:00,58.48,58.40,91.18,91.13,55.95
17529,2018-10-07 2:20:00,58.17,58.48,89.89,90.28,55.25
17530,2018-10-07 2:30:00,57.86,58.17,91.10,89.84,55.31
17531,2018-10-07 2:40:00,57.71,57.94,90.33,90.36,54.93
17532,2018-10-07 2:50:00,57.48,57.71,90.31,90.14,54.69
17533,2018-10-07 3:00:00,57.32,57.48,91.02,90.42,54.75
17534,2018-10-07 3:10:00,57.25,57.40,91.54,90.94,54.83
17535,2018-10-07 3:20:00,57.09,57.25,90.25,91.13,54.29
17536,2018-10-07 3:30:00,56.78,57.17,90.64,90.36,54.10
17537,2018-10-07 3:40:00,56.47,56.78,91.43,90.69,54.04
17538,2018-10-07 3:50:00,56.40,56.47,90.99,91.07,53.83
17539,2018-10-07 4:00:00,56.17,56.32,90.86,90.88,53.56
17540,2018-10-07 4:10:00,56.17,56.17,91.29,90.83,53.69
17541,2018-10-07 4:20:00,56.09,56.17,91.38,91.18,53.64
17542,2018-10-07 4:30:00,55.78,56.09,90.91,90.64,53.19
17543,2018-10-07 4:40:00,55.39,55.78,90.86,90.97,52.79
17544,2018-10-07 4:50:00,55.24,55.47,90.83,90.69,52.63
17545,2018-10-07 5:00:00,55.01,55.24,91.65,90.97,52.65
17546,2018-10-07 5:10:00,54.70,55.01,90.77,91.29,52.08
17547,2018-10-07 5:20:00,54.78,54.78,91.51,91.27,52.38
17548,2018-10-07 5:30:00,54.78,54.78,91.10,91.57,52.26
17549,2018-10-07 5:40:00,54.39,54.78,91.57,90.97,52.01
17550,2018-10-07 5:50:00,54.39,54.39,91.87,91.38,52.10
17551,2018-10-07 6:00:00,54.39,54.39,91.57,91.54,52.01
17552,2018-10-07 6:10:00,54.70,54.31,92.44,92.58,52.58
17553,2018-10-07 6:20:00,54.47,54.62,91.98,91.70,52.21
17554,2018-10-07 6:30:00,54.39,54.39,91.13,91.46,51.88
17555,2018-10-07 6:40:00,54.08,54.39,91.51,91.24,51.69
17556,2018-10-07 6:50:00,53.93,54.00,91.38,91.49,51.50
17557,2018-10-07 7:00:00,53.93,53.85,91.38,91.70,51.50
17558,2018-10-07 7:10:00,53.77,53.93,91.38,91.51,51.34
17559,2018-10-07 7:20:00,54.08,53.85,93.50,92.31,52.27
17560,2018-10-07 7:30:00,54.23,54.08,93.56,93.07,52.44
17561,2018-10-07 7:40:00,54.54,54.31,93.18,93.67,52.64
17562,2018-10-07 7:50:00,55.01,54.62,94.07,93.67,53.36
17563,2018-10-07 8:00:00,56.17,55.01,96.28,94.78,55.15
17564,2018-10-07 8:10:00,57.40,56.32,94.83,95.85,55.96
17565,2018-10-07 8:20:00,58.64,57.48,93.37,94.51,56.76
17566,2018-10-07 8:30:00,59.79,58.79,93.15,93.31,57.84
17567,2018-10-07 8:40:00,61.11,59.95,91.98,92.63,58.79
17568,2018-10-07 8:50:00,62.34,61.18,90.88,91.62,59.68
17569,2018-10-07 9:00:00,63.58,62.50,87.62,89.26,59.87
17570,2018-10-07 9:10:00,64.58,63.66,87.31,86.92,60.77
17571,2018-10-07 9:20:00,65.89,64.58,87.04,87.26,61.97
17572,2018-10-07 9:30:00,67.13,66.05,83.81,84.74,62.11
17573,2018-10-07 9:40:00,68.60,67.28,84.31,83.92,63.72
17574,2018-10-07 9:50:00,69.52,68.60,80.85,81.13,63.43
17575,2018-10-07 10:00:00,69.83,69.68,77.66,78.32,62.58
17576,2018-10-07 10:10:00,70.06,69.76,76.32,76.55,62.31
17577,2018-10-07 10:20:00,70.76,70.14,73.16,75.36,61.78
17578,2018-10-07 10:30:00,71.61,70.84,70.44,73.31,61.52
17579,2018-10-07 10:40:00,72.38,71.69,69.15,72.27,61.74
17580,2018-10-07 10:50:00,72.92,72.46,70.67,71.03,62.88
17581,2018-10-07 11:00:00,73.69,72.92,70.20,70.79,63.42
17582,2018-10-07 11:10:00,73.93,73.69,70.73,70.53,63.86
17583,2018-10-07 11:20:00,73.54,73.85,71.65,71.59,63.86
17584,2018-10-07 11:30:00,74.00,73.46,71.33,72.57,64.18
17585,2018-10-07 11:40:00,74.54,74.00,69.27,70.94,63.86
17586,2018-10-07 11:50:00,75.32,74.54,70.35,68.80,65.04
17587,2018-10-07 12:00:00,76.94,75.70,66.72,67.21,65.07
17588,2018-10-07 12:10:00,77.86,77.01,64.03,64.27,64.76
17589,2018-10-07 12:20:00,78.40,77.94,60.66,62.41,63.72
17590,2018-10-07 12:30:00,78.71,78.40,58.94,59.43,63.19
17591,2018-10-07 12:40:00,79.18,78.79,59.25,59.34,63.77
17592,2018-10-07 12:50:00,78.48,79.10,59.93,58.75,63.45
17593,2018-10-07 13:00:00,78.02,78.40,58.35,58.94,62.25
17594,2018-10-07 13:10:00,77.32,77.94,58.07,58.44,61.47
17595,2018-10-07 13:20:00,77.32,77.32,60.54,60.02,62.65
17596,2018-10-07 13:30:00,77.25,77.32,57.82,60.57,61.27
17597,2018-10-07 13:40:00,77.56,77.09,60.08,60.51,62.65
17598,2018-10-07 13:50:00,77.79,77.56,59.62,60.30,62.65
17599,2018-10-07 14:00:00,77.32,77.86,58.07,58.16,61.47
17600,2018-10-07 14:10:00,76.47,77.25,59.99,58.81,61.59
17601,2018-10-07 14:20:00,75.55,76.32,61.86,60.76,61.59
17602,2018-10-07 14:30:00,75.70,75.55,62.14,62.44,61.86
17603,2018-10-07 14:40:00,75.32,75.70,62.81,62.35,61.80
17604,2018-10-07 14:50:00,75.01,75.32,68.05,64.21,63.79
17605,2018-10-07 15:00:00,74.85,75.01,66.60,65.37,63.03
17606,2018-10-07 15:10:00,74.31,74.78,66.97,65.91,62.67
17607,2018-10-07 15:20:00,73.85,74.23,69.75,67.24,63.39
17608,2018-10-07 15:30:00,73.69,73.93,67.99,68.26,62.51
17609,2018-10-07 15:40:00,73.46,73.54,69.18,69.04,62.79
17610,2018-10-07 15:50:00,73.46,73.46,68.83,69.81,62.64
17611,2018-10-07 16:00:00,73.08,73.46,71.21,70.32,63.24
17612,2018-10-07 16:10:00,73.31,73.08,71.21,71.33,63.46
17613,2018-10-07 16:20:00,73.08,73.23,71.53,70.79,63.37
17614,2018-10-07 16:30:00,72.84,73.08,70.14,69.78,62.59
17615,2018-10-07 16:40:00,72.77,72.92,70.20,69.69,62.54
17616,2018-10-07 16:50:00,72.61,72.77,70.05,70.20,62.33
17617,2018-10-07 17:00:00,72.38,72.61,69.21,70.20,61.77
17618,2018-10-07 17:10:00,72.00,72.38,66.66,68.92,60.34
17619,2018-10-07 17:20:00,71.45,71.84,69.96,69.04,61.18
17620,2018-10-07 17:30:00,70.99,71.53,70.02,69.45,60.76
17621,2018-10-07 17:40:00,70.53,70.91,71.33,71.27,60.84
17622,2018-10-07 17:50:00,69.99,70.45,73.19,71.65,61.05
17623,2018-10-07 18:00:00,69.45,69.91,73.66,73.16,60.71
17624,2018-10-07 18:10:00,68.75,69.37,75.30,73.63,60.66
17625,2018-10-07 18:20:00,68.06,68.75,76.61,75.59,60.47
17626,2018-10-07 18:30:00,67.44,68.06,74.63,75.97,59.14
17627,2018-10-07 18:40:00,66.67,67.44,75.12,75.80,58.58
17628,2018-10-07 18:50:00,65.97,66.59,76.35,75.80,58.36
17629,2018-10-07 19:00:00,65.35,65.97,78.67,76.79,58.59
17630,2018-10-07 19:10:00,64.66,65.20,79.04,78.87,58.05
17631,2018-10-07 19:20:00,63.96,64.58,80.73,79.82,57.96
17632,2018-10-07 19:30:00,63.42,63.96,81.45,80.99,57.68
17633,2018-10-07 19:40:00,62.81,63.27,82.27,82.13,57.36
17634,2018-10-07 19:50:00,61.96,62.73,82.62,82.62,56.64
17635,2018-10-07 20:00:00,61.42,61.96,83.95,83.33,56.55
17636,2018-10-07 20:10:00,61.18,61.42,84.37,84.03,56.47
17637,2018-10-07 20:20:00,60.88,61.11,83.78,84.31,55.97
17638,2018-10-07 20:30:00,60.64,60.80,84.62,84.14,56.02
17639,2018-10-07 20:40:00,60.49,60.64,85.02,84.46,56.00
17640,2018-10-07 20:50:00,60.10,60.41,85.52,84.85,55.78
17641,2018-10-07 21:00:00,59.56,60.10,84.06,84.96,54.77
17642,2018-10-07 21:10:00,59.41,59.64,85.44,84.71,55.07
17643,2018-10-07 21:20:00,58.95,59.25,85.24,85.07,54.55
17644,2018-10-07 21:30:00,58.87,58.95,87.09,86.09,55.07
17645,2018-10-07 21:40:00,58.71,58.87,85.75,86.39,54.49
17646,2018-10-07 21:50:00,58.71,58.71,85.66,85.55,54.46
17647,2018-10-07 22:00:00,58.33,58.64,86.17,85.95,54.24
17648,2018-10-07 22:10:00,57.94,58.33,86.11,85.92,53.84
17649,2018-10-07 22:20:00,57.94,58.02,86.45,86.00,53.95
17650,2018-10-07 22:30:00,57.79,57.94,86.00,86.37,53.66
17651,2018-10-07 22:40:00,57.63,57.79,86.92,86.50,53.80
17652,2018-10-07 22:50:00,57.32,57.56,86.48,86.87,53.35
17653,2018-10-07 23:00:00,57.25,57.32,86.78,86.37,53.37
17654,2018-10-07 23:10:00,57.32,57.17,87.65,86.95,53.72
17655,2018-10-07 23:20:00,57.09,57.32,86.87,87.20,53.25
17656,2018-10-07 23:30:00,56.78,57.17,87.15,87.09,53.03
17657,2018-10-07 23:40:00,56.78,56.78,87.57,87.26,53.16
17658,2018-10-07 23:50:00,56.94,56.78,88.01,87.76,53.45
17659,2018-10-08 0:00:00,56.32,56.94,86.76,86.76,52.45
17660,2018-10-08 0:10:00,56.01,56.32,87.15,87.17,52.27
17661,2018-10-08 0:20:00,56.01,56.01,88.32,87.70,52.63
17662,2018-10-08 0:30:00,55.93,56.09,87.45,87.93,52.29
17663,2018-10-08 0:40:00,55.62,55.86,86.98,87.68,51.84
17664,2018-10-08 0:50:00,55.16,55.55,88.73,87.95,51.92
17665,2018-10-08 1:00:00,55.39,55.24,89.06,89.31,52.25
17666,2018-10-08 1:10:00,55.78,55.39,89.56,89.51,52.78
17667,2018-10-08 1:20:00,55.86,55.70,89.15,89.70,52.73
17668,2018-10-08 1:30:00,55.70,55.86,89.23,88.79,52.61
17669,2018-10-08 1:40:00,55.62,55.70,88.68,88.29,52.36
17670,2018-10-08 1:50:00,55.24,55.70,88.20,88.51,51.84
17671,2018-10-08 2:00:00,55.24,55.24,89.89,88.70,52.35
17672,2018-10-08 2:10:00,55.39,55.24,89.92,89.89,52.51
17673,2018-10-08 2:20:00,55.78,55.47,89.12,90.22,52.65
17674,2018-10-08 2:30:00,55.78,55.78,88.29,88.73,52.39
17675,2018-10-08 2:40:00,55.32,55.78,87.79,87.95,51.78
17676,2018-10-08 2:50:00,55.08,55.32,88.18,88.34,51.68
17677,2018-10-08 3:00:00,54.70,55.08,88.15,88.20,51.29
17678,2018-10-08 3:10:00,54.39,54.70,88.20,88.48,51.00
17679,2018-10-08 3:20:00,54.08,54.39,88.90,88.34,50.90
17680,2018-10-08 3:30:00,53.69,54.08,88.84,88.29,50.51
17681,2018-10-08 3:40:00,53.69,53.69,88.84,89.26,50.51
17682,2018-10-08 3:50:00,53.39,53.69,88.81,88.73,50.19
17683,2018-10-08 4:00:00,53.08,53.39,88.87,88.34,49.91
17684,2018-10-08 4:10:00,52.92,53.00,88.32,88.76,49.58
17685,2018-10-08 4:20:00,52.77,52.84,89.97,88.93,49.93
17686,2018-10-08 4:30:00,52.61,52.77,89.53,89.53,49.65
17687,2018-10-08 4:40:00,52.61,52.61,89.53,89.53,49.65
17688,2018-10-08 4:50:00,52.54,52.54,89.53,89.70,49.57
17689,2018-10-08 5:00:00,52.46,52.54,89.20,89.70,49.40
17690,2018-10-08 5:10:00,52.15,52.46,89.59,89.12,49.21
17691,2018-10-08 5:20:00,52.00,52.15,89.15,89.81,48.92
17692,2018-10-08 5:30:00,51.92,52.07,89.12,89.53,48.84
17693,2018-10-08 5:40:00,51.53,51.76,89.92,89.73,48.69
17694,2018-10-08 5:50:00,51.76,51.61,90.66,90.28,49.14
17695,2018-10-08 6:00:00,51.53,51.76,89.48,89.23,48.56
17696,2018-10-08 6:10:00,51.45,51.53,90.22,89.81,48.71
17697,2018-10-08 6:20:00,51.61,51.45,91.07,90.53,49.11
17698,2018-10-08 6:30:00,51.53,51.69,90.33,90.33,48.82
17699,2018-10-08 6:40:00,51.22,51.45,89.86,90.28,48.37
17700,2018-10-08 6:50:00,51.22,51.22,90.58,90.47,48.58
17701,2018-10-08 7:00:00,51.15,51.22,90.58,90.58,48.51
17702,2018-10-08 7:10:00,51.30,51.22,91.54,90.83,48.94
17703,2018-10-08 7:20:00,51.38,51.38,91.02,91.13,48.87
17704,2018-10-08 7:30:00,51.45,51.38,91.05,90.97,48.95
17705,2018-10-08 7:40:00,51.61,51.45,91.07,91.18,49.11
17706,2018-10-08 7:50:00,52.07,51.61,92.06,91.65,49.86
17707,2018-10-08 8:00:00,53.08,52.23,93.01,92.72,51.13
17708,2018-10-08 8:10:00,54.54,53.23,95.23,94.15,53.23
17709,2018-10-08 8:20:00,56.24,54.85,95.53,95.53,55.01
17710,2018-10-08 8:30:00,57.94,56.55,93.26,94.29,56.04
17711,2018-10-08 8:40:00,59.41,58.10,91.73,92.50,57.04
17712,2018-10-08 8:50:00,60.88,59.56,89.84,90.20,57.91
17713,2018-10-08 9:00:00,62.27,60.95,87.98,88.90,58.70
17714,2018-10-08 9:10:00,63.50,62.34,84.99,85.55,58.94
17715,2018-10-08 9:20:00,64.66,63.58,84.34,84.31,59.87
17716,2018-10-08 9:30:00,65.89,64.74,82.62,83.16,60.49
17717,2018-10-08 9:40:00,67.13,66.05,81.13,81.33,61.19
17718,2018-10-08 9:50:00,67.90,67.13,79.87,79.21,61.50
17719,2018-10-08 10:00:00,68.44,68.06,76.76,76.38,60.90
17720,2018-10-08 10:10:00,69.60,68.60,74.48,76.44,61.17
17721,2018-10-08 10:20:00,70.30,69.60,73.19,74.54,61.34
17722,2018-10-08 10:30:00,70.84,70.37,71.77,73.16,61.31
17723,2018-10-08 10:40:00,71.22,70.84,72.36,72.01,61.92
17724,2018-10-08 10:50:00,72.00,71.22,72.39,72.66,62.67
17725,2018-10-08 11:00:00,72.30,72.07,73.42,71.50,63.37
17726,2018-10-08 11:10:00,72.77,72.38,73.39,71.71,63.81
17727,2018-10-08 11:20:00,73.62,72.84,71.27,71.36,63.78
17728,2018-10-08 11:30:00,74.08,73.69,69.84,70.82,63.65
17729,2018-10-08 11:40:00,75.16,74.16,71.24,70.23,65.25
17730,2018-10-08 11:50:00,75.86,75.32,69.93,69.72,65.38
17731,2018-10-08 12:00:00,76.24,76.01,69.12,69.06,65.42
17732,2018-10-08 12:10:00,76.01,76.24,70.85,69.04,65.91
17733,2018-10-08 12:20:00,76.40,75.93,69.54,70.67,65.74
17734,2018-10-08 12:30:00,76.40,76.40,69.06,69.66,65.54
17735,2018-10-08 12:40:00,76.40,76.40,67.72,69.18,64.98
17736,2018-10-08 12:50:00,75.55,76.17,70.08,69.24,65.15
17737,2018-10-08 13:00:00,74.93,75.39,71.89,70.53,65.29
17738,2018-10-08 13:10:00,75.01,74.93,69.54,71.00,64.41
17739,2018-10-08 13:20:00,75.39,74.85,70.02,71.77,64.98
17740,2018-10-08 13:30:00,75.32,75.47,69.93,70.41,64.87
17741,2018-10-08 13:40:00,74.23,75.16,70.26,70.23,63.97
17742,2018-10-08 13:50:00,73.85,74.16,71.62,71.77,64.15
17743,2018-10-08 14:00:00,73.93,74.00,73.01,71.68,64.77
17744,2018-10-08 14:10:00,73.93,74.00,72.24,71.68,64.47
17745,2018-10-08 14:20:00,73.93,73.93,71.65,71.48,64.23
17746,2018-10-08 14:30:00,74.31,73.93,70.76,71.09,64.24
17747,2018-10-08 14:40:00,74.47,74.31,70.76,70.38,64.39
17748,2018-10-08 14:50:00,73.62,74.47,71.62,70.23,63.92
17749,2018-10-08 15:00:00,73.62,73.54,69.81,71.42,63.19
17750,2018-10-08 15:10:00,73.69,73.54,70.14,70.82,63.40
17751,2018-10-08 15:20:00,74.08,73.77,70.67,71.06,63.99
17752,2018-10-08 15:30:00,73.54,74.08,70.76,70.32,63.50
17753,2018-10-08 15:40:00,72.92,73.54,71.03,70.64,63.02
17754,2018-10-08 15:50:00,72.84,72.92,72.07,72.10,63.36
17755,2018-10-08 16:00:00,72.54,72.77,73.36,71.86,63.57
17756,2018-10-08 16:10:00,72.30,72.61,72.42,72.04,62.98
17757,2018-10-08 16:20:00,71.69,72.30,73.83,72.75,62.93
17758,2018-10-08 16:30:00,71.69,71.69,74.80,74.19,63.31
17759,2018-10-08 16:40:00,71.07,71.69,74.69,73.98,62.66
17760,2018-10-08 16:50:00,70.68,71.07,74.66,74.77,62.28
17761,2018-10-08 17:00:00,70.53,70.76,77.34,75.59,63.13
17762,2018-10-08 17:10:00,70.22,70.61,75.42,76.32,62.12
17763,2018-10-08 17:20:00,69.68,70.22,76.79,76.52,62.11
17764,2018-10-08 17:30:00,68.98,69.60,77.63,77.37,61.74
17765,2018-10-08 17:40:00,68.37,68.98,79.36,78.41,61.77
17766,2018-10-08 17:50:00,67.90,68.29,80.28,79.73,61.64
17767,2018-10-08 18:00:00,67.52,67.98,80.73,80.19,61.43
17768,2018-10-08 18:10:00,66.98,67.44,81.08,80.93,61.02
17769,2018-10-08 18:20:00,66.44,67.05,81.91,81.36,60.78
17770,2018-10-08 18:30:00,65.82,66.44,83.07,82.25,60.57
17771,2018-10-08 18:40:00,65.43,65.89,84.03,83.41,60.52
17772,2018-10-08 18:50:00,65.12,65.43,84.77,84.23,60.46
17773,2018-10-08 19:00:00,64.81,65.12,85.13,84.71,60.28
17774,2018-10-08 19:10:00,64.58,64.74,85.24,84.99,60.09
17775,2018-10-08 19:20:00,64.27,64.50,85.16,85.38,59.76
17776,2018-10-08 19:30:00,64.27,64.35,85.16,85.22,59.76
17777,2018-10-08 19:40:00,63.66,64.20,85.02,85.19,59.10
17778,2018-10-08 19:50:00,62.96,63.66,85.36,85.44,58.53
17779,2018-10-08 20:00:00,62.65,63.04,86.62,86.11,58.64
17780,2018-10-08 20:10:00,62.19,62.57,86.64,86.67,58.19
17781,2018-10-08 20:20:00,61.80,62.19,87.06,86.84,57.95
17782,2018-10-08 20:30:00,61.72,61.88,87.48,87.59,58.00
17783,2018-10-08 20:40:00,61.57,61.72,86.92,87.37,57.67
17784,2018-10-08 20:50:00,61.18,61.49,87.40,87.12,57.45
17785,2018-10-08 21:00:00,60.88,61.11,86.81,87.31,56.95
17786,2018-10-08 21:10:00,60.72,61.03,87.34,87.34,56.97
17787,2018-10-08 21:20:00,60.41,60.80,87.62,87.40,56.75
17788,2018-10-08 21:30:00,60.10,60.49,87.59,87.90,56.44
17789,2018-10-08 21:40:00,60.10,60.10,89.84,88.54,57.14
17790,2018-10-08 21:50:00,60.41,60.10,90.72,90.11,57.72
17791,2018-10-08 22:00:00,60.88,60.34,91.21,91.16,58.33
17792,2018-10-08 22:10:00,61.42,60.88,92.11,91.92,59.14
17793,2018-10-08 22:20:00,61.72,61.34,90.80,91.90,59.04
17794,2018-10-08 22:30:00,62.11,61.80,89.26,90.61,58.95
17795,2018-10-08 22:40:00,62.65,62.27,88.90,89.01,59.37
17796,2018-10-08 22:50:00,62.88,62.73,88.81,88.98,59.57
17797,2018-10-08 23:00:00,62.96,62.88,87.95,88.57,59.37
17798,2018-10-08 23:10:00,63.11,62.96,87.98,87.93,59.53
17799,2018-10-08 23:20:00,63.04,63.04,88.51,88.68,59.63
17800,2018-10-08 23:30:00,62.96,63.11,88.40,88.70,59.51
17801,2018-10-08 23:40:00,62.96,63.04,88.07,88.26,59.41
17802,2018-10-08 23:50:00,63.04,62.96,88.95,88.32,59.77
17803,2018-10-09 0:00:00,63.11,63.04,88.51,88.93,59.70
17804,2018-10-09 0:10:00,63.11,63.04,89.70,89.06,60.08
17805,2018-10-09 0:20:00,63.19,63.11,89.81,89.23,60.19
17806,2018-10-09 0:30:00,63.27,63.19,89.84,89.34,60.27
17807,2018-10-09 0:40:00,63.35,63.27,90.28,90.03,60.49
17808,2018-10-09 0:50:00,63.42,63.27,89.31,89.23,60.26
17809,2018-10-09 1:00:00,63.42,63.35,87.59,88.45,59.71
17810,2018-10-09 1:10:00,63.42,63.42,85.97,86.78,59.19
17811,2018-10-09 1:20:00,63.42,63.42,84.99,86.17,58.87
17812,2018-10-09 1:30:00,63.27,63.42,85.47,85.19,58.87
17813,2018-10-09 1:40:00,63.11,63.11,85.38,85.10,58.69
17814,2018-10-09 1:50:00,63.19,63.11,85.50,85.22,58.81
17815,2018-10-09 2:00:00,63.11,63.11,85.47,85.72,58.72
17816,2018-10-09 2:10:00,63.19,63.19,85.38,85.58,58.77
17817,2018-10-09 2:20:00,63.19,63.19,85.07,85.27,58.67
17818,2018-10-09 2:30:00,63.27,63.19,85.50,85.95,58.88
17819,2018-10-09 2:40:00,63.35,63.27,86.39,85.69,59.25
17820,2018-10-09 2:50:00,63.27,63.27,85.83,85.89,58.99
17821,2018-10-09 3:00:00,63.35,63.27,86.28,85.80,59.21
17822,2018-10-09 3:10:00,63.27,63.35,85.47,86.14,58.87
17823,2018-10-09 3:20:00,63.27,63.35,86.37,86.34,59.17
17824,2018-10-09 3:30:00,63.27,63.27,86.37,86.25,59.17
17825,2018-10-09 3:40:00,63.35,63.27,86.78,86.64,59.38
17826,2018-10-09 3:50:00,63.27,63.27,86.28,86.53,59.14
17827,2018-10-09 4:00:00,63.11,63.19,86.25,87.20,58.98
17828,2018-10-09 4:10:00,63.04,63.19,86.34,86.28,58.93
17829,2018-10-09 4:20:00,62.96,63.04,87.54,86.53,59.24
17830,2018-10-09 4:30:00,62.81,63.04,87.06,87.76,58.94
17831,2018-10-09 4:40:00,62.73,62.88,83.21,84.03,57.60
17832,2018-10-09 4:50:00,62.73,62.73,82.67,84.03,57.42
17833,2018-10-09 5:00:00,62.73,62.73,83.69,83.55,57.76
17834,2018-10-09 5:10:00,62.50,62.65,83.55,83.69,57.48
17835,2018-10-09 5:20:00,62.27,62.50,84.93,84.34,57.71
17836,2018-10-09 5:30:00,61.96,62.27,84.03,84.37,57.11
17837,2018-10-09 5:40:00,61.80,62.03,84.43,84.03,57.09
17838,2018-10-09 5:50:00,61.65,61.72,84.31,84.20,56.90
17839,2018-10-09 6:00:00,61.34,61.57,84.82,84.46,56.77
17840,2018-10-09 6:10:00,61.42,61.42,85.24,84.65,56.98
17841,2018-10-09 6:20:00,61.42,61.42,85.24,84.88,56.98
17842,2018-10-09 6:30:00,61.42,61.49,85.27,85.13,56.99
17843,2018-10-09 6:40:00,61.42,61.49,84.71,84.91,56.81
17844,2018-10-09 6:50:00,61.42,61.49,84.82,84.88,56.84
17845,2018-10-09 7:00:00,61.42,61.49,85.58,85.41,57.09
17846,2018-10-09 7:10:00,61.26,61.34,86.45,85.86,57.22
17847,2018-10-09 7:20:00,61.26,61.26,86.11,86.14,57.11
17848,2018-10-09 7:30:00,61.34,61.18,86.14,86.34,57.19
17849,2018-10-09 7:40:00,61.26,61.26,85.97,86.50,57.06
17850,2018-10-09 7:50:00,61.65,61.42,86.14,86.03,57.50
17851,2018-10-09 8:00:00,62.03,61.65,86.11,86.03,57.87
17852,2018-10-09 8:10:00,62.50,62.03,84.54,85.22,57.81
17853,2018-10-09 8:20:00,62.96,62.50,83.16,84.91,57.80
17854,2018-10-09 8:30:00,63.58,63.04,83.81,83.44,58.63
17855,2018-10-09 8:40:00,64.27,63.58,82.56,83.18,58.89
17856,2018-10-09 8:50:00,65.05,64.35,82.19,82.10,59.52
17857,2018-10-09 9:00:00,65.82,65.12,79.13,80.82,59.21
17858,2018-10-09 9:10:00,66.51,65.82,77.45,79.36,59.28
17859,2018-10-09 9:20:00,67.28,66.51,78.00,77.71,60.23
17860,2018-10-09 9:30:00,68.06,67.28,74.30,76.41,59.61
17861,2018-10-09 9:40:00,68.75,68.06,73.45,74.42,59.96
17862,2018-10-09 9:50:00,69.60,68.83,70.85,74.22,59.76
17863,2018-10-09 10:00:00,70.22,69.60,71.27,71.42,60.52
17864,2018-10-09 10:10:00,71.07,70.22,72.21,71.30,61.71
17865,2018-10-09 10:20:00,71.69,71.15,66.15,68.89,59.82
17866,2018-10-09 10:30:00,72.15,71.61,65.67,68.14,60.06
17867,2018-10-09 10:40:00,72.23,72.15,66.84,66.60,60.63
17868,2018-10-09 10:50:00,71.61,72.30,64.42,64.64,59.01
17869,2018-10-09 11:00:00,71.38,71.61,65.12,65.70,59.09
17870,2018-10-09 11:10:00,72.15,71.38,69.54,66.09,61.68
17871,2018-10-09 11:20:00,71.61,72.07,70.94,69.81,61.72
17872,2018-10-09 11:30:00,72.15,71.76,70.94,71.59,62.24
17873,2018-10-09 11:40:00,71.45,72.07,72.86,72.39,62.33
17874,2018-10-09 11:50:00,70.53,71.22,73.66,74.01,61.75
17875,2018-10-09 12:00:00,69.83,70.61,75.47,74.36,61.77
17876,2018-10-09 12:10:00,70.06,69.76,76.32,75.68,62.31
17877,2018-10-09 12:20:00,69.76,70.14,78.12,75.27,62.67
17878,2018-10-09 12:30:00,71.07,70.06,74.28,76.03,62.51
17879,2018-10-09 12:40:00,71.61,71.07,73.72,74.66,62.81
17880,2018-10-09 12:50:00,72.00,71.69,73.36,73.36,63.05
17881,2018-10-09 13:00:00,71.53,72.00,73.31,72.39,62.58
17882,2018-10-09 13:10:00,71.53,71.61,72.83,73.10,62.40
17883,2018-10-09 13:20:00,71.15,71.45,72.78,73.07,62.00
17884,2018-10-09 13:30:00,71.22,71.22,73.66,72.95,62.42
17885,2018-10-09 13:40:00,72.46,71.45,73.34,73.42,63.48
17886,2018-10-09 13:50:00,73.08,72.46,71.15,71.68,63.21
17887,2018-10-09 14:00:00,73.54,73.15,70.67,70.85,63.47
17888,2018-10-09 14:10:00,73.69,73.54,69.36,70.02,63.08
17889,2018-10-09 14:20:00,73.54,73.62,70.17,70.26,63.26
17890,2018-10-09 14:30:00,73.23,73.54,69.36,69.81,62.64
17891,2018-10-09 14:40:00,73.39,73.23,70.61,70.53,63.30
17892,2018-10-09 14:50:00,72.46,73.31,72.07,69.84,62.99
17893,2018-10-09 15:00:00,72.69,72.46,71.53,71.06,63.00
17894,2018-10-09 15:10:00,72.69,72.77,70.64,70.38,62.64
17895,2018-10-09 15:20:00,71.84,72.61,69.21,69.78,61.25
17896,2018-10-09 15:30:00,71.45,71.84,69.01,70.41,60.79
17897,2018-10-09 15:40:00,71.45,71.30,71.53,71.50,61.81
17898,2018-10-09 15:50:00,70.61,71.45,72.27,71.15,61.29
17899,2018-10-09 16:00:00,70.84,70.68,72.80,72.57,61.72
17900,2018-10-09 16:10:00,70.76,70.84,71.27,72.19,61.04
17901,2018-10-09 16:20:00,70.37,70.84,72.24,71.65,61.05
17902,2018-10-09 16:30:00,70.22,70.30,72.69,72.39,61.08
17903,2018-10-09 16:40:00,69.91,70.30,72.69,72.63,60.78
17904,2018-10-09 16:50:00,69.45,69.91,72.24,72.80,60.16
17905,2018-10-09 17:00:00,68.83,69.29,73.86,73.81,60.19
17906,2018-10-09 17:10:00,68.13,68.75,74.42,73.86,59.73
17907,2018-10-09 17:20:00,67.44,67.98,74.36,74.77,59.04
17908,2018-10-09 17:30:00,67.05,67.44,75.97,75.85,59.26
17909,2018-10-09 17:40:00,66.59,67.05,76.55,76.70,59.03
17910,2018-10-09 17:50:00,66.13,66.51,78.58,77.80,59.31
17911,2018-10-09 18:00:00,65.66,66.13,78.20,77.89,58.73
17912,2018-10-09 18:10:00,65.05,65.59,79.01,79.19,58.41
17913,2018-10-09 18:20:00,64.50,64.97,79.42,80.10,58.03
17914,2018-10-09 18:30:00,64.12,64.58,81.22,80.85,58.28
17915,2018-10-09 18:40:00,63.66,64.04,81.91,81.59,58.06
17916,2018-10-09 18:50:00,63.19,63.58,83.30,82.42,58.08
17917,2018-10-09 19:00:00,62.81,63.11,83.55,83.18,57.79
17918,2018-10-09 19:10:00,62.50,62.73,83.66,83.69,57.52
17919,2018-10-09 19:20:00,62.11,62.50,83.47,83.55,57.08
17920,2018-10-09 19:30:00,61.57,62.11,84.82,83.69,56.99
17921,2018-10-09 19:40:00,61.03,61.57,84.34,84.14,56.31
17922,2018-10-09 19:50:00,60.64,60.95,85.05,84.85,56.16
17923,2018-10-09 20:00:00,60.41,60.72,85.47,85.07,56.07
17924,2018-10-09 20:10:00,60.03,60.34,85.83,85.66,55.80
17925,2018-10-09 20:20:00,59.87,60.10,85.50,85.64,55.54
17926,2018-10-09 20:30:00,59.49,59.95,85.89,85.27,55.29
17927,2018-10-09 20:40:00,59.10,59.49,85.80,86.14,54.88
17928,2018-10-09 20:50:00,58.87,59.10,85.69,86.00,54.62
17929,2018-10-09 21:00:00,58.56,58.79,86.53,86.28,54.59
17930,2018-10-09 21:10:00,58.10,58.56,86.45,86.76,54.10
17931,2018-10-09 21:20:00,57.86,58.10,87.40,86.98,54.17
17932,2018-10-09 21:30:00,57.48,57.86,87.34,87.17,53.78
17933,2018-10-09 21:40:00,57.56,57.48,88.20,87.68,54.12
17934,2018-10-09 21:50:00,57.48,57.56,87.76,87.73,53.91
17935,2018-10-09 22:00:00,57.09,57.48,88.15,87.84,53.65
17936,2018-10-09 22:10:00,56.86,57.09,88.84,88.29,53.63
17937,2018-10-09 22:20:00,56.86,56.94,88.43,88.76,53.50
17938,2018-10-09 22:30:00,56.63,56.78,88.81,88.20,53.40
17939,2018-10-09 22:40:00,56.55,56.55,88.81,88.45,53.32
17940,2018-10-09 22:50:00,56.55,56.40,89.64,89.26,53.57
17941,2018-10-09 23:00:00,56.47,56.55,89.75,89.48,53.53
17942,2018-10-09 23:10:00,56.63,56.47,91.05,90.36,54.07
17943,2018-10-09 23:20:00,56.63,56.55,89.78,90.31,53.69
17944,2018-10-09 23:30:00,56.94,56.71,90.14,90.17,54.11
17945,2018-10-09 23:40:00,57.25,57.01,89.86,90.11,54.33
17946,2018-10-09 23:50:00,57.17,57.17,89.01,89.40,53.99
17947,2018-10-10 0:00:00,56.63,57.25,88.51,88.45,53.30
17948,2018-10-10 0:10:00,56.40,56.55,88.37,88.87,53.03
17949,2018-10-10 0:20:00,56.24,56.32,89.28,88.76,53.16
17950,2018-10-10 0:30:00,56.09,56.24,88.43,89.17,52.74
17951,2018-10-10 0:40:00,55.62,56.01,89.12,88.90,52.50
17952,2018-10-10 0:50:00,55.47,55.62,89.92,89.37,52.59
17953,2018-10-10 1:00:00,55.47,55.47,89.51,89.92,52.46
17954,2018-10-10 1:10:00,55.24,55.47,89.48,89.15,52.23
17955,2018-10-10 1:20:00,55.32,55.24,89.92,89.75,52.44
17956,2018-10-10 1:30:00,55.62,55.47,91.62,90.53,53.25
17957,2018-10-10 1:40:00,55.55,55.62,90.88,90.91,52.95
17958,2018-10-10 1:50:00,55.93,55.62,90.83,91.35,53.32
17959,2018-10-10 2:00:00,56.09,55.93,90.86,90.83,53.48
17960,2018-10-10 2:10:00,56.09,56.09,90.97,90.83,53.51
17961,2018-10-10 2:20:00,56.09,56.09,91.79,91.07,53.76
17962,2018-10-10 2:30:00,56.47,56.09,92.28,92.11,54.29
17963,2018-10-10 2:40:00,56.78,56.47,91.38,91.60,54.33
17964,2018-10-10 2:50:00,57.09,56.86,91.92,91.60,54.80
17965,2018-10-10 3:00:00,57.32,57.17,91.54,92.06,54.91
17966,2018-10-10 3:10:00,57.63,57.40,91.07,91.68,55.08
17967,2018-10-10 3:20:00,57.86,57.71,90.36,90.69,55.09
17968,2018-10-10 3:30:00,57.63,57.86,90.64,90.22,54.94
17969,2018-10-10 3:40:00,57.63,57.63,89.92,90.39,54.73
17970,2018-10-10 3:50:00,57.63,57.71,90.75,90.42,54.98
17971,2018-10-10 4:00:00,57.86,57.71,91.10,90.94,55.31
17972,2018-10-10 4:10:00,57.94,57.86,91.10,91.10,55.39
17973,2018-10-10 4:20:00,58.02,57.94,91.24,90.91,55.51
17974,2018-10-10 4:30:00,58.10,58.02,91.24,91.16,55.59
17975,2018-10-10 4:40:00,58.40,58.17,90.86,91.27,55.77
17976,2018-10-10 4:50:00,58.40,58.40,90.86,90.44,55.77
17977,2018-10-10 5:00:00,58.48,58.48,90.44,90.80,55.73
17978,2018-10-10 5:10:00,58.56,58.56,91.18,90.64,56.03
17979,2018-10-10 5:20:00,58.71,58.56,91.32,91.38,56.22
17980,2018-10-10 5:30:00,59.02,58.79,90.53,91.29,56.29
17981,2018-10-10 5:40:00,58.95,58.95,90.42,90.50,56.18
17982,2018-10-10 5:50:00,59.02,58.87,90.53,90.58,56.29
17983,2018-10-10 6:00:00,59.10,59.02,90.42,90.64,56.33
17984,2018-10-10 6:10:00,59.18,59.10,90.55,90.25,56.45
17985,2018-10-10 6:20:00,59.25,59.10,90.44,90.31,56.49
17986,2018-10-10 6:30:00,59.33,59.25,90.55,90.58,56.60
17987,2018-10-10 6:40:00,59.41,59.33,91.73,91.38,57.04
17988,2018-10-10 6:50:00,59.49,59.49,91.43,91.70,57.02
17989,2018-10-10 7:00:00,59.49,59.49,91.43,91.51,57.02
17990,2018-10-10 7:10:00,59.41,59.41,91.73,91.40,57.04
17991,2018-10-10 7:20:00,59.56,59.49,90.17,91.18,56.71
17992,2018-10-10 7:30:00,59.64,59.56,91.35,90.86,57.15
17993,2018-10-10 7:40:00,59.95,59.72,91.81,91.51,57.60
17994,2018-10-10 7:50:00,60.26,59.95,90.69,91.57,57.56
17995,2018-10-10 8:00:00,60.64,60.18,89.89,91.10,57.69
17996,2018-10-10 8:10:00,61.11,60.64,89.01,90.61,57.88
17997,2018-10-10 8:20:00,61.49,61.18,89.06,88.34,58.28
17998,2018-10-10 8:30:00,61.96,61.57,90.39,89.70,59.15
17999,2018-10-10 8:40:00,62.57,62.11,86.62,87.34,58.56
18000,2018-10-10 8:50:00,63.11,62.50,87.65,87.20,59.43
18001,2018-10-10 9:00:00,63.66,63.27,86.31,86.62,59.53
18002,2018-10-10 9:10:00,63.96,63.58,83.83,85.07,59.01
18003,2018-10-10 9:20:00,64.12,64.04,83.30,82.84,58.99
18004,2018-10-10 9:30:00,64.58,64.20,82.16,83.33,59.05
18005,2018-10-10 9:40:00,64.58,64.50,80.68,81.16,58.55
18006,2018-10-10 9:50:00,64.81,64.58,81.16,81.31,58.94
18007,2018-10-10 10:00:00,65.12,64.81,79.47,80.79,58.65
18008,2018-10-10 10:10:00,65.43,65.12,78.67,79.44,58.67
18009,2018-10-10 10:20:00,65.74,65.43,79.44,78.64,59.24
18010,2018-10-10 10:30:00,66.05,65.66,80.45,79.10,59.90
18011,2018-10-10 10:40:00,66.36,66.05,79.07,78.15,59.71
18012,2018-10-10 10:50:00,66.51,66.28,77.28,78.38,59.22
18013,2018-10-10 11:00:00,66.36,66.51,76.35,77.02,58.73
18014,2018-10-10 11:10:00,66.20,66.36,78.20,77.13,59.25
18015,2018-10-10 11:20:00,66.20,66.20,78.72,77.60,59.44
18016,2018-10-10 11:30:00,66.20,66.13,78.32,77.74,59.29
18017,2018-10-10 11:40:00,66.28,66.20,77.25,77.39,58.98
18018,2018-10-10 11:50:00,66.67,66.28,78.75,77.19,59.90
18019,2018-10-10 12:00:00,67.13,66.74,77.45,76.49,59.88
18020,2018-10-10 12:10:00,67.28,67.05,77.02,76.15,59.87
18021,2018-10-10 12:20:00,67.67,67.28,76.49,75.82,60.05
18022,2018-10-10 12:30:00,68.13,67.75,74.71,75.09,59.84
18023,2018-10-10 12:40:00,68.37,68.21,75.82,74.07,60.48
18024,2018-10-10 12:50:00,70.14,68.98,70.70,73.34,60.22
18025,2018-10-10 13:00:00,70.14,70.06,70.29,70.17,60.06
18026,2018-10-10 13:10:00,70.68,70.14,67.57,69.99,59.46
18027,2018-10-10 13:20:00,71.22,70.76,69.42,68.68,60.74
18028,2018-10-10 13:30:00,70.84,71.15,69.45,69.21,60.38
18029,2018-10-10 13:40:00,70.99,70.76,68.44,68.53,60.12
18030,2018-10-10 13:50:00,71.22,70.91,69.63,69.15,60.83
18031,2018-10-10 14:00:00,70.30,71.22,68.41,67.27,59.44
18032,2018-10-10 14:10:00,69.76,70.30,67.45,68.53,58.53
18033,2018-10-10 14:20:00,70.30,69.76,68.50,69.06,59.48
18034,2018-10-10 14:30:00,70.06,70.37,68.56,68.14,59.28
18035,2018-10-10 14:40:00,70.14,70.06,68.11,68.68,59.17
18036,2018-10-10 14:50:00,70.68,70.14,66.69,68.26,59.10
18037,2018-10-10 15:00:00,70.84,70.68,66.24,66.87,59.06
18038,2018-10-10 15:10:00,70.91,70.84,68.62,67.57,60.12
18039,2018-10-10 15:20:00,70.68,70.91,68.62,67.27,59.90
18040,2018-10-10 15:30:00,70.68,70.76,67.15,67.18,59.29
18041,2018-10-10 15:40:00,70.06,70.68,67.45,66.45,58.82
18042,2018-10-10 15:50:00,69.99,70.06,67.93,67.15,58.95
18043,2018-10-10 16:00:00,69.76,69.99,67.03,67.78,58.35
18044,2018-10-10 16:10:00,69.52,69.76,67.51,67.30,58.33
18045,2018-10-10 16:20:00,69.06,69.45,67.96,67.36,58.08
18046,2018-10-10 16:30:00,68.75,69.06,67.39,67.72,57.55
18047,2018-10-10 16:40:00,68.52,68.75,66.91,67.75,57.13
18048,2018-10-10 16:50:00,68.13,68.52,67.81,68.14,57.13
18049,2018-10-10 17:00:00,67.75,68.06,69.21,68.65,57.33
18050,2018-10-10 17:10:00,67.28,67.67,70.14,69.51,57.26
18051,2018-10-10 17:20:00,66.98,67.21,69.45,70.53,56.69
18052,2018-10-10 17:30:00,66.51,66.90,71.42,71.12,57.02
18053,2018-10-10 17:40:00,65.89,66.51,69.84,71.83,55.81
18054,2018-10-10 17:50:00,65.12,65.89,71.77,71.39,55.82
18055,2018-10-10 18:00:00,64.43,65.05,72.92,71.83,55.59
18056,2018-10-10 18:10:00,63.81,64.43,74.74,73.66,55.67
18057,2018-10-10 18:20:00,63.27,63.89,76.49,75.45,55.79
18058,2018-10-10 18:30:00,62.73,63.27,77.74,76.35,55.71
18059,2018-10-10 18:40:00,62.11,62.73,78.64,78.09,55.43
18060,2018-10-10 18:50:00,61.42,62.03,80.45,78.87,55.38
18061,2018-10-10 19:00:00,61.18,61.26,79.53,78.98,54.84
18062,2018-10-10 19:10:00,60.95,61.11,78.93,78.90,54.40
18063,2018-10-10 19:20:00,60.64,60.88,78.55,79.39,53.97
18064,2018-10-10 19:30:00,60.80,60.64,79.04,78.52,54.29
18065,2018-10-10 19:40:00,60.57,60.72,80.68,79.27,54.63
18066,2018-10-10 19:50:00,59.87,60.49,82.30,81.13,54.50
18067,2018-10-10 20:00:00,59.56,59.79,82.30,81.82,54.20
18068,2018-10-10 20:10:00,59.02,59.49,83.21,82.76,53.97
18069,2018-10-10 20:20:00,58.79,59.02,82.64,82.93,53.55
18070,2018-10-10 20:30:00,58.25,58.79,83.86,83.16,53.42
18071,2018-10-10 20:40:00,57.86,58.17,83.92,83.75,53.06
18072,2018-10-10 20:50:00,57.56,57.86,84.77,84.46,53.03
18073,2018-10-10 21:00:00,57.48,57.71,84.62,84.77,52.91
18074,2018-10-10 21:10:00,57.40,57.40,85.50,85.16,53.12
18075,2018-10-10 21:20:00,57.86,57.48,84.71,85.61,53.32
18076,2018-10-10 21:30:00,58.10,57.86,83.98,84.46,53.31
18077,2018-10-10 21:40:00,58.17,58.10,84.31,84.12,53.49
18078,2018-10-10 21:50:00,58.17,58.17,84.82,84.20,53.66
18079,2018-10-10 22:00:00,57.94,58.10,84.71,84.85,53.39
18080,2018-10-10 22:10:00,57.48,57.86,84.74,84.88,52.95
18081,2018-10-10 22:20:00,57.09,57.32,85.47,85.10,52.80
18082,2018-10-10 22:30:00,57.09,57.09,85.58,85.64,52.84
18083,2018-10-10 22:40:00,57.01,57.09,86.31,86.25,52.99
18084,2018-10-10 22:50:00,56.86,57.01,85.95,85.95,52.73
18085,2018-10-10 23:00:00,56.40,56.86,86.23,85.95,52.36
18086,2018-10-10 23:10:00,56.17,56.40,87.06,86.37,52.40
18087,2018-10-10 23:20:00,56.09,56.17,86.73,86.67,52.21
18088,2018-10-10 23:30:00,55.55,56.09,87.09,86.67,51.80
18089,2018-10-10 23:40:00,55.32,55.62,87.06,87.17,51.56
18090,2018-10-10 23:50:00,55.01,55.32,87.43,87.43,51.37
18091,2018-10-11 0:00:00,55.24,55.08,88.20,88.04,51.84
18092,2018-10-11 0:10:00,55.32,55.24,87.06,87.79,51.56
18093,2018-10-11 0:20:00,54.93,55.16,87.01,87.12,51.16
18094,2018-10-11 0:30:00,54.70,54.85,87.40,87.20,51.05
18095,2018-10-11 0:40:00,54.62,54.70,87.40,87.43,50.98
18096,2018-10-11 0:50:00,54.23,54.62,87.76,87.70,50.71
18097,2018-10-11 1:00:00,54.23,54.23,88.18,87.76,50.84
18098,2018-10-11 1:10:00,54.23,54.23,88.93,88.59,51.07
18099,2018-10-11 1:20:00,54.70,54.31,89.81,89.31,51.79
18100,2018-10-11 1:30:00,55.01,54.78,89.04,89.23,51.86
18101,2018-10-11 1:40:00,55.55,55.08,90.47,89.84,52.83
18102,2018-10-11 1:50:00,56.01,55.62,88.73,90.00,52.76
18103,2018-10-11 2:00:00,56.40,56.09,89.20,89.23,53.29
18104,2018-10-11 2:10:00,56.78,56.40,89.78,88.98,53.84
18105,2018-10-11 2:20:00,56.94,56.78,90.14,89.51,54.11
18106,2018-10-11 2:30:00,57.17,56.94,88.15,89.62,53.72
18107,2018-10-11 2:40:00,57.40,57.17,88.93,89.15,54.19
18108,2018-10-11 2:50:00,57.48,57.32,88.20,88.34,54.04
18109,2018-10-11 3:00:00,57.63,57.48,89.06,89.01,54.46
18110,2018-10-11 3:10:00,57.79,57.63,88.12,88.65,54.32
18111,2018-10-11 3:20:00,58.02,57.79,88.15,88.68,54.56
18112,2018-10-11 3:30:00,58.10,58.02,89.45,89.20,55.04
18113,2018-10-11 3:40:00,58.17,58.10,89.89,88.62,55.25
18114,2018-10-11 3:50:00,58.10,58.10,88.18,88.70,54.65
18115,2018-10-11 4:00:00,58.10,58.17,87.84,88.40,54.54
18116,2018-10-11 4:10:00,58.25,58.17,89.04,88.07,55.06
18117,2018-10-11 4:20:00,58.48,58.25,88.23,89.12,55.04
18118,2018-10-11 4:30:00,58.40,58.40,88.65,88.04,55.10
18119,2018-10-11 4:40:00,58.33,58.56,86.17,87.62,54.24
18120,2018-10-11 4:50:00,58.10,58.25,85.61,85.95,53.84
18121,2018-10-11 5:00:00,57.40,58.02,86.06,86.06,53.29
18122,2018-10-11 5:10:00,56.71,57.25,86.39,86.42,52.72
18123,2018-10-11 5:20:00,56.17,56.71,87.06,86.70,52.40
18124,2018-10-11 5:30:00,55.78,56.01,87.95,87.34,52.29
18125,2018-10-11 5:40:00,55.47,55.93,87.51,87.62,51.85
18126,2018-10-11 5:50:00,55.39,55.39,88.34,88.15,52.03
18127,2018-10-11 6:00:00,55.24,55.39,88.20,88.37,51.84
18128,2018-10-11 6:10:00,55.16,55.24,89.89,88.57,52.27
18129,2018-10-11 6:20:00,55.24,55.16,89.89,89.56,52.35
18130,2018-10-11 6:30:00,55.55,55.32,90.06,89.70,52.71
18131,2018-10-11 6:40:00,55.86,55.55,90.83,90.44,53.24
18132,2018-10-11 6:50:00,56.09,55.78,90.86,90.33,53.48
18133,2018-10-11 7:00:00,56.24,56.01,90.03,89.95,53.39
18134,2018-10-11 7:10:00,56.32,56.24,87.93,88.65,52.82
18135,2018-10-11 7:20:00,56.32,56.40,87.51,87.54,52.69
18136,2018-10-11 7:30:00,56.47,56.32,87.20,87.73,52.74
18137,2018-10-11 7:40:00,56.78,56.55,87.15,87.70,53.03
18138,2018-10-11 7:50:00,57.01,56.71,88.45,88.01,53.67
18139,2018-10-11 8:00:00,57.25,57.01,88.59,88.15,53.94
18140,2018-10-11 8:10:00,57.63,57.32,86.92,88.20,53.80
18141,2018-10-11 8:20:00,57.94,57.63,87.29,87.06,54.21
18142,2018-10-11 8:30:00,58.25,57.94,88.20,87.98,54.81
18143,2018-10-11 8:40:00,58.79,58.33,87.51,87.48,55.12
18144,2018-10-11 8:50:00,59.25,58.79,86.28,86.87,55.19
18145,2018-10-11 9:00:00,59.87,59.33,85.92,86.25,55.68
18146,2018-10-11 9:10:00,60.57,59.79,85.16,86.23,56.12
18147,2018-10-11 9:20:00,61.26,60.57,85.69,84.99,56.97
18148,2018-10-11 9:30:00,62.34,61.34,84.09,84.34,57.51
18149,2018-10-11 9:40:00,63.19,62.34,83.16,83.86,58.03
18150,2018-10-11 9:50:00,64.12,63.42,83.41,81.51,59.02
18151,2018-10-11 10:00:00,65.28,64.35,79.04,80.82,58.65
18152,2018-10-11 10:10:00,66.13,65.28,74.16,78.90,57.69
18153,2018-10-11 10:20:00,66.67,66.13,76.03,77.05,58.91
18154,2018-10-11 10:30:00,66.74,66.67,75.18,75.77,58.67
18155,2018-10-11 10:40:00,66.67,66.74,77.34,75.50,59.39
18156,2018-10-11 10:50:00,66.74,66.74,72.89,73.92,57.81
18157,2018-10-11 11:00:00,66.59,66.82,73.69,72.75,57.96
18158,2018-10-11 11:10:00,67.52,66.67,71.09,71.65,57.85
18159,2018-10-11 11:20:00,68.91,68.13,70.73,70.91,59.05
18160,2018-10-11 11:30:00,68.29,68.91,70.67,69.51,58.43
18161,2018-10-11 11:40:00,67.98,68.21,70.64,70.64,58.12
18162,2018-10-11 11:50:00,67.98,67.98,70.20,70.26,57.95
18163,2018-10-11 12:00:00,68.21,68.06,70.58,71.30,58.32
18164,2018-10-11 12:10:00,68.75,68.29,72.04,70.94,59.41
18165,2018-10-11 12:20:00,69.22,68.83,67.90,66.69,58.20
18166,2018-10-11 12:30:00,69.83,69.29,66.09,66.72,58.04
18167,2018-10-11 12:40:00,71.15,69.76,68.11,67.69,60.13
18168,2018-10-11 12:50:00,72.38,71.45,58.13,60.94,56.87
18169,2018-10-11 13:00:00,72.77,72.38,57.45,57.67,56.91
18170,2018-10-11 13:10:00,72.84,72.77,55.70,56.76,56.12
18171,2018-10-11 13:20:00,72.77,72.84,55.45,55.98,55.93
18172,2018-10-11 13:30:00,72.61,72.69,53.91,55.33,55.01
18173,2018-10-11 13:40:00,72.46,72.69,56.20,54.98,56.01
18174,2018-10-11 13:50:00,72.84,72.46,54.98,56.29,55.76
18175,2018-10-11 14:00:00,72.61,72.92,58.16,55.42,57.10
18176,2018-10-11 14:10:00,72.69,72.69,55.42,55.58,55.84
18177,2018-10-11 14:20:00,72.61,72.77,58.13,55.54,57.09
18178,2018-10-11 14:30:00,72.46,72.61,56.20,55.79,56.01
18179,2018-10-11 14:40:00,72.54,72.54,55.67,56.08,55.82
18180,2018-10-11 14:50:00,72.38,72.46,57.67,55.79,56.65
18181,2018-10-11 15:00:00,72.61,72.30,55.67,56.89,55.89
18182,2018-10-11 15:10:00,72.23,72.61,58.10,56.36,56.71
18183,2018-10-11 15:20:00,72.38,72.23,56.64,56.89,56.15
18184,2018-10-11 15:30:00,71.92,72.38,56.39,56.29,55.60
18185,2018-10-11 15:40:00,71.76,71.84,57.57,57.14,56.03
18186,2018-10-11 15:50:00,71.61,71.76,59.80,57.91,56.93
18187,2018-10-11 16:00:00,71.38,71.61,58.81,58.41,56.25
18188,2018-10-11 16:10:00,71.15,71.30,58.29,59.15,55.79
18189,2018-10-11 16:20:00,70.68,71.07,59.49,59.12,55.92
18190,2018-10-11 16:30:00,70.22,70.61,59.43,59.77,55.46
18191,2018-10-11 16:40:00,69.76,70.14,61.10,59.93,55.78
18192,2018-10-11 16:50:00,69.68,69.83,60.85,61.59,55.60
18193,2018-10-11 17:00:00,69.14,69.68,60.57,61.13,54.96
18194,2018-10-11 17:10:00,68.60,69.14,61.49,61.03,54.87
18195,2018-10-11 17:20:00,67.98,68.52,62.87,61.16,54.90
18196,2018-10-11 17:30:00,67.44,67.90,64.03,63.15,54.89
18197,2018-10-11 17:40:00,66.82,67.44,64.91,63.63,54.68
18198,2018-10-11 17:50:00,66.36,66.82,66.18,64.73,54.77
18199,2018-10-11 18:00:00,65.82,66.28,68.92,66.87,55.37
18200,2018-10-11 18:10:00,65.12,65.74,72.16,70.38,55.97
18201,2018-10-11 18:20:00,64.35,65.05,73.04,72.60,55.56
18202,2018-10-11 18:30:00,63.66,64.27,74.33,73.45,55.37
18203,2018-10-11 18:40:00,62.96,63.58,74.19,74.13,54.65
18204,2018-10-11 18:50:00,62.50,62.96,75.01,74.69,54.50
18205,2018-10-11 19:00:00,62.03,62.50,75.85,75.21,54.36
18206,2018-10-11 19:10:00,61.57,62.03,76.76,76.44,54.24
18207,2018-10-11 19:20:00,61.18,61.65,78.46,77.45,54.47
18208,2018-10-11 19:30:00,60.88,61.18,79.04,78.75,54.37
18209,2018-10-11 19:40:00,60.34,60.88,79.76,78.78,54.09
18210,2018-10-11 19:50:00,59.72,60.26,80.96,80.02,53.90
18211,2018-10-11 20:00:00,59.41,59.72,80.96,80.62,53.59
18212,2018-10-11 20:10:00,58.95,59.41,82.19,81.48,53.55
18213,2018-10-11 20:20:00,58.40,58.87,82.56,82.13,53.15
18214,2018-10-11 20:30:00,58.25,58.48,82.22,82.64,52.88
18215,2018-10-11 20:40:00,58.17,58.25,82.56,82.62,52.92
18216,2018-10-11 20:50:00,58.02,58.17,83.41,82.93,53.05
18217,2018-10-11 21:00:00,57.56,58.10,82.62,82.62,52.33
18218,2018-10-11 21:10:00,57.40,57.56,82.98,83.01,52.30
18219,2018-10-11 21:20:00,56.94,57.40,82.93,83.47,51.83
18220,2018-10-11 21:30:00,56.63,56.86,84.51,83.83,52.04
18221,2018-10-11 21:40:00,56.55,56.71,84.96,84.79,52.11
18222,2018-10-11 21:50:00,56.17,56.63,84.88,84.91,51.71
18223,2018-10-11 22:00:00,56.32,56.09,85.80,85.75,52.15
18224,2018-10-11 22:10:00,56.32,56.24,85.80,85.52,52.15
18225,2018-10-11 22:20:00,56.40,56.32,85.80,85.24,52.23
18226,2018-10-11 22:30:00,56.24,56.40,85.47,85.64,51.97
18227,2018-10-11 22:40:00,56.17,56.17,85.44,85.64,51.88
18228,2018-10-11 22:50:00,55.62,56.17,85.38,85.52,51.34
18229,2018-10-11 23:00:00,55.70,55.70,86.14,85.95,51.65
18230,2018-10-11 23:10:00,55.39,55.70,86.53,86.17,51.47
18231,2018-10-11 23:20:00,55.16,55.39,86.62,86.53,51.27
18232,2018-10-11 23:30:00,55.01,55.24,87.43,86.78,51.37
18233,2018-10-11 23:40:00,54.85,55.08,87.84,87.31,51.34
18234,2018-10-11 23:50:00,54.85,54.93,87.84,87.59,51.34
18235,2018-10-12 0:00:00,54.70,54.93,86.98,87.37,50.92
18236,2018-10-12 0:10:00,54.54,54.70,86.42,86.84,50.60
18237,2018-10-12 0:20:00,54.31,54.47,86.81,86.59,50.49
18238,2018-10-12 0:30:00,54.23,54.31,86.92,87.15,50.45
18239,2018-10-12 0:40:00,54.08,54.16,87.62,87.17,50.51
18240,2018-10-12 0:50:00,53.85,54.08,87.29,87.59,50.18
18241,2018-10-12 1:00:00,53.69,53.93,86.84,87.26,49.89
18242,2018-10-12 1:10:00,53.39,53.69,87.12,86.87,49.68
18243,2018-10-12 1:20:00,53.23,53.46,87.09,87.09,49.51
18244,2018-10-12 1:30:00,53.23,53.23,87.93,87.15,49.77
18245,2018-10-12 1:40:00,53.00,53.23,88.43,87.59,49.69
18246,2018-10-12 1:50:00,52.84,53.00,87.45,87.43,49.25
18247,2018-10-12 2:00:00,52.69,52.77,87.54,87.65,49.12
18248,2018-10-12 2:10:00,52.46,52.54,87.43,87.76,48.86
18249,2018-10-12 2:20:00,52.46,52.38,87.43,87.90,48.86
18250,2018-10-12 2:30:00,52.38,52.46,88.26,87.84,49.03
18251,2018-10-12 2:40:00,52.23,52.30,88.65,88.32,49.00
18252,2018-10-12 2:50:00,52.07,52.23,88.20,88.57,48.71
18253,2018-10-12 3:00:00,51.76,52.07,88.26,88.32,48.42
18254,2018-10-12 3:10:00,51.69,51.76,87.84,88.40,48.22
18255,2018-10-12 3:20:00,51.61,51.61,88.68,88.40,48.40
18256,2018-10-12 3:30:00,51.76,51.61,89.42,89.01,48.77
18257,2018-10-12 3:40:00,52.15,51.69,89.59,89.48,49.21
18258,2018-10-12 3:50:00,52.00,52.00,88.62,88.93,48.76
18259,2018-10-12 4:00:00,52.00,52.00,88.62,88.79,48.76
18260,2018-10-12 4:10:00,51.84,52.00,88.59,88.76,48.60
18261,2018-10-12 4:20:00,51.61,51.84,88.57,88.48,48.36
18262,2018-10-12 4:30:00,51.45,51.53,89.89,88.81,48.61
18263,2018-10-12 4:40:00,51.30,51.53,89.04,89.01,48.20
18264,2018-10-12 4:50:00,51.30,51.38,89.04,89.01,48.20
18265,2018-10-12 5:00:00,51.30,51.30,88.62,89.01,48.08
18266,2018-10-12 5:10:00,51.22,51.30,89.04,88.62,48.13
18267,2018-10-12 5:20:00,51.15,51.15,88.59,88.76,47.92
18268,2018-10-12 5:30:00,50.91,51.15,88.90,88.62,47.78
18269,2018-10-12 5:40:00,50.99,50.99,89.42,89.23,48.01
18270,2018-10-12 5:50:00,50.91,51.07,89.73,89.31,48.03
18271,2018-10-12 6:00:00,50.84,50.91,89.81,89.70,47.97
18272,2018-10-12 6:10:00,50.99,50.91,89.73,89.62,48.10
18273,2018-10-12 6:20:00,50.99,50.91,89.84,89.62,48.14
18274,2018-10-12 6:30:00,51.15,50.99,89.45,89.56,48.17
18275,2018-10-12 6:40:00,51.22,51.07,88.93,89.73,48.09
18276,2018-10-12 6:50:00,50.91,51.15,88.57,88.95,47.68
18277,2018-10-12 7:00:00,51.07,50.99,90.17,89.34,48.31
18278,2018-10-12 7:10:00,51.07,50.99,90.17,89.81,48.31
18279,2018-10-12 7:20:00,50.91,50.99,88.98,89.70,47.80
18280,2018-10-12 7:30:00,51.15,50.99,89.75,89.75,48.26
18281,2018-10-12 7:40:00,51.30,51.07,91.02,89.97,48.79
18282,2018-10-12 7:50:00,51.84,51.30,91.18,90.72,49.37
18283,2018-10-12 8:00:00,52.46,51.84,91.18,91.16,49.99
18284,2018-10-12 8:10:00,53.39,52.46,90.88,91.40,50.81
18285,2018-10-12 8:20:00,54.70,53.54,90.66,91.21,52.05
18286,2018-10-12 8:30:00,56.01,54.70,90.86,90.97,53.41
18287,2018-10-12 8:40:00,57.25,56.09,89.01,89.92,54.06
18288,2018-10-12 8:50:00,58.71,57.40,89.09,88.81,55.54
18289,2018-10-12 9:00:00,59.95,58.87,82.36,85.22,54.59
18290,2018-10-12 9:10:00,61.34,60.03,85.66,84.82,57.04
18291,2018-10-12 9:20:00,62.96,61.57,82.84,84.68,57.70
18292,2018-10-12 9:30:00,64.20,63.04,78.41,80.39,57.37
18293,2018-10-12 9:40:00,64.81,64.20,79.90,78.26,58.50
18294,2018-10-12 9:50:00,65.82,64.89,76.84,78.55,58.39
18295,2018-10-12 10:00:00,66.51,65.74,74.07,76.32,58.03
18296,2018-10-12 10:10:00,67.05,66.51,74.77,75.01,58.82
18297,2018-10-12 10:20:00,67.90,67.13,76.23,75.36,60.18
18298,2018-10-12 10:30:00,68.75,67.98,70.20,74.13,58.69
18299,2018-10-12 10:40:00,69.37,68.75,72.72,71.68,60.27
18300,2018-10-12 10:50:00,70.37,69.45,70.35,71.59,60.30
18301,2018-10-12 11:00:00,70.76,70.37,69.54,69.54,60.35
18302,2018-10-12 11:10:00,71.22,70.84,70.08,70.79,61.01
18303,2018-10-12 11:20:00,71.76,71.22,71.86,70.91,62.24
18304,2018-10-12 11:30:00,72.69,71.92,66.81,69.96,61.06
18305,2018-10-12 11:40:00,73.08,72.77,67.78,67.36,61.83
18306,2018-10-12 11:50:00,73.62,73.23,65.09,65.85,61.20
18307,2018-10-12 12:00:00,73.93,73.69,64.64,66.03,61.30
18308,2018-10-12 12:10:00,73.93,73.93,68.44,66.97,62.92
18309,2018-10-12 12:20:00,74.39,74.08,67.06,66.42,62.78
18310,2018-10-12 12:30:00,74.85,74.47,62.54,64.55,61.24
18311,2018-10-12 12:40:00,74.00,74.93,63.42,63.27,60.84
18312,2018-10-12 12:50:00,73.08,73.93,65.52,64.82,60.87
18313,2018-10-12 13:00:00,73.46,73.15,66.30,66.12,61.58
18314,2018-10-12 13:10:00,74.39,73.69,66.57,65.33,62.58
18315,2018-10-12 13:20:00,75.01,74.47,68.08,65.61,63.80
18316,2018-10-12 13:30:00,74.93,74.93,62.78,64.85,61.42
18317,2018-10-12 13:40:00,73.77,74.78,63.91,64.03,60.83
18318,2018-10-12 13:50:00,73.77,73.54,60.97,63.85,59.51
18319,2018-10-12 14:00:00,74.23,73.77,65.40,64.24,61.92
18320,2018-10-12 14:10:00,73.93,74.31,66.09,64.15,61.93
18321,2018-10-12 14:20:00,73.69,73.85,67.96,66.97,62.50
18322,2018-10-12 14:30:00,72.69,73.69,69.60,68.08,62.22
18323,2018-10-12 14:40:00,72.77,72.69,68.20,68.50,61.71
18324,2018-10-12 14:50:00,73.77,72.77,67.90,68.74,62.55
18325,2018-10-12 15:00:00,73.46,73.85,64.82,66.94,60.94
18326,2018-10-12 15:10:00,72.92,73.39,68.77,66.57,62.10
18327,2018-10-12 15:20:00,72.92,72.92,68.32,67.42,61.91
18328,2018-10-12 15:30:00,72.61,73.00,66.81,66.66,60.99
18329,2018-10-12 15:40:00,72.23,72.61,66.81,67.66,60.62
18330,2018-10-12 15:50:00,72.38,72.23,67.33,68.08,60.98
18331,2018-10-12 16:00:00,71.84,72.38,66.30,65.61,60.04
18332,2018-10-12 16:10:00,71.61,71.76,67.24,67.33,60.21
18333,2018-10-12 16:20:00,71.22,71.53,66.30,67.36,59.45
18334,2018-10-12 16:30:00,70.99,71.15,66.72,67.54,59.41
18335,2018-10-12 16:40:00,70.76,71.07,69.39,67.75,60.29
18336,2018-10-12 16:50:00,70.30,70.76,70.94,68.98,60.46
18337,2018-10-12 17:00:00,69.60,70.22,69.39,69.57,59.18
18338,2018-10-12 17:10:00,69.68,69.60,69.93,69.36,59.47
18339,2018-10-12 17:20:00,69.22,69.68,67.96,69.06,58.22
18340,2018-10-12 17:30:00,68.67,69.22,73.95,71.71,60.07
18341,2018-10-12 17:40:00,68.21,68.67,75.77,74.16,60.31
18342,2018-10-12 17:50:00,67.83,68.21,75.77,75.21,59.94
18343,2018-10-12 18:00:00,67.28,67.83,77.54,75.88,60.06
18344,2018-10-12 18:10:00,66.90,67.21,78.29,78.35,59.96
18345,2018-10-12 18:20:00,66.36,66.82,79.59,78.61,59.89
18346,2018-10-12 18:30:00,65.97,66.36,79.01,79.21,59.32
18347,2018-10-12 18:40:00,65.43,65.97,80.33,79.27,59.25
18348,2018-10-12 18:50:00,65.12,65.51,80.73,80.22,59.09
18349,2018-10-12 19:00:00,64.97,65.20,81.19,80.99,59.10
18350,2018-10-12 19:10:00,64.74,64.89,81.59,81.13,59.01
18351,2018-10-12 19:20:00,64.35,64.74,82.13,81.68,58.82
18352,2018-10-12 19:30:00,63.89,64.35,83.30,82.76,58.76
18353,2018-10-12 19:40:00,63.66,63.96,83.81,83.58,58.70
18354,2018-10-12 19:50:00,63.35,63.66,84.96,84.37,58.78
18355,2018-10-12 20:00:00,63.11,63.35,84.51,85.24,58.41
18356,2018-10-12 20:10:00,63.35,63.19,85.52,84.68,58.97
18357,2018-10-12 20:20:00,63.35,63.35,85.95,85.52,59.10
18358,2018-10-12 20:30:00,63.50,63.42,85.95,85.75,59.26
18359,2018-10-12 20:40:00,63.35,63.35,85.83,85.75,59.07
18360,2018-10-12 20:50:00,63.27,63.35,84.51,85.58,58.56
18361,2018-10-12 21:00:00,63.89,63.27,83.38,83.81,58.79
18362,2018-10-12 21:10:00,64.27,63.89,83.01,82.36,59.04
18363,2018-10-12 21:20:00,64.12,64.20,83.72,83.58,59.13
18364,2018-10-12 21:30:00,64.20,64.12,84.62,83.07,59.50
18365,2018-10-12 21:40:00,64.27,64.20,83.01,83.21,59.04
18366,2018-10-12 21:50:00,64.58,64.35,82.59,83.16,59.20
18367,2018-10-12 22:00:00,64.66,64.58,82.50,82.19,59.25
18368,2018-10-12 22:10:00,64.58,64.74,83.78,83.33,59.60
18369,2018-10-12 22:20:00,64.50,64.58,84.68,83.81,59.83
18370,2018-10-12 22:30:00,64.27,64.50,85.61,85.58,59.91
18371,2018-10-12 22:40:00,64.20,64.27,86.39,85.97,60.09
18372,2018-10-12 22:50:00,64.12,64.20,87.37,86.87,60.33
18373,2018-10-12 23:00:00,64.12,64.20,87.68,87.17,60.43
18374,2018-10-12 23:10:00,64.04,64.12,86.34,86.87,59.92
18375,2018-10-12 23:20:00,64.04,64.12,87.23,86.81,60.21
18376,2018-10-12 23:30:00,63.73,64.04,88.59,87.76,60.34
18377,2018-10-12 23:40:00,63.66,63.89,89.45,88.90,60.53
18378,2018-10-12 23:50:00,63.50,63.73,89.86,89.78,60.51
18379,2018-10-13 0:00:00,63.58,63.50,88.90,89.64,60.28
18380,2018-10-13 0:10:00,63.50,63.50,88.15,88.68,59.97
18381,2018-10-13 0:20:00,63.35,63.42,88.45,88.73,59.91
18382,2018-10-13 0:30:00,63.35,63.42,88.01,88.34,59.77
18383,2018-10-13 0:40:00,63.19,63.35,88.54,88.70,59.79
18384,2018-10-13 0:50:00,63.11,63.27,87.98,88.12,59.53
18385,2018-10-13 1:00:00,63.11,63.04,89.28,88.40,59.95
18386,2018-10-13 1:10:00,62.81,63.04,89.23,88.98,59.62
18387,2018-10-13 1:20:00,62.73,62.73,90.50,90.03,59.94
18388,2018-10-13 1:30:00,62.88,62.65,90.20,90.31,60.00
18389,2018-10-13 1:40:00,63.11,62.81,90.22,90.39,60.24
18390,2018-10-13 1:50:00,63.11,62.96,90.66,90.31,60.38
18391,2018-10-13 2:00:00,63.11,63.11,90.99,90.69,60.48
18392,2018-10-13 2:10:00,62.88,63.04,90.94,90.83,60.23
18393,2018-10-13 2:20:00,62.81,62.96,90.94,91.16,60.16
18394,2018-10-13 2:30:00,62.81,62.73,91.05,91.13,60.19
18395,2018-10-13 2:40:00,62.88,62.81,91.49,91.46,60.40
18396,2018-10-13 2:50:00,62.88,62.73,91.38,91.70,60.37
18397,2018-10-13 3:00:00,62.88,62.88,92.22,91.76,60.63
18398,2018-10-13 3:10:00,62.96,62.81,92.22,92.06,60.71
18399,2018-10-13 3:20:00,62.88,63.04,91.90,92.11,60.53
18400,2018-10-13 3:30:00,63.04,62.96,90.11,91.05,60.13
18401,2018-10-13 3:40:00,63.11,63.04,91.07,90.55,60.51
18402,2018-10-13 3:50:00,62.88,63.11,91.90,91.54,60.53
18403,2018-10-13 4:00:00,62.88,62.96,91.90,91.95,60.53
18404,2018-10-13 4:10:00,62.81,62.81,91.38,91.02,60.29
18405,2018-10-13 4:20:00,62.81,62.81,91.79,91.27,60.42
18406,2018-10-13 4:30:00,62.96,62.81,90.97,91.60,60.32
18407,2018-10-13 4:40:00,63.11,63.04,92.36,91.46,60.90
18408,2018-10-13 4:50:00,63.11,63.11,91.84,92.01,60.74
18409,2018-10-13 5:00:00,63.19,63.11,91.84,91.76,60.82
18410,2018-10-13 5:10:00,63.11,63.19,91.40,91.90,60.61
18411,2018-10-13 5:20:00,63.19,63.19,91.95,91.57,60.85
18412,2018-10-13 5:30:00,63.19,63.19,91.10,91.90,60.59
18413,2018-10-13 5:40:00,63.19,63.19,91.84,91.49,60.82
18414,2018-10-13 5:50:00,63.19,63.19,92.36,92.17,60.98
18415,2018-10-13 6:00:00,63.11,63.19,91.92,91.98,60.77
18416,2018-10-13 6:10:00,63.19,63.11,91.40,91.62,60.68
18417,2018-10-13 6:20:00,63.19,63.19,91.95,91.73,60.85
18418,2018-10-13 6:30:00,63.19,63.11,91.95,92.03,60.85
18419,2018-10-13 6:40:00,63.11,63.19,91.40,91.62,60.61
18420,2018-10-13 6:50:00,63.11,63.11,91.92,91.68,60.77
18421,2018-10-13 7:00:00,63.11,63.11,92.25,91.79,60.87
18422,2018-10-13 7:10:00,63.11,63.11,92.36,92.20,60.90
18423,2018-10-13 7:20:00,63.19,63.11,92.28,92.61,60.95
18424,2018-10-13 7:30:00,63.19,63.19,92.69,92.17,61.08
18425,2018-10-13 7:40:00,63.35,63.11,92.82,92.42,61.27
18426,2018-10-13 7:50:00,63.27,63.27,91.43,92.09,60.77
18427,2018-10-13 8:00:00,63.42,63.35,91.13,91.57,60.83
18428,2018-10-13 8:10:00,63.42,63.42,89.84,90.88,60.43
18429,2018-10-13 8:20:00,63.42,63.35,88.12,89.86,59.88
18430,2018-10-13 8:30:00,63.58,63.50,89.86,89.40,60.59
18431,2018-10-13 8:40:00,63.81,63.58,87.76,88.98,60.15
18432,2018-10-13 8:50:00,64.12,63.89,87.26,87.40,60.29
18433,2018-10-13 9:00:00,64.43,64.20,88.15,87.31,60.88
18434,2018-10-13 9:10:00,64.81,64.43,85.61,87.29,60.44
18435,2018-10-13 9:20:00,64.74,64.74,86.03,86.87,60.50
18436,2018-10-13 9:30:00,64.89,64.74,87.04,86.09,60.98
18437,2018-10-13 9:40:00,65.05,64.81,86.14,86.48,60.84
18438,2018-10-13 9:50:00,65.43,65.12,85.75,86.23,61.09
18439,2018-10-13 10:00:00,65.89,65.43,87.04,86.37,61.97
18440,2018-10-13 10:10:00,66.28,65.97,83.69,85.52,61.24
18441,2018-10-13 10:20:00,66.59,66.36,83.61,84.79,61.51
18442,2018-10-13 10:30:00,66.67,66.59,83.64,83.81,61.60
18443,2018-10-13 10:40:00,67.28,66.67,84.26,82.90,62.41
18444,2018-10-13 10:50:00,68.67,67.36,81.76,81.28,62.92
18445,2018-10-13 11:00:00,69.99,68.91,77.80,79.90,62.78
18446,2018-10-13 11:10:00,70.45,69.99,75.04,77.57,62.20
18447,2018-10-13 11:20:00,70.91,70.45,75.53,76.17,62.84
18448,2018-10-13 11:30:00,70.30,70.91,74.48,73.36,61.84
18449,2018-10-13 11:40:00,70.61,70.37,78.67,74.83,63.70
18450,2018-10-13 11:50:00,70.99,70.61,74.57,76.29,62.54
18451,2018-10-13 12:00:00,70.61,71.07,75.15,74.07,62.39
18452,2018-10-13 12:10:00,70.22,70.53,76.79,74.95,62.63
18453,2018-10-13 12:20:00,70.14,70.14,78.32,76.70,63.12
18454,2018-10-13 12:30:00,71.15,70.14,76.49,78.18,63.42
18455,2018-10-13 12:40:00,72.69,71.45,72.39,77.34,63.34
18456,2018-10-13 12:50:00,73.39,72.69,75.01,74.19,65.02
18457,2018-10-13 13:00:00,72.77,73.46,69.78,71.77,62.37
18458,2018-10-13 13:10:00,72.07,72.61,75.33,73.16,63.88
18459,2018-10-13 13:20:00,72.38,72.00,79.33,76.15,65.66
18460,2018-10-13 13:30:00,71.61,72.38,75.09,74.63,63.34
18461,2018-10-13 13:40:00,71.22,71.61,75.97,76.12,63.30
18462,2018-10-13 13:50:00,71.22,71.22,77.42,77.80,63.84
18463,2018-10-13 14:00:00,71.22,71.22,81.05,77.86,65.15
18464,2018-10-13 14:10:00,71.38,71.38,77.48,78.93,64.01
18465,2018-10-13 14:20:00,71.45,71.30,81.53,78.61,65.55
18466,2018-10-13 14:30:00,73.15,72.15,75.45,77.37,64.97
18467,2018-10-13 14:40:00,73.46,73.15,73.07,76.76,64.35
18468,2018-10-13 14:50:00,73.46,73.39,74.42,76.47,64.87
18469,2018-10-13 15:00:00,73.31,73.46,72.98,76.12,64.16
18470,2018-10-13 15:10:00,72.92,73.23,73.54,75.47,64.01
18471,2018-10-13 15:20:00,72.38,72.92,74.77,74.74,63.97
18472,2018-10-13 15:30:00,72.92,72.38,75.71,78.18,64.84
18473,2018-10-13 15:40:00,72.92,72.92,75.82,76.38,64.89
18474,2018-10-13 15:50:00,72.61,72.92,74.80,75.80,64.20
18475,2018-10-13 16:00:00,72.15,72.46,74.39,75.82,63.60
18476,2018-10-13 16:10:00,71.61,72.15,76.15,75.71,63.74
18477,2018-10-13 16:20:00,71.61,71.61,75.27,76.93,63.41
18478,2018-10-13 16:30:00,71.38,71.61,79.76,77.48,64.84
18479,2018-10-13 16:40:00,70.99,71.38,76.99,78.15,63.45
18480,2018-10-13 16:50:00,70.22,70.84,74.95,76.73,61.94
18481,2018-10-13 17:00:00,69.22,70.22,77.13,77.83,61.79
18482,2018-10-13 17:10:00,68.29,69.14,81.25,78.44,62.36
18483,2018-10-13 17:20:00,68.29,68.37,78.95,80.73,61.55
18484,2018-10-13 17:30:00,68.21,68.13,82.02,81.13,62.55
18485,2018-10-13 17:40:00,68.44,68.21,80.39,81.91,62.21
18486,2018-10-13 17:50:00,68.06,68.37,80.79,80.05,61.97
18487,2018-10-13 18:00:00,67.67,68.06,78.84,79.93,60.91
18488,2018-10-13 18:10:00,67.21,67.59,81.11,81.08,61.26
18489,2018-10-13 18:20:00,66.82,67.21,82.87,80.76,61.49
18490,2018-10-13 18:30:00,66.44,66.82,82.39,81.88,60.94
18491,2018-10-13 18:40:00,66.28,66.51,81.79,82.73,60.59
18492,2018-10-13 18:50:00,66.05,66.28,82.79,83.83,60.70
18493,2018-10-13 19:00:00,65.97,66.05,84.40,83.58,61.17
18494,2018-10-13 19:10:00,65.89,65.89,84.82,84.29,61.24
18495,2018-10-13 19:20:00,65.82,65.89,84.96,85.10,61.21
18496,2018-10-13 19:30:00,65.89,65.89,84.96,85.50,61.28
18497,2018-10-13 19:40:00,65.82,65.82,85.83,85.38,61.50
18498,2018-10-13 19:50:00,65.74,65.82,85.27,86.06,61.24
18499,2018-10-13 20:00:00,65.66,65.74,84.79,85.33,61.00
18500,2018-10-13 20:10:00,65.59,65.74,86.67,85.69,61.54
18501,2018-10-13 20:20:00,65.59,65.66,85.24,86.17,61.07
18502,2018-10-13 20:30:00,65.43,65.51,86.20,86.20,61.24
18503,2018-10-13 20:40:00,65.35,65.51,86.64,86.59,61.31
18504,2018-10-13 20:50:00,65.05,65.28,86.59,86.78,60.99
18505,2018-10-13 21:00:00,64.89,65.12,86.11,86.45,60.68
18506,2018-10-13 21:10:00,64.74,64.89,87.43,87.37,60.95
18507,2018-10-13 21:20:00,64.58,64.66,88.70,88.29,61.21
18508,2018-10-13 21:30:00,64.50,64.58,89.15,89.15,61.28
18509,2018-10-13 21:40:00,64.35,64.50,89.45,89.20,61.22
18510,2018-10-13 21:50:00,64.12,64.35,89.40,89.28,60.97
18511,2018-10-13 22:00:00,63.89,64.12,89.81,89.34,60.87
18512,2018-10-13 22:10:00,63.96,63.96,89.81,90.33,60.95
18513,2018-10-13 22:20:00,64.12,63.96,91.65,90.61,61.68
18514,2018-10-13 22:30:00,64.20,64.20,89.95,90.44,61.22
18515,2018-10-13 22:40:00,64.04,64.20,89.51,89.89,60.93
18516,2018-10-13 22:50:00,63.81,63.96,89.48,89.51,60.69
18517,2018-10-13 23:00:00,63.58,63.81,90.20,89.53,60.69
18518,2018-10-13 23:10:00,63.42,63.66,89.84,90.39,60.43
18519,2018-10-13 23:20:00,63.42,63.42,90.28,90.53,60.56
18520,2018-10-13 23:30:00,63.35,63.50,89.84,90.28,60.35
18521,2018-10-13 23:40:00,62.96,63.35,88.93,89.45,59.68
18522,2018-10-13 23:50:00,62.27,62.88,88.40,89.04,58.83
18523,2018-10-14 0:00:00,61.72,62.27,89.62,89.06,58.68
18524,2018-10-14 0:10:00,61.49,61.72,89.59,89.62,58.44
18525,2018-10-14 0:20:00,61.18,61.49,89.97,89.62,58.25
18526,2018-10-14 0:30:00,60.95,61.11,90.36,90.14,58.14
18527,2018-10-14 0:40:00,60.64,61.03,89.78,90.14,57.66
18528,2018-10-14 0:50:00,60.34,60.64,89.75,89.70,57.35
18529,2018-10-14 1:00:00,60.03,60.34,90.14,90.03,57.16
18530,2018-10-14 1:10:00,59.49,59.95,90.58,90.11,56.76
18531,2018-10-14 1:20:00,59.33,59.49,91.40,90.88,56.86
18532,2018-10-14 1:30:00,59.33,59.33,91.73,91.54,56.96
18533,2018-10-14 1:40:00,59.25,59.33,91.81,91.90,56.91
18534,2018-10-14 1:50:00,59.41,59.18,92.58,92.28,57.29
18535,2018-10-14 2:00:00,59.56,59.41,92.72,92.91,57.48
18536,2018-10-14 2:10:00,59.72,59.49,93.04,93.01,57.74
18537,2018-10-14 2:20:00,59.56,59.56,92.28,92.74,57.35
18538,2018-10-14 2:30:00,59.64,59.49,92.61,92.39,57.53
18539,2018-10-14 2:40:00,59.72,59.49,93.04,92.72,57.74
18540,2018-10-14 2:50:00,59.49,59.72,92.28,92.50,57.28
18541,2018-10-14 3:00:00,59.41,59.49,92.69,92.03,57.32
18542,2018-10-14 3:10:00,59.64,59.49,93.56,93.04,57.81
18543,2018-10-14 3:20:00,59.87,59.64,93.99,93.75,58.17
18544,2018-10-14 3:30:00,60.26,59.95,94.86,94.34,58.81
18545,2018-10-14 3:40:00,60.57,60.26,94.45,94.83,59.00
18546,2018-10-14 3:50:00,60.88,60.57,94.15,94.07,59.22
18547,2018-10-14 4:00:00,61.11,60.88,93.69,93.91,59.31
18548,2018-10-14 4:10:00,61.34,61.11,93.72,93.61,59.55
18549,2018-10-14 4:20:00,61.57,61.34,93.40,93.31,59.68
18550,2018-10-14 4:30:00,61.65,61.49,94.21,93.45,60.00
18551,2018-10-14 4:40:00,61.72,61.65,93.42,93.75,59.84
18552,2018-10-14 4:50:00,61.80,61.80,93.34,93.88,59.90
18553,2018-10-14 5:00:00,61.96,61.96,93.88,93.37,60.21
18554,2018-10-14 5:10:00,62.03,61.96,93.48,93.61,60.17
18555,2018-10-14 5:20:00,62.11,62.11,93.37,93.75,60.21
18556,2018-10-14 5:30:00,62.27,62.11,94.29,93.48,60.64
18557,2018-10-14 5:40:00,62.27,62.19,93.40,93.83,60.37
18558,2018-10-14 5:50:00,62.42,62.34,93.53,93.56,60.57
18559,2018-10-14 6:00:00,62.42,62.50,93.42,93.34,60.53
18560,2018-10-14 6:10:00,62.50,62.42,93.01,93.23,60.49
18561,2018-10-14 6:20:00,62.42,62.42,93.01,93.12,60.41
18562,2018-10-14 6:30:00,62.42,62.42,93.01,92.80,60.41
18563,2018-10-14 6:40:00,62.50,62.42,93.01,92.85,60.49
18564,2018-10-14 6:50:00,62.57,62.50,93.12,93.01,60.60
18565,2018-10-14 7:00:00,62.57,62.50,92.61,93.12,60.44
18566,2018-10-14 7:10:00,62.65,62.57,92.61,92.55,60.52
18567,2018-10-14 7:20:00,62.65,62.57,93.04,92.66,60.65
18568,2018-10-14 7:30:00,62.65,62.65,93.91,93.12,60.91
18569,2018-10-14 7:40:00,62.96,62.65,93.50,93.96,61.10
18570,2018-10-14 7:50:00,63.35,62.96,93.56,94.05,61.49
18571,2018-10-14 8:00:00,63.66,63.27,93.18,93.29,61.69
18572,2018-10-14 8:10:00,63.89,63.58,92.47,92.85,61.70
18573,2018-10-14 8:20:00,64.27,63.96,92.85,91.95,62.20
18574,2018-10-14 8:30:00,64.66,64.27,90.88,91.76,61.97
18575,2018-10-14 8:40:00,65.05,64.74,90.50,90.97,62.24
18576,2018-10-14 8:50:00,65.35,65.05,89.56,90.33,62.25
18577,2018-10-14 9:00:00,65.82,65.35,89.31,89.28,62.62
18578,2018-10-14 9:10:00,66.44,65.89,87.57,89.04,62.67
18579,2018-10-14 9:20:00,66.90,66.44,87.29,88.04,63.04
18580,2018-10-14 9:30:00,67.52,66.98,86.03,86.39,63.23
18581,2018-10-14 9:40:00,67.75,67.59,85.19,84.79,63.18
18582,2018-10-14 9:50:00,68.37,67.75,82.96,84.12,63.03
18583,2018-10-14 10:00:00,68.60,68.44,84.29,82.73,63.71
18584,2018-10-14 10:10:00,68.29,68.52,80.31,81.11,62.03
18585,2018-10-14 10:20:00,68.52,68.21,84.43,81.93,63.68
18586,2018-10-14 10:30:00,68.60,68.44,83.86,83.47,63.56
18587,2018-10-14 10:40:00,68.75,68.60,81.73,81.31,62.98
18588,2018-10-14 10:50:00,69.06,68.83,80.39,80.59,62.81
18589,2018-10-14 11:00:00,69.83,69.06,80.85,80.31,63.73
18590,2018-10-14 11:10:00,71.38,70.30,72.45,78.00,62.10
18591,2018-10-14 11:20:00,71.07,71.38,78.87,74.19,64.22
18592,2018-10-14 11:30:00,71.84,71.07,80.73,76.79,65.64
18593,2018-10-14 11:40:00,72.92,71.92,77.66,76.29,65.57
18594,2018-10-14 11:50:00,73.69,73.08,78.61,77.34,66.68
18595,2018-10-14 12:00:00,73.31,73.77,75.85,76.96,65.27
18596,2018-10-14 12:10:00,74.47,73.31,77.89,77.54,67.16
18597,2018-10-14 12:20:00,75.01,74.47,75.65,77.71,66.84
18598,2018-10-14 12:30:00,72.92,74.23,76.64,75.62,65.20
18599,2018-10-14 12:40:00,71.45,72.69,77.83,76.87,64.21
18600,2018-10-14 12:50:00,70.61,71.22,79.67,78.46,64.06
18601,2018-10-14 13:00:00,70.84,70.61,80.62,81.19,64.62
18602,2018-10-14 13:10:00,70.76,70.84,79.59,80.53,64.18
18603,2018-10-14 13:20:00,70.84,70.68,80.62,80.82,64.62
18604,2018-10-14 13:30:00,70.76,70.84,79.76,79.53,64.24
18605,2018-10-14 13:40:00,71.22,70.76,76.96,79.04,63.67
18606,2018-10-14 13:50:00,71.45,71.22,79.27,79.07,64.74
18607,2018-10-14 14:00:00,71.38,71.53,76.12,79.27,63.50
18608,2018-10-14 14:10:00,71.22,71.30,78.90,78.93,64.38
18609,2018-10-14 14:20:00,71.61,71.15,78.84,79.07,64.73
18610,2018-10-14 14:30:00,72.61,72.07,76.58,79.13,64.87
18611,2018-10-14 14:40:00,71.92,72.61,77.60,77.05,64.58
18612,2018-10-14 14:50:00,70.99,71.92,78.70,77.83,64.08
18613,2018-10-14 15:00:00,71.38,70.91,81.65,80.19,65.52
18614,2018-10-14 15:10:00,71.53,71.45,79.39,78.26,64.86
18615,2018-10-14 15:20:00,71.69,71.61,77.54,79.07,64.33
18616,2018-10-14 15:30:00,70.61,71.53,80.59,78.44,64.39
18617,2018-10-14 15:40:00,70.53,70.76,79.56,79.30,63.94
18618,2018-10-14 15:50:00,70.06,70.45,79.56,80.56,63.49
18619,2018-10-14 16:00:00,69.60,70.06,80.02,79.99,63.21
18620,2018-10-14 16:10:00,69.14,69.52,83.49,81.31,63.97
18621,2018-10-14 16:20:00,68.83,69.14,83.01,81.13,63.50
18622,2018-10-14 16:30:00,68.83,68.83,82.10,82.30,63.19
18623,2018-10-14 16:40:00,68.52,68.91,82.19,81.62,62.91
18624,2018-10-14 16:50:00,68.67,68.52,82.22,82.25,63.07
18625,2018-10-14 17:00:00,68.91,68.60,81.33,82.62,62.99
18626,2018-10-14 17:10:00,68.67,68.83,81.31,80.42,62.76
18627,2018-10-14 17:20:00,68.60,68.75,81.65,81.53,62.80
18628,2018-10-14 17:30:00,68.21,68.52,81.71,81.91,62.44
18629,2018-10-14 17:40:00,67.98,68.13,82.87,81.36,62.62
18630,2018-10-14 17:50:00,67.44,67.83,81.62,81.73,61.66
18631,2018-10-14 18:00:00,66.90,67.36,84.51,83.27,62.12
18632,2018-10-14 18:10:00,66.44,66.98,83.72,83.81,61.40
18633,2018-10-14 18:20:00,65.89,66.44,84.40,85.02,61.10
18634,2018-10-14 18:30:00,65.51,65.89,86.64,85.19,61.46
18635,2018-10-14 18:40:00,65.05,65.43,87.48,86.11,61.28
18636,2018-10-14 18:50:00,64.97,65.05,87.90,87.62,61.33
18637,2018-10-14 19:00:00,64.81,64.97,85.13,85.92,60.28
18638,2018-10-14 19:10:00,64.58,64.74,86.00,85.61,60.34
18639,2018-10-14 19:20:00,64.50,64.58,86.53,85.86,60.44
18640,2018-10-14 19:30:00,64.20,64.43,85.64,85.38,59.84
18641,2018-10-14 19:40:00,64.12,64.27,85.58,86.39,59.74
18642,2018-10-14 19:50:00,64.12,64.12,87.37,85.86,60.33
18643,2018-10-14 20:00:00,63.96,64.04,85.16,86.03,59.45
18644,2018-10-14 20:10:00,63.89,63.96,85.13,85.41,59.37
18645,2018-10-14 20:20:00,63.81,63.89,85.97,85.44,59.57
18646,2018-10-14 20:30:00,63.73,63.89,85.89,85.80,59.47
18647,2018-10-14 20:40:00,63.81,63.73,86.78,86.09,59.83
18648,2018-10-14 20:50:00,63.73,63.73,88.07,87.31,60.17
18649,2018-10-14 21:00:00,63.73,63.73,88.07,87.82,60.17
18650,2018-10-14 21:10:00,63.42,63.73,86.73,88.20,59.44
18651,2018-10-14 21:20:00,62.96,63.42,87.54,87.45,59.24
18652,2018-10-14 21:30:00,62.11,62.88,87.95,87.37,58.54
18653,2018-10-14 21:40:00,61.42,62.11,87.87,87.84,57.82
18654,2018-10-14 21:50:00,60.88,61.42,88.12,88.15,57.37
18655,2018-10-14 22:00:00,60.57,60.80,89.45,88.73,57.48
18656,2018-10-14 22:10:00,59.95,60.57,89.70,89.20,56.95
18657,2018-10-14 22:20:00,59.72,59.95,89.78,89.56,56.74
18658,2018-10-14 22:30:00,59.56,59.79,90.17,90.09,56.71
18659,2018-10-14 22:40:00,59.49,59.56,90.06,90.14,56.60
18660,2018-10-14 22:50:00,59.33,59.41,89.73,90.06,56.35
18661,2018-10-14 23:00:00,59.02,59.25,90.00,90.28,56.13
18662,2018-10-14 23:10:00,58.87,59.02,89.97,90.36,55.96
18663,2018-10-14 23:20:00,58.64,58.87,90.36,89.95,55.85
18664,2018-10-14 23:30:00,58.40,58.56,90.75,90.47,55.74
18665,2018-10-14 23:40:00,58.25,58.48,90.42,90.31,55.49
18666,2018-10-14 23:50:00,58.10,58.25,90.28,90.22,55.29
18667,2018-10-15 0:00:00,57.79,57.94,90.77,90.53,55.14
18668,2018-10-15 0:10:00,57.63,57.79,90.33,90.80,54.85
18669,2018-10-15 0:20:00,57.48,57.63,91.05,90.53,54.92
18670,2018-10-15 0:30:00,57.25,57.40,91.02,90.91,54.68
18671,2018-10-15 0:40:00,57.09,57.25,90.99,91.24,54.52
18672,2018-10-15 0:50:00,56.63,57.01,90.50,90.47,53.91
18673,2018-10-15 1:00:00,56.32,56.55,90.47,90.88,53.59
18674,2018-10-15 1:10:00,55.93,56.32,90.83,90.77,53.32
18675,2018-10-15 1:20:00,55.70,55.93,91.21,91.05,53.21
18676,2018-10-15 1:30:00,55.32,55.55,90.86,90.88,52.72
18677,2018-10-15 1:40:00,54.93,55.24,91.10,90.97,52.41
18678,2018-10-15 1:50:00,54.78,54.85,91.18,91.21,52.28
18679,2018-10-15 2:00:00,54.31,54.62,91.95,91.43,52.05
18680,2018-10-15 2:10:00,54.47,54.47,93.59,92.25,52.68
18681,2018-10-15 2:20:00,54.47,54.47,93.64,93.56,52.70
18682,2018-10-15 2:30:00,54.70,54.47,94.88,93.88,53.29
18683,2018-10-15 2:40:00,55.32,54.85,89.06,93.48,52.18
18684,2018-10-15 2:50:00,56.47,55.32,70.38,78.06,46.98
18685,2018-10-15 3:00:00,58.48,56.94,52.34,63.12,41.12
18686,2018-10-15 3:10:00,61.57,60.03,46.56,49.54,40.94
18687,2018-10-15 3:20:00,63.19,61.80,43.71,44.88,40.78
18688,2018-10-15 3:30:00,64.20,63.27,39.37,43.19,39.00
18689,2018-10-15 3:40:00,65.35,64.20,36.53,39.04,38.11
18690,2018-10-15 3:50:00,66.05,65.51,36.39,37.65,38.64
18691,2018-10-15 4:00:00,66.82,66.13,35.66,35.63,38.80
18692,2018-10-15 4:10:00,67.13,66.90,36.36,35.06,39.57
18693,2018-10-15 4:20:00,66.98,67.05,34.26,35.06,37.92
18694,2018-10-15 4:30:00,66.98,67.05,33.49,34.43,37.34
18695,2018-10-15 4:40:00,66.90,66.98,34.86,34.50,38.29
18696,2018-10-15 4:50:00,66.67,66.90,35.63,35.03,38.64
18697,2018-10-15 5:00:00,66.36,66.59,35.53,35.26,38.30
18698,2018-10-15 5:10:00,66.51,66.36,33.16,34.36,36.68
18699,2018-10-15 5:20:00,66.67,66.59,32.62,33.36,36.40
18700,2018-10-15 5:30:00,66.67,66.59,33.29,33.06,36.92
18701,2018-10-15 5:40:00,66.74,66.74,31.58,32.25,35.65
18702,2018-10-15 5:50:00,66.82,66.82,31.45,31.95,35.61
18703,2018-10-15 6:00:00,66.98,66.90,31.71,31.14,35.96
18704,2018-10-15 6:10:00,66.82,66.98,31.45,31.51,35.61
18705,2018-10-15 6:20:00,66.59,66.82,32.76,31.88,36.44
18706,2018-10-15 6:30:00,66.13,66.44,31.28,31.98,34.87
18707,2018-10-15 6:40:00,66.20,66.13,31.01,31.31,34.72
18708,2018-10-15 6:50:00,66.44,66.28,31.68,31.28,35.46
18709,2018-10-15 7:00:00,66.36,66.44,31.28,31.38,35.07
18710,2018-10-15 7:10:00,65.97,66.28,30.87,32.15,34.41
18711,2018-10-15 7:20:00,65.97,65.97,31.55,31.51,34.95
18712,2018-10-15 7:30:00,66.05,65.89,29.93,30.84,33.70
18713,2018-10-15 7:40:00,65.89,65.97,31.38,31.18,34.75
18714,2018-10-15 7:50:00,65.59,65.82,32.55,31.78,35.40
18715,2018-10-15 8:00:00,65.51,65.66,33.23,32.92,35.85
18716,2018-10-15 8:10:00,65.51,65.51,31.24,33.53,34.30
18717,2018-10-15 8:20:00,65.89,65.59,32.05,32.32,35.28
18718,2018-10-15 8:30:00,66.20,65.89,32.72,32.25,36.07
18719,2018-10-15 8:40:00,66.28,66.20,33.49,33.73,36.73
18720,2018-10-15 8:50:00,66.59,66.28,32.08,33.56,35.91
18721,2018-10-15 9:00:00,67.05,66.59,32.66,33.23,36.76
18722,2018-10-15 9:10:00,67.44,66.98,35.16,33.69,38.99
18723,2018-10-15 9:20:00,67.83,67.44,36.39,35.60,40.21
18724,2018-10-15 9:30:00,68.29,67.83,33.86,35.50,38.77
18725,2018-10-15 9:40:00,68.83,68.37,36.79,35.46,41.38
18726,2018-10-15 9:50:00,69.60,68.91,34.93,36.86,40.72
18727,2018-10-15 10:00:00,70.14,69.60,40.02,35.96,44.75
18728,2018-10-15 10:10:00,70.91,70.14,34.76,36.06,41.75
18729,2018-10-15 10:20:00,71.53,70.91,45.27,38.58,49.27
18730,2018-10-15 10:30:00,72.61,71.69,43.29,42.77,49.05
18731,2018-10-15 10:40:00,73.15,72.61,36.23,38.02,44.81
18732,2018-10-15 10:50:00,73.62,73.15,37.25,38.21,45.95
18733,2018-10-15 11:00:00,73.93,73.62,39.43,36.09,47.74
18734,2018-10-15 11:10:00,74.47,73.85,35.50,37.02,45.43
18735,2018-10-15 11:20:00,75.32,74.54,36.36,40.71,46.81
18736,2018-10-15 11:30:00,75.47,75.39,33.59,33.39,44.86
18737,2018-10-15 11:40:00,75.78,75.39,33.36,34.60,44.95
18738,2018-10-15 11:50:00,76.09,75.70,34.26,33.12,45.92
18739,2018-10-15 12:00:00,76.32,76.09,28.81,31.61,41.59
18740,2018-10-15 12:10:00,76.17,76.32,29.18,29.96,41.79
18741,2018-10-15 12:20:00,76.47,76.24,33.53,31.11,45.69
18742,2018-10-15 12:30:00,76.94,76.63,31.24,31.14,44.24
18743,2018-10-15 12:40:00,77.25,77.01,34.53,29.62,47.14
18744,2018-10-15 12:50:00,77.71,77.25,30.47,31.34,44.25
18745,2018-10-15 13:00:00,78.10,77.79,35.69,32.32,48.78
18746,2018-10-15 13:10:00,78.48,78.17,32.02,32.32,46.22
18747,2018-10-15 13:20:00,79.10,78.56,30.67,33.49,45.62
18748,2018-10-15 13:30:00,79.33,79.10,32.05,31.85,46.99
18749,2018-10-15 13:40:00,79.56,79.41,30.84,31.34,46.17
18750,2018-10-15 13:50:00,79.72,79.56,32.19,32.89,47.44
18751,2018-10-15 14:00:00,79.79,79.64,31.24,31.18,46.71
18752,2018-10-15 14:10:00,80.10,79.72,30.47,33.96,46.32
18753,2018-10-15 14:20:00,80.10,80.10,31.01,32.29,46.78
18754,2018-10-15 14:30:00,80.34,80.10,31.14,32.82,47.10
18755,2018-10-15 14:40:00,80.49,80.41,38.21,32.72,52.73
18756,2018-10-15 14:50:00,80.57,80.49,35.00,33.99,50.42
18757,2018-10-15 15:00:00,80.57,80.57,36.09,33.33,51.25
18758,2018-10-15 15:10:00,80.88,80.64,37.49,37.95,52.55
18759,2018-10-15 15:20:00,80.95,80.88,32.92,35.69,49.12
18760,2018-10-15 15:30:00,80.64,80.80,39.56,37.82,53.82
18761,2018-10-15 15:40:00,80.41,80.64,27.76,34.09,44.13
18762,2018-10-15 15:50:00,80.03,80.41,32.76,32.49,48.17
18763,2018-10-15 16:00:00,79.49,80.03,35.16,33.16,49.60
18764,2018-10-15 16:10:00,79.10,79.49,32.05,30.37,46.79
18765,2018-10-15 16:20:00,78.79,79.10,28.10,28.13,43.06
18766,2018-10-15 16:30:00,78.33,78.79,26.43,27.96,41.07
18767,2018-10-15 16:40:00,77.86,78.33,28.06,28.40,42.23
18768,2018-10-15 16:50:00,77.32,77.79,32.22,27.96,45.38
18769,2018-10-15 17:00:00,76.71,77.25,30.57,28.57,43.46
18770,2018-10-15 17:10:00,76.17,76.71,29.45,29.28,42.03
18771,2018-10-15 17:20:00,74.54,75.93,44.46,36.06,51.51
18772,2018-10-15 17:30:00,73.08,74.39,51.23,46.72,54.03
18773,2018-10-15 17:40:00,71.30,72.77,49.29,56.11,51.35
18774,2018-10-15 17:50:00,70.61,71.15,55.54,51.92,53.96
18775,2018-10-15 18:00:00,68.83,70.30,63.91,58.19,56.15
18776,2018-10-15 18:10:00,67.28,68.37,57.98,61.40,52.03
18777,2018-10-15 18:20:00,66.44,67.28,65.76,60.97,54.67
18778,2018-10-15 18:30:00,65.43,66.36,62.17,63.30,52.18
18779,2018-10-15 18:40:00,64.27,65.43,68.92,66.33,53.89
18780,2018-10-15 18:50:00,63.42,64.12,68.71,69.69,52.99
18781,2018-10-15 19:00:00,62.34,63.42,70.50,70.94,52.66
18782,2018-10-15 19:10:00,61.57,62.27,71.42,70.41,52.27
18783,2018-10-15 19:20:00,60.41,61.42,72.01,72.30,51.38
18784,2018-10-15 19:30:00,59.72,60.41,73.95,74.86,51.43
18785,2018-10-15 19:40:00,59.41,59.72,74.25,75.04,51.24
18786,2018-10-15 19:50:00,58.79,59.41,79.07,76.73,52.35
18787,2018-10-15 20:00:00,58.17,58.79,79.04,77.94,51.74
18788,2018-10-15 20:10:00,57.79,58.17,76.90,77.08,50.62
18789,2018-10-15 20:20:00,57.86,57.79,77.19,77.13,50.80
18790,2018-10-15 20:30:00,57.56,57.79,77.19,77.68,50.50
18791,2018-10-15 20:40:00,57.09,57.63,78.44,78.38,50.48
18792,2018-10-15 20:50:00,56.63,57.17,78.87,78.52,50.17
18793,2018-10-15 21:00:00,56.17,56.63,79.79,78.81,50.04
18794,2018-10-15 21:10:00,55.55,56.17,79.70,79.67,49.40
18795,2018-10-15 21:20:00,55.16,55.55,79.56,79.62,48.98
18796,2018-10-15 21:30:00,54.93,55.08,80.10,80.13,48.94
18797,2018-10-15 21:40:00,54.62,54.85,80.51,79.96,48.77
18798,2018-10-15 21:50:00,54.16,54.47,79.96,81.31,48.14
18799,2018-10-15 22:00:00,53.69,54.00,81.22,80.88,48.10
18800,2018-10-15 22:10:00,53.39,53.62,81.96,81.68,48.04
18801,2018-10-15 22:20:00,53.23,53.46,81.51,82.25,47.74
18802,2018-10-15 22:30:00,52.92,53.23,82.36,82.10,47.72
18803,2018-10-15 22:40:00,52.84,53.00,82.45,82.02,47.67
18804,2018-10-15 22:50:00,52.77,52.92,81.99,82.87,47.45
18805,2018-10-15 23:00:00,52.46,52.69,83.16,82.45,47.52
18806,2018-10-15 23:10:00,52.38,52.38,84.43,83.61,47.85
18807,2018-10-15 23:20:00,52.23,52.38,83.21,83.81,47.31
18808,2018-10-15 23:30:00,52.23,52.38,83.64,82.59,47.45
18809,2018-10-15 23:40:00,52.07,52.30,85.33,84.26,47.83
18810,2018-10-15 23:50:00,51.92,52.00,84.06,84.82,47.28
18811,2018-10-16 0:00:00,51.84,51.84,83.92,83.72,47.16
18812,2018-10-16 0:10:00,51.84,51.84,86.17,84.31,47.86
18813,2018-10-16 0:20:00,51.76,51.84,85.19,85.44,47.48
18814,2018-10-16 0:30:00,51.38,51.69,82.70,83.24,46.32
18815,2018-10-16 0:40:00,50.99,51.22,83.49,82.79,46.19
18816,2018-10-16 0:50:00,50.61,50.99,83.86,84.09,45.93
18817,2018-10-16 1:00:00,50.61,50.68,83.44,83.95,45.79
18818,2018-10-16 1:10:00,50.22,50.61,82.42,84.12,45.09
18819,2018-10-16 1:20:00,49.83,50.14,85.92,83.78,45.81
18820,2018-10-16 1:30:00,49.52,49.91,84.03,84.57,44.92
18821,2018-10-16 1:40:00,48.83,49.45,82.76,82.87,43.84
18822,2018-10-16 1:50:00,48.60,48.91,85.33,83.95,44.41
18823,2018-10-16 2:00:00,48.52,48.52,85.22,85.19,44.30
18824,2018-10-16 2:10:00,48.44,48.60,84.77,84.74,44.09
18825,2018-10-16 2:20:00,48.29,48.44,84.71,84.91,43.92
18826,2018-10-16 2:30:00,48.21,48.37,86.11,85.89,44.27
18827,2018-10-16 2:40:00,47.90,48.13,83.83,85.10,43.27
18828,2018-10-16 2:50:00,47.75,47.90,84.37,84.57,43.28
18829,2018-10-16 3:00:00,47.59,47.67,83.81,85.13,42.96
18830,2018-10-16 3:10:00,47.52,47.59,86.87,85.27,43.82
18831,2018-10-16 3:20:00,47.13,47.44,84.60,85.13,42.75
18832,2018-10-16 3:30:00,47.21,47.28,85.13,85.10,42.99
18833,2018-10-16 3:40:00,47.05,47.21,84.68,86.11,42.70
18834,2018-10-16 3:50:00,46.90,47.05,83.81,84.51,42.28
18835,2018-10-16 4:00:00,46.90,46.90,86.37,85.27,43.06
18836,2018-10-16 4:10:00,46.98,46.82,86.37,86.31,43.13
18837,2018-10-16 4:20:00,46.90,46.98,86.25,84.51,43.02
18838,2018-10-16 4:30:00,46.67,46.82,86.23,83.52,42.79
18839,2018-10-16 4:40:00,46.51,46.74,85.47,84.09,42.41
18840,2018-10-16 4:50:00,46.20,46.44,85.75,85.72,42.19
18841,2018-10-16 5:00:00,46.05,46.28,85.30,85.47,41.90
18842,2018-10-16 5:10:00,45.97,46.13,83.27,84.74,41.20
18843,2018-10-16 5:20:00,45.89,45.97,81.02,84.60,40.42
18844,2018-10-16 5:30:00,45.43,45.89,83.95,83.27,40.88
18845,2018-10-16 5:40:00,45.28,45.43,84.46,85.22,40.88
18846,2018-10-16 5:50:00,45.35,45.35,85.72,83.64,41.34
18847,2018-10-16 6:00:00,45.35,45.35,88.54,85.24,42.18
18848,2018-10-16 6:10:00,45.20,45.35,86.45,85.69,41.41
18849,2018-10-16 6:20:00,45.12,45.28,85.61,82.90,41.08
18850,2018-10-16 6:30:00,45.05,45.12,85.16,84.31,40.87
18851,2018-10-16 6:40:00,45.12,45.05,84.77,85.75,40.83
18852,2018-10-16 6:50:00,45.28,45.12,86.56,84.34,41.52
18853,2018-10-16 7:00:00,45.43,45.28,85.22,84.60,41.27
18854,2018-10-16 7:10:00,45.43,45.43,84.79,86.37,41.14
18855,2018-10-16 7:20:00,45.59,45.51,86.17,86.00,41.71
18856,2018-10-16 7:30:00,45.89,45.59,81.88,83.16,40.69
18857,2018-10-16 7:40:00,46.51,46.05,86.73,86.11,42.79
18858,2018-10-16 7:50:00,47.21,46.51,86.39,85.86,43.37
18859,2018-10-16 8:00:00,48.83,47.36,81.93,84.77,43.58
18860,2018-10-16 8:10:00,50.53,49.06,74.16,84.51,42.63
18861,2018-10-16 8:20:00,54.70,52.15,60.94,71.42,41.52
18862,2018-10-16 8:30:00,58.64,56.40,53.57,59.31,41.86
18863,2018-10-16 8:40:00,61.57,60.10,53.82,52.53,44.71
18864,2018-10-16 8:50:00,63.58,62.19,49.99,49.57,44.63
18865,2018-10-16 9:00:00,65.20,63.81,45.04,47.91,43.38
18866,2018-10-16 9:10:00,66.98,65.59,41.89,42.41,43.10
18867,2018-10-16 9:20:00,68.37,67.13,38.58,40.98,42.20
18868,2018-10-16 9:30:00,69.60,68.44,35.20,38.41,40.92
18869,2018-10-16 9:40:00,70.68,69.76,36.92,37.29,43.12
18870,2018-10-16 9:50:00,71.38,70.76,33.12,36.62,40.91
18871,2018-10-16 10:00:00,72.30,71.45,33.99,34.06,42.40
18872,2018-10-16 10:10:00,73.08,72.30,37.22,33.33,45.45
18873,2018-10-16 10:20:00,74.08,73.15,31.65,33.69,42.09
18874,2018-10-16 10:30:00,75.08,74.16,32.52,32.05,43.67
18875,2018-10-16 10:40:00,75.86,75.16,31.48,31.75,43.49
18876,2018-10-16 10:50:00,76.55,75.86,31.51,31.92,44.13
18877,2018-10-16 11:00:00,77.09,76.47,31.28,32.52,44.40
18878,2018-10-16 11:10:00,77.71,77.17,33.33,32.29,46.61
18879,2018-10-16 11:20:00,78.33,77.79,31.58,34.23,45.72
18880,2018-10-16 11:30:00,79.02,78.48,32.15,32.92,46.80
18881,2018-10-16 11:40:00,79.33,79.02,31.78,31.98,46.77
18882,2018-10-16 11:50:00,79.72,79.41,33.69,32.66,48.66
18883,2018-10-16 12:00:00,80.10,79.72,36.36,33.39,51.04
18884,2018-10-16 12:10:00,80.57,80.10,32.66,33.46,48.56
18885,2018-10-16 12:20:00,80.95,80.64,33.33,33.96,49.44
18886,2018-10-16 12:30:00,81.42,81.03,35.40,34.36,51.47
18887,2018-10-16 12:40:00,81.96,81.49,41.96,35.73,56.61
18888,2018-10-16 12:50:00,82.50,82.03,35.89,36.29,52.80
18889,2018-10-16 13:00:00,83.04,82.65,33.16,35.83,51.13
18890,2018-10-16 13:10:00,83.50,83.12,35.93,37.29,53.71
18891,2018-10-16 13:20:00,83.96,83.58,34.16,38.48,52.75
18892,2018-10-16 13:30:00,84.04,83.96,35.23,34.66,53.65
18893,2018-10-16 13:40:00,84.20,83.96,50.27,40.52,63.73
18894,2018-10-16 13:50:00,84.20,84.20,29.83,35.56,49.28
18895,2018-10-16 14:00:00,83.96,84.12,38.35,36.56,55.91
18896,2018-10-16 14:10:00,84.04,83.89,42.35,49.09,58.74
18897,2018-10-16 14:20:00,83.42,84.04,33.46,40.12,51.71
18898,2018-10-16 14:30:00,81.18,82.57,32.55,35.10,49.02
18899,2018-10-16 14:40:00,80.18,81.03,35.03,35.50,50.11
18900,2018-10-16 14:50:00,79.41,80.03,38.18,36.16,51.75
18901,2018-10-16 15:00:00,78.95,79.49,35.73,36.79,49.55
18902,2018-10-16 15:10:00,78.33,78.95,36.46,35.93,49.55
18903,2018-10-16 15:20:00,77.86,78.33,32.66,35.63,46.21
18904,2018-10-16 15:30:00,77.40,77.86,36.13,33.86,48.49
18905,2018-10-16 15:40:00,76.86,77.40,33.39,34.93,45.92
18906,2018-10-16 15:50:00,76.40,76.86,37.19,34.93,48.37
18907,2018-10-16 16:00:00,76.01,76.40,36.96,36.76,47.86
18908,2018-10-16 16:10:00,75.39,76.01,37.09,37.88,47.41
18909,2018-10-16 16:20:00,75.01,75.39,38.91,39.00,48.34
18910,2018-10-16 16:30:00,74.47,74.93,42.84,41.40,50.44
18911,2018-10-16 16:40:00,73.77,74.39,42.02,42.51,49.30
18912,2018-10-16 16:50:00,73.39,73.85,40.91,41.53,48.23
18913,2018-10-16 17:00:00,72.92,73.31,48.68,45.82,52.50
18914,2018-10-16 17:10:00,72.23,72.84,46.85,46.33,50.82
18915,2018-10-16 17:20:00,71.61,72.30,51.10,49.54,52.61
18916,2018-10-16 17:30:00,70.84,71.61,58.01,53.76,55.37
18917,2018-10-16 17:40:00,69.91,70.76,58.44,56.54,54.70
18918,2018-10-16 17:50:00,69.06,69.91,58.84,58.32,54.10
18919,2018-10-16 18:00:00,68.06,68.98,61.19,59.43,54.22
18920,2018-10-16 18:10:00,67.21,68.06,62.08,62.66,53.82
18921,2018-10-16 18:20:00,66.20,67.13,65.09,64.88,54.17
18922,2018-10-16 18:30:00,64.97,66.20,68.95,67.24,54.57
18923,2018-10-16 18:40:00,64.04,64.89,71.12,69.87,54.53
18924,2018-10-16 18:50:00,63.42,63.96,71.56,71.42,54.11
18925,2018-10-16 19:00:00,62.88,63.35,72.86,72.27,54.08
18926,2018-10-16 19:10:00,62.11,62.88,74.69,73.95,54.01
18927,2018-10-16 19:20:00,61.57,62.03,76.32,75.91,54.08
18928,2018-10-16 19:30:00,61.18,61.49,78.52,77.34,54.49
18929,2018-10-16 19:40:00,61.03,61.11,79.44,79.04,54.66
18930,2018-10-16 19:50:00,60.49,61.03,79.39,79.30,54.11
18931,2018-10-16 20:00:00,60.41,60.41,79.33,79.87,54.02
18932,2018-10-16 20:10:00,60.03,60.41,78.03,78.81,53.19
18933,2018-10-16 20:20:00,59.18,60.03,79.21,78.81,52.77
18934,2018-10-16 20:30:00,58.95,59.18,79.24,79.44,52.56
18935,2018-10-16 20:40:00,58.79,59.02,77.34,78.98,51.75
18936,2018-10-16 20:50:00,58.48,58.79,77.80,77.34,51.61
18937,2018-10-16 21:00:00,58.25,58.48,79.07,78.67,51.82
18938,2018-10-16 21:10:00,57.86,58.25,79.99,79.65,51.76
18939,2018-10-16 21:20:00,57.71,57.79,81.31,80.65,52.05
18940,2018-10-16 21:30:00,57.79,57.79,81.19,81.25,52.09
18941,2018-10-16 21:40:00,57.32,57.79,81.16,80.91,51.63
18942,2018-10-16 21:50:00,56.71,57.32,80.71,81.16,50.87
18943,2018-10-16 22:00:00,56.47,56.71,81.59,81.05,50.94
18944,2018-10-16 22:10:00,56.17,56.47,81.53,81.53,50.62
18945,2018-10-16 22:20:00,55.78,56.09,81.91,81.59,50.36
18946,2018-10-16 22:30:00,55.32,55.70,81.42,81.53,49.75
18947,2018-10-16 22:40:00,54.54,55.24,81.36,81.36,48.98
18948,2018-10-16 22:50:00,54.31,54.54,83.35,81.76,49.40
18949,2018-10-16 23:00:00,54.00,54.31,82.05,82.19,48.67
18950,2018-10-16 23:10:00,53.54,53.93,82.08,82.27,48.23
18951,2018-10-16 23:20:00,53.15,53.54,82.79,82.67,48.08
18952,2018-10-16 23:30:00,52.77,53.15,82.45,82.87,47.59
18953,2018-10-16 23:40:00,52.69,52.84,81.13,82.53,47.09
18954,2018-10-16 23:50:00,52.00,52.61,81.48,81.79,46.53
18955,2018-10-17 0:00:00,51.45,52.00,80.96,81.25,45.83
18956,2018-10-17 0:10:00,51.15,51.38,81.68,81.36,45.76
18957,2018-10-17 0:20:00,51.07,51.15,83.07,82.73,46.13
18958,2018-10-17 0:30:00,50.84,51.07,84.20,83.10,46.26
18959,2018-10-17 0:40:00,50.68,50.84,83.78,83.64,45.98
18960,2018-10-17 0:50:00,50.68,50.68,83.47,82.93,45.88
18961,2018-10-17 1:00:00,50.76,50.68,82.62,83.16,45.68
18962,2018-10-17 1:10:00,50.61,50.76,82.98,82.70,45.65
18963,2018-10-17 1:20:00,50.37,50.61,83.41,83.47,45.56
18964,2018-10-17 1:30:00,49.76,50.45,83.35,82.98,44.93
18965,2018-10-17 1:40:00,49.76,49.76,83.78,83.47,45.07
18966,2018-10-17 1:50:00,49.22,49.76,82.70,83.92,44.20
18967,2018-10-17 2:00:00,48.91,49.22,84.40,83.72,44.43
18968,2018-10-17 2:10:00,48.83,48.91,84.40,84.88,44.35
18969,2018-10-17 2:20:00,48.60,48.75,84.46,84.46,44.14
18970,2018-10-17 2:30:00,48.21,48.52,85.16,84.12,43.98
18971,2018-10-17 2:40:00,48.13,48.29,84.82,84.74,43.80
18972,2018-10-17 2:50:00,48.52,48.29,82.76,83.64,43.54
18973,2018-10-17 3:00:00,48.67,48.60,83.21,82.27,43.83
18974,2018-10-17 3:10:00,48.44,48.60,82.33,81.65,43.33
18975,2018-10-17 3:20:00,48.29,48.37,83.13,83.30,43.43
18976,2018-10-17 3:30:00,48.13,48.37,82.62,83.49,43.11
18977,2018-10-17 3:40:00,47.75,48.13,83.83,82.67,43.12
18978,2018-10-17 3:50:00,47.59,47.75,82.64,83.10,42.59
18979,2018-10-17 4:00:00,47.28,47.52,83.47,81.93,42.55
18980,2018-10-17 4:10:00,47.21,47.28,81.19,83.49,41.76
18981,2018-10-17 4:20:00,47.13,47.21,80.02,81.53,41.30
18982,2018-10-17 4:30:00,47.05,47.13,81.71,82.39,41.77
18983,2018-10-17 4:40:00,47.21,46.98,83.33,82.33,42.43
18984,2018-10-17 4:50:00,46.98,47.21,84.68,83.61,42.62
18985,2018-10-17 5:00:00,47.05,47.05,82.98,83.38,42.17
18986,2018-10-17 5:10:00,46.90,47.13,84.14,83.13,42.38
18987,2018-10-17 5:20:00,46.98,46.90,83.72,83.58,42.32
18988,2018-10-17 5:30:00,46.82,46.98,84.14,84.09,42.30
18989,2018-10-17 5:40:00,46.74,46.82,84.23,84.51,42.25
18990,2018-10-17 5:50:00,46.74,46.74,84.12,84.65,42.22
18991,2018-10-17 6:00:00,46.28,46.67,84.03,84.31,41.74
18992,2018-10-17 6:10:00,46.13,46.28,84.14,84.46,41.62
18993,2018-10-17 6:20:00,45.89,46.05,83.58,84.57,41.22
18994,2018-10-17 6:30:00,45.74,45.89,84.48,84.09,41.35
18995,2018-10-17 6:40:00,45.74,45.74,84.40,84.46,41.32
18996,2018-10-17 6:50:00,45.66,45.74,83.55,84.77,40.99
18997,2018-10-17 7:00:00,45.59,45.59,84.40,84.51,41.17
18998,2018-10-17 7:10:00,45.51,45.59,85.75,85.22,41.50
18999,2018-10-17 7:20:00,45.66,45.59,85.24,85.52,41.50
19000,2018-10-17 7:30:00,45.97,45.74,85.72,84.85,41.95
19001,2018-10-17 7:40:00,46.13,46.05,85.83,85.24,42.14
19002,2018-10-17 7:50:00,46.44,46.05,86.70,85.41,42.70
19003,2018-10-17 8:00:00,47.28,46.59,86.73,86.53,43.55
19004,2018-10-17 8:10:00,48.37,47.36,88.12,87.73,45.03
19005,2018-10-17 8:20:00,49.60,48.44,84.60,86.31,45.17
19006,2018-10-17 8:30:00,50.84,49.60,84.65,85.38,46.40
19007,2018-10-17 8:40:00,52.00,50.84,79.73,80.65,45.95
19008,2018-10-17 8:50:00,53.46,52.15,77.22,79.07,46.53
19009,2018-10-17 9:00:00,55.16,53.69,76.52,76.32,47.94
19010,2018-10-17 9:10:00,56.78,55.39,79.42,77.37,50.51
19011,2018-10-17 9:20:00,58.17,56.86,75.12,77.42,50.36
19012,2018-10-17 9:30:00,59.64,58.33,67.99,71.56,49.09
19013,2018-10-17 9:40:00,61.18,59.79,67.51,65.24,50.38
19014,2018-10-17 9:50:00,62.65,61.26,68.65,66.21,52.23
19015,2018-10-17 10:00:00,64.04,62.73,61.06,64.97,50.38
19016,2018-10-17 10:10:00,65.35,64.20,57.04,58.81,49.78
19017,2018-10-17 10:20:00,66.74,65.51,57.20,61.65,51.16
19018,2018-10-17 10:30:00,67.90,66.82,56.76,57.88,52.03
19019,2018-10-17 10:40:00,69.22,67.98,55.39,59.71,52.59
19020,2018-10-17 10:50:00,70.14,69.29,59.68,55.23,55.50
19021,2018-10-17 11:00:00,71.38,70.30,54.57,56.23,54.19
19022,2018-10-17 11:10:00,72.46,71.45,48.58,52.21,52.02
19023,2018-10-17 11:20:00,73.54,72.61,48.74,51.29,53.10
19024,2018-10-17 11:30:00,74.62,73.62,45.69,47.36,52.32
19025,2018-10-17 11:40:00,75.62,74.70,46.33,47.08,53.62
19026,2018-10-17 11:50:00,76.32,75.55,46.88,47.52,54.57
19027,2018-10-17 12:00:00,76.63,76.32,48.90,46.27,56.02
19028,2018-10-17 12:10:00,76.78,76.63,48.90,47.27,56.16
19029,2018-10-17 12:20:00,76.78,76.71,49.16,49.96,56.30
19030,2018-10-17 12:30:00,77.63,76.78,55.86,52.11,60.66
19031,2018-10-17 12:40:00,78.56,77.71,50.31,52.30,58.58
19032,2018-10-17 12:50:00,78.33,78.56,51.64,50.56,59.09
19033,2018-10-17 13:00:00,78.40,78.33,49.86,49.67,58.19
19034,2018-10-17 13:10:00,78.25,78.40,50.08,50.15,58.17
19035,2018-10-17 13:20:00,78.17,78.40,52.34,50.18,59.33
19036,2018-10-17 13:30:00,77.94,78.17,50.85,50.40,58.31
19037,2018-10-17 13:40:00,77.71,78.02,48.97,50.46,57.04
19038,2018-10-17 13:50:00,77.17,77.63,51.80,50.43,58.11
19039,2018-10-17 14:00:00,77.09,77.17,49.76,51.92,56.93
19040,2018-10-17 14:10:00,76.55,77.09,50.15,51.86,56.64
19041,2018-10-17 14:20:00,76.01,76.63,52.21,50.94,57.26
19042,2018-10-17 14:30:00,75.62,76.01,52.40,51.86,57.01
19043,2018-10-17 14:40:00,75.39,75.70,53.66,52.65,57.45
19044,2018-10-17 14:50:00,75.32,75.32,51.16,53.54,56.06
19045,2018-10-17 15:00:00,74.78,75.32,53.38,52.53,56.74
19046,2018-10-17 15:10:00,74.85,74.70,52.84,53.76,56.53
19047,2018-10-17 15:20:00,74.93,74.85,51.89,52.75,56.10
19048,2018-10-17 15:30:00,74.78,74.93,48.26,51.20,53.96
19049,2018-10-17 15:40:00,74.47,74.70,50.85,50.59,55.11
19050,2018-10-17 15:50:00,74.23,74.47,49.54,51.58,54.18
19051,2018-10-17 16:00:00,73.69,74.23,49.25,47.43,53.53
19052,2018-10-17 16:10:00,73.31,73.62,47.88,47.56,52.40
19053,2018-10-17 16:20:00,73.08,73.39,47.88,44.88,52.19
19054,2018-10-17 16:30:00,72.77,73.15,43.03,43.13,49.03
19055,2018-10-17 16:40:00,72.38,72.69,42.93,45.66,48.62
19056,2018-10-17 16:50:00,72.00,72.38,48.87,43.52,51.76
19057,2018-10-17 17:00:00,71.45,71.92,49.60,47.56,51.66
19058,2018-10-17 17:10:00,70.91,71.45,54.57,52.05,53.76
19059,2018-10-17 17:20:00,70.30,70.84,56.26,51.83,54.02
19060,2018-10-17 17:30:00,69.60,70.30,61.59,59.59,55.86
19061,2018-10-17 17:40:00,68.91,69.52,65.12,64.49,56.75
19062,2018-10-17 17:50:00,68.13,68.91,61.92,65.43,54.62
19063,2018-10-17 18:00:00,67.36,68.13,61.86,60.94,53.87
19064,2018-10-17 18:10:00,65.97,67.28,63.42,63.42,53.23
19065,2018-10-17 18:20:00,64.43,65.74,65.55,64.85,52.67
19066,2018-10-17 18:30:00,63.27,64.35,70.64,68.95,53.60
19067,2018-10-17 18:40:00,62.42,63.27,72.83,71.48,53.62
19068,2018-10-17 18:50:00,61.57,62.42,73.60,73.57,53.09
19069,2018-10-17 19:00:00,60.80,61.57,76.29,75.18,53.32
19070,2018-10-17 19:10:00,60.10,60.72,76.55,76.17,52.74
19071,2018-10-17 19:20:00,59.64,60.10,76.20,76.38,52.17
19072,2018-10-17 19:30:00,59.02,59.64,76.41,76.35,51.64
19073,2018-10-17 19:40:00,58.40,58.87,76.90,76.67,51.22
19074,2018-10-17 19:50:00,57.94,58.48,78.23,77.66,51.23
19075,2018-10-17 20:00:00,57.63,57.86,78.49,78.26,51.02
19076,2018-10-17 20:10:00,57.25,57.63,78.61,78.78,50.69
19077,2018-10-17 20:20:00,56.63,57.17,79.42,79.07,50.36
19078,2018-10-17 20:30:00,56.17,56.55,79.79,80.10,50.04
19079,2018-10-17 20:40:00,55.86,56.17,80.08,79.87,49.83
19080,2018-10-17 20:50:00,55.47,55.86,80.02,79.96,49.44
19081,2018-10-17 21:00:00,55.16,55.47,81.85,80.91,49.74
19082,2018-10-17 21:10:00,54.70,55.08,81.68,81.48,49.23
19083,2018-10-17 21:20:00,54.47,54.62,81.76,81.56,49.03
19084,2018-10-17 21:30:00,54.23,54.47,80.85,81.62,48.51
19085,2018-10-17 21:40:00,53.85,54.23,81.16,81.56,48.23
19086,2018-10-17 21:50:00,53.62,53.85,82.10,82.19,48.31
19087,2018-10-17 22:00:00,53.15,53.62,81.08,82.02,47.53
19088,2018-10-17 22:10:00,52.92,53.00,82.36,82.02,47.72
19089,2018-10-17 22:20:00,52.84,52.92,82.87,82.76,47.81
19090,2018-10-17 22:30:00,52.92,52.84,81.59,82.62,47.47
19091,2018-10-17 22:40:00,52.61,52.84,82.73,81.96,47.53
19092,2018-10-17 22:50:00,52.30,52.54,84.09,82.36,47.67
19093,2018-10-17 23:00:00,52.38,52.23,82.27,82.70,47.16
19094,2018-10-17 23:10:00,52.00,52.30,82.33,82.13,46.80
19095,2018-10-17 23:20:00,51.84,52.00,83.58,82.76,47.05
19096,2018-10-17 23:30:00,51.45,51.76,82.98,83.16,46.48
19097,2018-10-17 23:40:00,50.91,51.38,83.04,82.93,45.97
19098,2018-10-17 23:50:00,50.84,50.91,83.92,83.30,46.17
19099,2018-10-18 0:00:00,50.68,50.84,83.75,83.47,45.97
19100,2018-10-18 0:10:00,50.53,50.61,83.75,84.29,45.82
19101,2018-10-18 0:20:00,50.14,50.53,82.87,84.17,45.16
19102,2018-10-18 0:30:00,49.99,50.14,81.65,83.30,44.62
19103,2018-10-18 0:40:00,50.06,49.99,82.53,82.70,44.98
19104,2018-10-18 0:50:00,49.83,49.91,84.62,83.35,45.41
19105,2018-10-18 1:00:00,49.60,49.83,83.75,83.78,44.91
19106,2018-10-18 1:10:00,49.52,49.60,84.14,84.37,44.96
19107,2018-10-18 1:20:00,49.52,49.60,84.06,84.03,44.93
19108,2018-10-18 1:30:00,49.22,49.37,84.54,84.00,44.78
19109,2018-10-18 1:40:00,49.06,49.22,84.96,84.31,44.76
19110,2018-10-18 1:50:00,49.06,49.14,84.54,84.48,44.62
19111,2018-10-18 2:00:00,49.06,49.14,83.69,84.17,44.36
19112,2018-10-18 2:10:00,48.91,49.06,83.10,83.64,44.02
19113,2018-10-18 2:20:00,48.75,48.83,84.48,83.95,44.30
19114,2018-10-18 2:30:00,48.52,48.75,82.62,83.69,43.49
19115,2018-10-18 2:40:00,48.13,48.44,84.29,83.10,43.64
19116,2018-10-18 2:50:00,48.13,48.13,85.69,84.37,44.07
19117,2018-10-18 3:00:00,48.06,48.13,85.13,84.60,43.82
19118,2018-10-18 3:10:00,48.06,48.13,84.68,84.20,43.68
19119,2018-10-18 3:20:00,47.98,47.98,85.24,84.23,43.78
19120,2018-10-18 3:30:00,47.90,48.06,84.79,84.43,43.57
19121,2018-10-18 3:40:00,47.75,47.90,86.78,85.44,44.02
19122,2018-10-18 3:50:00,47.52,47.75,86.03,85.83,43.56
19123,2018-10-18 4:00:00,47.28,47.59,85.89,85.52,43.29
19124,2018-10-18 4:10:00,47.21,47.21,85.44,85.72,43.08
19125,2018-10-18 4:20:00,47.28,47.21,84.31,85.52,42.81
19126,2018-10-18 4:30:00,47.36,47.36,85.47,84.93,43.24
19127,2018-10-18 4:40:00,46.90,47.28,84.14,85.47,42.38
19128,2018-10-18 4:50:00,46.90,46.90,85.10,85.24,42.67
19129,2018-10-18 5:00:00,46.82,46.74,85.50,85.58,42.72
19130,2018-10-18 5:10:00,46.82,46.74,86.25,85.64,42.95
19131,2018-10-18 5:20:00,46.67,46.82,86.34,86.23,42.82
19132,2018-10-18 5:30:00,46.28,46.59,85.33,85.66,42.14
19133,2018-10-18 5:40:00,46.44,46.36,85.78,86.50,42.42
19134,2018-10-18 5:50:00,46.51,46.44,85.47,86.23,42.41
19135,2018-10-18 6:00:00,46.28,46.51,87.12,86.00,42.68
19136,2018-10-18 6:10:00,46.36,46.44,86.70,86.50,42.63
19137,2018-10-18 6:20:00,46.28,46.36,86.70,86.76,42.55
19138,2018-10-18 6:30:00,46.20,46.28,86.67,87.15,42.47
19139,2018-10-18 6:40:00,46.13,46.20,86.25,86.53,42.26
19140,2018-10-18 6:50:00,45.97,46.13,85.80,85.69,41.98
19141,2018-10-18 7:00:00,45.97,45.97,86.53,86.00,42.20
19142,2018-10-18 7:10:00,46.20,46.05,86.67,86.92,42.47
19143,2018-10-18 7:20:00,46.28,46.13,86.28,86.31,42.42
19144,2018-10-18 7:30:00,46.36,46.28,86.17,86.34,42.47
19145,2018-10-18 7:40:00,46.20,46.36,86.59,86.48,42.44
19146,2018-10-18 7:50:00,46.44,46.28,88.26,87.17,43.17
19147,2018-10-18 8:00:00,47.21,46.59,87.23,87.65,43.62
19148,2018-10-18 8:10:00,48.37,47.36,88.54,87.87,45.16
19149,2018-10-18 8:20:00,49.60,48.44,87.15,87.51,45.96
19150,2018-10-18 8:30:00,51.07,49.68,88.07,88.34,47.68
19151,2018-10-18 8:40:00,52.84,51.38,87.45,87.51,49.25
19152,2018-10-18 8:50:00,54.70,53.23,86.53,87.65,50.79
19153,2018-10-18 9:00:00,56.40,54.93,84.93,85.07,51.95
19154,2018-10-18 9:10:00,57.94,56.47,83.41,84.93,52.97
19155,2018-10-18 9:20:00,59.64,58.25,85.36,85.16,55.27
19156,2018-10-18 9:30:00,61.26,59.87,79.53,78.98,54.91
19157,2018-10-18 9:40:00,63.04,61.65,61.46,68.59,49.61
19158,2018-10-18 9:50:00,64.58,63.27,68.29,63.73,53.93
19159,2018-10-18 10:00:00,65.89,64.66,62.20,65.73,52.63
19160,2018-10-18 10:10:00,67.59,66.13,63.33,63.12,54.73
19161,2018-10-18 10:20:00,69.29,67.90,56.64,58.10,53.27
19162,2018-10-18 10:30:00,70.99,69.60,59.52,56.61,56.22
19163,2018-10-18 10:40:00,72.69,71.30,61.62,55.92,58.78
19164,2018-10-18 10:50:00,74.31,72.84,56.79,53.57,58.03
19165,2018-10-18 11:00:00,75.78,74.39,51.70,49.09,56.78
19166,2018-10-18 11:10:00,77.17,75.86,52.81,46.75,58.65
19167,2018-10-18 11:20:00,78.25,77.40,44.17,49.03,54.69
19168,2018-10-18 11:30:00,79.10,78.25,44.75,42.28,55.82
19169,2018-10-18 11:40:00,79.56,79.10,45.56,45.63,56.73
19170,2018-10-18 11:50:00,79.87,79.56,46.37,46.91,57.50
19171,2018-10-18 12:00:00,79.87,79.87,52.24,49.64,60.84
19172,2018-10-18 12:10:00,80.10,79.87,50.24,52.15,59.96
19173,2018-10-18 12:20:00,80.03,80.03,55.26,51.54,62.58
19174,2018-10-18 12:30:00,80.41,80.03,54.54,52.87,62.57
19175,2018-10-18 12:40:00,80.95,80.41,48.42,52.08,59.70
19176,2018-10-18 12:50:00,80.80,80.88,49.96,48.68,60.44
19177,2018-10-18 13:00:00,80.80,80.72,48.17,48.65,59.41
19178,2018-10-18 13:10:00,81.03,80.88,45.85,45.75,58.24
19179,2018-10-18 13:20:00,81.18,81.03,43.84,45.37,57.14
19180,2018-10-18 13:30:00,80.95,81.18,43.75,45.17,56.87
19181,2018-10-18 13:40:00,81.11,80.95,40.42,44.75,54.82
19182,2018-10-18 13:50:00,80.64,80.95,36.09,39.53,51.32
19183,2018-10-18 14:00:00,80.80,80.72,41.43,39.37,55.23
19184,2018-10-18 14:10:00,80.80,80.72,47.40,44.20,58.96
19185,2018-10-18 14:20:00,80.80,80.88,47.40,45.24,58.96
19186,2018-10-18 14:30:00,80.57,80.72,52.30,50.15,61.52
19187,2018-10-18 14:40:00,80.41,80.57,53.82,52.21,62.19
19188,2018-10-18 14:50:00,80.26,80.34,52.24,52.53,61.20
19189,2018-10-18 15:00:00,79.56,80.26,53.22,53.35,61.08
19190,2018-10-18 15:10:00,78.79,79.49,54.16,53.88,60.87
19191,2018-10-18 15:20:00,78.02,78.79,53.35,53.38,59.72
19192,2018-10-18 15:30:00,77.40,78.02,53.28,52.72,59.12
19193,2018-10-18 15:40:00,76.40,77.32,51.23,52.11,57.09
19194,2018-10-18 15:50:00,75.32,76.40,53.13,51.70,57.10
19195,2018-10-18 16:00:00,74.93,75.32,55.61,54.51,58.02
19196,2018-10-18 16:10:00,74.62,74.93,54.57,55.01,57.21
19197,2018-10-18 16:20:00,74.16,74.62,58.04,55.67,58.49
19198,2018-10-18 16:30:00,73.85,74.16,58.78,58.87,58.56
19199,2018-10-18 16:40:00,73.54,73.85,61.43,59.89,59.50
19200,2018-10-18 16:50:00,73.00,73.46,63.57,61.98,59.95
19201,2018-10-18 17:00:00,72.38,73.08,65.21,64.73,60.08
19202,2018-10-18 17:10:00,71.69,72.38,67.24,66.48,60.28
19203,2018-10-18 17:20:00,71.22,71.69,69.57,67.96,60.80
19204,2018-10-18 17:30:00,70.53,71.15,71.33,69.63,60.84
19205,2018-10-18 17:40:00,69.83,70.53,70.85,70.70,59.98
19206,2018-10-18 17:50:00,69.22,69.91,71.62,70.97,59.70
19207,2018-10-18 18:00:00,68.37,69.06,71.92,72.01,58.99
19208,2018-10-18 18:10:00,67.52,68.29,72.48,72.36,58.39
19209,2018-10-18 18:20:00,66.82,67.52,73.83,73.69,58.24
19210,2018-10-18 18:30:00,66.13,66.74,74.16,73.98,57.69
19211,2018-10-18 18:40:00,65.74,66.05,74.51,74.19,57.45
19212,2018-10-18 18:50:00,64.97,65.59,75.27,75.18,56.99
19213,2018-10-18 19:00:00,64.50,64.89,72.19,74.95,55.38
19214,2018-10-18 19:10:00,63.96,64.50,73.92,73.48,55.52
19215,2018-10-18 19:20:00,62.73,63.89,76.49,75.47,55.27
19216,2018-10-18 19:30:00,61.80,62.73,77.68,76.76,54.79
19217,2018-10-18 19:40:00,61.03,61.72,78.06,77.68,54.17
19218,2018-10-18 19:50:00,59.95,61.03,79.27,78.84,53.54
19219,2018-10-18 20:00:00,59.41,59.95,79.76,79.93,53.19
19220,2018-10-18 20:10:00,58.87,59.25,80.10,80.02,52.78
19221,2018-10-18 20:20:00,58.40,58.87,79.96,80.05,52.28
19222,2018-10-18 20:30:00,57.86,58.33,80.88,80.51,52.06
19223,2018-10-18 20:40:00,57.25,57.79,81.11,81.33,51.53
19224,2018-10-18 20:50:00,56.78,57.25,82.08,81.56,51.40
19225,2018-10-18 21:00:00,56.17,56.78,82.42,81.91,50.91
19226,2018-10-18 21:10:00,55.62,56.17,82.67,82.30,50.46
19227,2018-10-18 21:20:00,55.55,55.62,83.55,83.01,50.67
19228,2018-10-18 21:30:00,55.32,55.55,82.76,82.87,50.19
19229,2018-10-18 21:40:00,54.93,55.32,83.44,83.33,50.03
19230,2018-10-18 21:50:00,54.54,55.01,83.52,83.30,49.68
19231,2018-10-18 22:00:00,54.23,54.54,84.68,84.14,49.75
19232,2018-10-18 22:10:00,54.23,54.16,83.47,84.03,49.36
19233,2018-10-18 22:20:00,54.00,54.08,83.86,83.69,49.26
19234,2018-10-18 22:30:00,53.31,53.93,84.09,83.81,48.65
19235,2018-10-18 22:40:00,53.08,53.39,84.20,84.12,48.46
19236,2018-10-18 22:50:00,52.69,53.00,84.00,84.54,48.02
19237,2018-10-18 23:00:00,52.30,52.69,84.54,84.46,47.81
19238,2018-10-18 23:10:00,52.07,52.23,85.33,85.24,47.83
19239,2018-10-18 23:20:00,52.07,52.07,85.22,85.22,47.79
19240,2018-10-18 23:30:00,52.15,52.15,86.11,85.27,48.15
19241,2018-10-18 23:40:00,52.15,52.15,84.40,85.30,47.61
19242,2018-10-18 23:50:00,52.07,52.00,85.24,84.71,47.80
19243,2018-10-19 0:00:00,52.07,52.00,83.95,84.96,47.39
19244,2018-10-19 0:10:00,51.76,52.00,84.46,84.48,47.25
19245,2018-10-19 0:20:00,51.61,51.76,84.00,85.07,46.96
19246,2018-10-19 0:30:00,51.38,51.61,84.71,84.43,46.95
19247,2018-10-19 0:40:00,51.38,51.38,84.71,84.57,46.95
19248,2018-10-19 0:50:00,51.38,51.30,86.00,85.19,47.35
19249,2018-10-19 1:00:00,51.22,51.38,86.09,85.41,47.23
19250,2018-10-19 1:10:00,51.22,51.30,85.97,85.89,47.19
19251,2018-10-19 1:20:00,51.15,51.22,85.66,85.92,47.02
19252,2018-10-19 1:30:00,50.99,51.15,85.52,85.72,46.83
19253,2018-10-19 1:40:00,50.61,50.99,85.58,85.24,46.46
19254,2018-10-19 1:50:00,50.53,50.68,85.05,84.88,46.22
19255,2018-10-19 2:00:00,50.30,50.53,84.68,84.65,45.88
19256,2018-10-19 2:10:00,50.37,50.30,85.55,84.82,46.23
19257,2018-10-19 2:20:00,50.45,50.37,86.73,85.95,46.67
19258,2018-10-19 2:30:00,50.45,50.45,85.55,86.20,46.30
19259,2018-10-19 2:40:00,50.37,50.45,84.99,86.03,46.05
19260,2018-10-19 2:50:00,50.30,50.37,85.86,85.97,46.25
19261,2018-10-19 3:00:00,49.99,50.22,85.80,85.72,45.93
19262,2018-10-19 3:10:00,49.91,49.99,85.07,85.78,45.62
19263,2018-10-19 3:20:00,49.91,49.91,85.92,85.27,45.88
19264,2018-10-19 3:30:00,49.99,49.91,86.67,85.69,46.19
19265,2018-10-19 3:40:00,49.99,49.91,85.80,85.69,45.93
19266,2018-10-19 3:50:00,49.91,49.99,85.38,85.66,45.72
19267,2018-10-19 4:00:00,49.99,49.91,85.92,85.64,45.96
19268,2018-10-19 4:10:00,49.83,49.83,85.80,85.52,45.77
19269,2018-10-19 4:20:00,49.68,49.76,86.20,85.86,45.74
19270,2018-10-19 4:30:00,49.60,49.60,86.28,85.97,45.69
19271,2018-10-19 4:40:00,49.52,49.68,86.59,86.00,45.71
19272,2018-10-19 4:50:00,49.68,49.60,84.62,85.78,45.26
19273,2018-10-19 5:00:00,49.76,49.76,84.06,83.33,45.16
19274,2018-10-19 5:10:00,49.76,49.76,81.96,82.84,44.49
19275,2018-10-19 5:20:00,50.06,49.83,81.22,81.31,44.56
19276,2018-10-19 5:30:00,50.45,50.22,78.67,81.08,44.09
19277,2018-10-19 5:40:00,50.68,50.45,79.56,80.08,44.62
19278,2018-10-19 5:50:00,51.30,50.76,79.99,80.42,45.36
19279,2018-10-19 6:00:00,52.07,51.38,77.51,78.26,45.28
19280,2018-10-19 6:10:00,53.08,52.23,67.66,76.35,42.69
19281,2018-10-19 6:20:00,54.23,53.46,71.03,71.09,45.07
19282,2018-10-19 6:30:00,54.39,54.31,74.60,72.13,46.52
19283,2018-10-19 6:40:00,54.16,54.39,70.11,73.07,44.66
19284,2018-10-19 6:50:00,54.62,54.23,69.69,68.89,44.94
19285,2018-10-19 7:00:00,54.31,54.62,70.50,69.57,44.95
19286,2018-10-19 7:10:00,53.93,54.31,70.05,70.88,44.41
19287,2018-10-19 7:20:00,53.46,53.93,71.92,71.21,44.66
19288,2018-10-19 7:30:00,53.31,53.54,74.04,73.42,45.27
19289,2018-10-19 7:40:00,53.31,53.39,74.42,74.25,45.41
19290,2018-10-19 7:50:00,53.31,53.23,75.36,76.32,45.74
19291,2018-10-19 8:00:00,54.78,53.46,77.86,76.03,48.03
19292,2018-10-19 8:10:00,56.55,55.08,80.28,79.27,50.58
19293,2018-10-19 8:20:00,59.49,57.86,69.60,74.30,49.57
19294,2018-10-19 8:30:00,61.80,60.34,69.12,70.61,51.61
19295,2018-10-19 8:40:00,63.81,62.34,68.86,68.17,53.42
19296,2018-10-19 8:50:00,65.66,64.27,67.45,62.96,54.63
19297,2018-10-19 9:00:00,67.05,65.89,60.63,64.42,53.03
19298,2018-10-19 9:10:00,68.60,67.28,60.51,59.03,54.43
19299,2018-10-19 9:20:00,69.99,68.83,55.20,57.76,53.21
19300,2018-10-19 9:30:00,71.53,70.14,47.52,52.27,50.58
19301,2018-10-19 9:40:00,72.92,71.69,50.46,48.17,53.48
19302,2018-10-19 9:50:00,74.16,73.00,43.84,44.82,50.79
19303,2018-10-19 10:00:00,74.93,74.08,46.46,44.46,53.06
19304,2018-10-19 10:10:00,75.70,75.01,41.34,44.30,50.59
19305,2018-10-19 10:20:00,76.86,75.78,40.84,41.04,51.30
19306,2018-10-19 10:30:00,77.48,76.94,37.22,42.93,49.35
19307,2018-10-19 10:40:00,78.40,77.63,39.47,39.86,51.75
19308,2018-10-19 10:50:00,78.87,78.33,38.64,41.47,51.60
19309,2018-10-19 11:00:00,79.56,78.87,43.49,40.55,55.45
19310,2018-10-19 11:10:00,80.26,79.64,47.43,40.84,58.48
19311,2018-10-19 11:20:00,80.95,80.26,40.12,38.97,54.48
19312,2018-10-19 11:30:00,81.65,80.95,37.45,36.69,53.21
19313,2018-10-19 11:40:00,82.19,81.65,37.19,37.42,53.50
19314,2018-10-19 11:50:00,82.96,82.27,36.23,37.35,53.46
19315,2018-10-19 12:00:00,83.58,82.96,32.92,35.13,51.41
19316,2018-10-19 12:10:00,84.27,83.73,35.23,35.06,53.86
19317,2018-10-19 12:20:00,84.81,84.27,34.50,34.26,53.75
19318,2018-10-19 12:30:00,85.20,84.81,32.72,32.62,52.65
19319,2018-10-19 12:40:00,85.66,85.28,31.55,32.62,52.06
19320,2018-10-19 12:50:00,86.05,85.59,31.01,32.12,51.93
19321,2018-10-19 13:00:00,86.28,86.05,30.06,31.61,51.29
19322,2018-10-19 13:10:00,86.44,86.20,32.39,31.41,53.45
19323,2018-10-19 13:20:00,86.82,86.44,32.55,31.92,53.92
19324,2018-10-19 13:30:00,87.05,86.90,30.23,30.60,52.10
19325,2018-10-19 13:40:00,87.44,87.13,30.67,31.18,52.83
19326,2018-10-19 13:50:00,87.29,87.29,31.21,31.45,53.17
19327,2018-10-19 14:00:00,87.29,87.36,30.81,30.30,52.82
19328,2018-10-19 14:10:00,87.29,87.29,32.69,30.47,54.44
19329,2018-10-19 14:20:00,87.44,87.29,30.81,30.67,52.95
19330,2018-10-19 14:30:00,87.05,87.36,27.62,29.22,49.66
19331,2018-10-19 14:40:00,86.98,87.05,27.21,29.28,49.20
19332,2018-10-19 14:50:00,86.74,86.98,30.37,28.57,51.96
19333,2018-10-19 15:00:00,86.59,86.82,28.71,29.39,50.31
19334,2018-10-19 15:10:00,86.44,86.51,31.18,30.77,52.41
19335,2018-10-19 15:20:00,86.13,86.44,26.05,30.40,47.32
19336,2018-10-19 15:30:00,86.05,86.13,27.18,28.91,48.38
19337,2018-10-19 15:40:00,85.59,85.97,30.03,28.50,50.66
19338,2018-10-19 15:50:00,85.12,85.51,34.09,29.86,53.71
19339,2018-10-19 16:00:00,84.81,85.12,30.40,29.45,50.32
19340,2018-10-19 16:10:00,84.35,84.81,32.82,30.03,52.00
19341,2018-10-19 16:20:00,83.73,84.35,28.57,31.61,47.73
19342,2018-10-19 16:30:00,83.50,83.73,29.66,29.45,48.53
19343,2018-10-19 16:40:00,83.04,83.50,30.87,29.86,49.20
19344,2018-10-19 16:50:00,82.50,83.04,29.22,29.86,47.27
19345,2018-10-19 17:00:00,82.03,82.42,32.32,30.43,49.56
19346,2018-10-19 17:10:00,81.11,81.88,33.63,31.88,49.82
19347,2018-10-19 17:20:00,80.03,81.03,33.96,33.59,49.14
19348,2018-10-19 17:30:00,79.10,79.95,31.34,34.20,46.20
19349,2018-10-19 17:40:00,78.71,79.10,32.69,32.08,46.97
19350,2018-10-19 17:50:00,77.86,78.71,30.23,32.89,44.18
19351,2018-10-19 18:00:00,76.32,77.79,38.21,36.33,49.03
19352,2018-10-19 18:10:00,73.93,75.32,46.14,43.03,51.96
19353,2018-10-19 18:20:00,71.92,73.39,48.61,47.17,51.54
19354,2018-10-19 18:30:00,70.53,71.76,50.75,49.54,51.43
19355,2018-10-19 18:40:00,69.06,70.37,52.94,52.56,51.22
19356,2018-10-19 18:50:00,67.90,68.91,54.29,54.73,50.82
19357,2018-10-19 19:00:00,66.98,67.90,56.23,55.20,50.91
19358,2018-10-19 19:10:00,65.59,66.82,59.28,57.57,51.03
19359,2018-10-19 19:20:00,64.20,65.35,62.75,61.68,51.26
19360,2018-10-19 19:30:00,63.27,64.12,63.63,62.72,50.77
19361,2018-10-19 19:40:00,62.81,63.27,66.78,64.73,51.63
19362,2018-10-19 19:50:00,61.80,62.65,68.11,67.06,51.20
19363,2018-10-19 20:00:00,61.03,61.72,69.01,68.53,50.82
19364,2018-10-19 20:10:00,60.41,61.03,69.81,69.93,50.54
19365,2018-10-19 20:20:00,59.87,60.41,72.60,70.85,51.08
19366,2018-10-19 20:30:00,59.49,59.87,72.89,72.30,50.82
19367,2018-10-19 20:40:00,58.87,59.49,74.16,73.63,50.69
19368,2018-10-19 20:50:00,58.40,58.87,74.16,73.78,50.24
19369,2018-10-19 21:00:00,57.86,58.40,75.45,74.83,50.18
19370,2018-10-19 21:10:00,57.40,57.86,75.82,75.80,49.87
19371,2018-10-19 21:20:00,57.25,57.40,75.33,75.62,49.54
19372,2018-10-19 21:30:00,56.86,57.25,76.73,76.09,49.66
19373,2018-10-19 21:40:00,56.86,56.86,75.33,76.12,49.17
19374,2018-10-19 21:50:00,56.40,56.86,77.02,76.03,49.31
19375,2018-10-19 22:00:00,56.17,56.40,77.13,77.08,49.13
19376,2018-10-19 22:10:00,55.70,56.09,77.83,77.42,48.92
19377,2018-10-19 22:20:00,55.47,55.70,77.83,78.38,48.69
19378,2018-10-19 22:30:00,55.16,55.47,78.64,78.72,48.67
19379,2018-10-19 22:40:00,55.01,55.16,78.29,78.32,48.40
19380,2018-10-19 22:50:00,54.47,54.85,80.48,79.70,48.61
19381,2018-10-19 23:00:00,54.39,54.47,79.90,79.73,48.34
19382,2018-10-19 23:10:00,54.00,54.31,80.42,79.87,48.14
19383,2018-10-19 23:20:00,54.16,54.00,80.42,80.05,48.29
19384,2018-10-19 23:30:00,54.23,54.16,81.19,80.56,48.62
19385,2018-10-19 23:40:00,54.00,54.16,80.31,80.36,48.10
19386,2018-10-19 23:50:00,53.85,54.00,80.28,80.02,47.94
19387,2018-10-20 0:00:00,53.77,53.85,80.39,80.45,47.90
19388,2018-10-20 0:10:00,53.62,53.85,80.36,80.25,47.74
19389,2018-10-20 0:20:00,53.31,53.54,80.31,80.62,47.42
19390,2018-10-20 0:30:00,53.08,53.31,80.59,80.79,47.29
19391,2018-10-20 0:40:00,52.77,53.00,81.13,81.11,47.17
19392,2018-10-20 0:50:00,52.61,52.84,81.53,81.85,47.15
19393,2018-10-20 1:00:00,52.46,52.69,81.85,81.59,47.10
19394,2018-10-20 1:10:00,52.30,52.46,82.39,81.82,47.12
19395,2018-10-20 1:20:00,52.15,52.30,81.82,82.19,46.79
19396,2018-10-20 1:30:00,52.15,52.15,82.33,82.50,46.95
19397,2018-10-20 1:40:00,51.84,52.07,82.76,82.36,46.79
19398,2018-10-20 1:50:00,51.69,51.84,82.30,82.27,46.49
19399,2018-10-20 2:00:00,51.53,51.69,82.16,82.39,46.29
19400,2018-10-20 2:10:00,51.22,51.45,82.53,82.70,46.11
19401,2018-10-20 2:20:00,51.07,51.30,82.64,82.70,46.00
19402,2018-10-20 2:30:00,50.84,51.07,82.62,83.04,45.76
19403,2018-10-20 2:40:00,50.68,50.84,83.47,83.30,45.88
19404,2018-10-20 2:50:00,50.53,50.68,83.75,83.41,45.82
19405,2018-10-20 3:00:00,50.61,50.53,84.31,84.12,46.07
19406,2018-10-20 3:10:00,50.68,50.53,84.60,84.03,46.23
19407,2018-10-20 3:20:00,50.61,50.68,84.29,83.83,46.06
19408,2018-10-20 3:30:00,50.53,50.68,82.59,83.47,45.45
19409,2018-10-20 3:40:00,50.84,50.53,80.91,82.19,45.21
19410,2018-10-20 3:50:00,51.30,50.99,77.45,78.58,44.51
19411,2018-10-20 4:00:00,52.54,51.38,73.04,76.61,44.17
19412,2018-10-20 4:10:00,54.85,53.39,69.27,71.06,45.01
19413,2018-10-20 4:20:00,57.01,55.55,65.40,66.48,45.55
19414,2018-10-20 4:30:00,57.86,57.01,69.09,65.79,47.82
19415,2018-10-20 4:40:00,57.79,57.86,67.63,69.87,47.18
19416,2018-10-20 4:50:00,58.33,57.79,61.03,63.24,44.98
19417,2018-10-20 5:00:00,58.64,58.33,66.39,64.33,47.50
19418,2018-10-20 5:10:00,59.25,58.64,57.76,60.85,44.40
19419,2018-10-20 5:20:00,59.87,59.33,59.74,57.98,45.87
19420,2018-10-20 5:30:00,60.64,59.95,53.98,55.36,43.93
19421,2018-10-20 5:40:00,61.26,60.57,52.08,53.35,43.56
19422,2018-10-20 5:50:00,61.34,61.26,55.48,53.50,45.30
19423,2018-10-20 6:00:00,60.34,61.34,56.17,56.70,44.68
19424,2018-10-20 6:10:00,58.79,60.18,61.06,58.01,45.43
19425,2018-10-20 6:20:00,57.56,58.71,60.48,59.18,44.01
19426,2018-10-20 6:30:00,56.63,57.56,62.05,61.28,43.81
19427,2018-10-20 6:40:00,55.70,56.63,62.20,63.42,43.00
19428,2018-10-20 6:50:00,55.78,55.78,61.03,60.82,42.58
19429,2018-10-20 7:00:00,55.08,55.62,65.00,63.21,43.56
19430,2018-10-20 7:10:00,54.47,55.01,66.36,65.46,43.51
19431,2018-10-20 7:20:00,54.39,54.39,66.91,65.61,43.65
19432,2018-10-20 7:30:00,54.39,54.31,65.06,65.03,42.92
19433,2018-10-20 7:40:00,54.39,54.39,67.36,64.49,43.83
19434,2018-10-20 7:50:00,54.70,54.39,66.42,66.84,43.76
19435,2018-10-20 8:00:00,55.70,54.78,66.15,66.12,44.61
19436,2018-10-20 8:10:00,57.09,55.78,62.81,65.30,44.57
19437,2018-10-20 8:20:00,58.87,57.48,65.52,64.70,47.37
19438,2018-10-20 8:30:00,61.03,59.56,63.42,64.55,48.55
19439,2018-10-20 8:40:00,62.73,61.42,69.48,67.78,52.63
19440,2018-10-20 8:50:00,64.58,63.19,62.57,67.06,51.55
19441,2018-10-20 9:00:00,66.44,64.97,50.94,63.42,47.76
19442,2018-10-20 9:10:00,67.98,66.74,57.01,60.73,52.22
19443,2018-10-20 9:20:00,69.37,68.21,58.87,59.46,54.40
19444,2018-10-20 9:30:00,70.68,69.52,55.76,57.48,54.14
19445,2018-10-20 9:40:00,72.07,70.84,59.62,54.45,57.28
19446,2018-10-20 9:50:00,73.23,72.15,56.70,59.12,56.97
19447,2018-10-20 10:00:00,74.31,73.31,47.97,51.04,53.37
19448,2018-10-20 10:10:00,75.55,74.47,44.53,50.75,52.46
19449,2018-10-20 10:20:00,76.71,75.62,47.94,44.30,55.54
19450,2018-10-20 10:30:00,77.71,76.71,44.91,44.27,54.66
19451,2018-10-20 10:40:00,78.87,77.79,40.19,42.35,52.66
19452,2018-10-20 10:50:00,79.79,78.95,38.18,41.34,52.09
19453,2018-10-20 11:00:00,80.72,79.87,43.81,40.39,56.70
19454,2018-10-20 11:10:00,82.03,80.88,42.77,38.08,57.21
19455,2018-10-20 11:20:00,82.88,82.03,36.43,38.25,53.55
19456,2018-10-20 11:30:00,83.89,82.88,32.25,38.21,51.12
19457,2018-10-20 11:40:00,84.58,83.81,34.96,34.13,53.92
19458,2018-10-20 11:50:00,85.20,84.51,30.97,34.09,51.16
19459,2018-10-20 12:00:00,85.82,85.20,34.76,34.50,54.85
19460,2018-10-20 12:10:00,86.59,85.90,31.98,32.89,53.24
19461,2018-10-20 12:20:00,87.13,86.59,35.33,32.96,56.44
19462,2018-10-20 12:30:00,87.44,87.13,29.83,30.77,52.07
19463,2018-10-20 12:40:00,87.75,87.52,28.88,29.39,51.46
19464,2018-10-20 12:50:00,88.06,87.75,31.51,28.95,54.10
19465,2018-10-20 13:00:00,88.44,88.13,27.83,30.60,51.05
19466,2018-10-20 13:10:00,88.60,88.44,27.01,27.66,50.38
19467,2018-10-20 13:20:00,88.68,88.52,27.01,29.72,50.44
19468,2018-10-20 13:30:00,88.75,88.75,29.62,29.72,53.01
19469,2018-10-20 13:40:00,88.98,88.75,39.99,32.59,61.55
19470,2018-10-20 13:50:00,88.98,88.98,30.20,33.26,53.74
19471,2018-10-20 14:00:00,87.44,88.75,28.74,29.52,51.07
19472,2018-10-20 14:10:00,86.67,87.29,29.39,31.04,51.00
19473,2018-10-20 14:20:00,85.97,86.59,37.98,33.66,57.43
19474,2018-10-20 14:30:00,85.43,86.05,32.62,34.53,52.77
19475,2018-10-20 14:40:00,85.05,85.43,33.83,33.76,53.42
19476,2018-10-20 14:50:00,84.66,85.05,32.72,35.43,52.18
19477,2018-10-20 15:00:00,84.27,84.58,34.40,35.10,53.20
19478,2018-10-20 15:10:00,83.27,84.27,34.66,35.83,52.53
19479,2018-10-20 15:20:00,82.42,83.19,40.39,37.85,55.97
19480,2018-10-20 15:30:00,81.88,82.34,38.58,38.15,54.23
19481,2018-10-20 15:40:00,81.03,81.80,43.03,39.40,56.48
19482,2018-10-20 15:50:00,80.49,81.03,41.92,42.61,55.27
19483,2018-10-20 16:00:00,79.72,80.41,44.98,43.19,56.52
19484,2018-10-20 16:10:00,78.79,79.56,47.30,45.92,57.07
19485,2018-10-20 16:20:00,78.17,78.87,44.95,45.72,55.10
19486,2018-10-20 16:30:00,77.71,78.17,47.43,46.50,56.16
19487,2018-10-20 16:40:00,77.09,77.63,49.70,49.57,56.89
19488,2018-10-20 16:50:00,76.63,77.09,51.48,51.42,57.44
19489,2018-10-20 17:00:00,75.62,76.47,52.90,52.30,57.27
19490,2018-10-20 17:10:00,74.70,75.55,51.32,52.37,55.58
19491,2018-10-20 17:20:00,74.16,74.78,51.07,50.85,54.94
19492,2018-10-20 17:30:00,73.23,74.23,54.01,54.13,55.63
19493,2018-10-20 17:40:00,72.54,73.23,54.16,52.90,55.06
19494,2018-10-20 17:50:00,71.53,72.54,57.60,55.92,55.82
19495,2018-10-20 18:00:00,70.53,71.38,59.71,58.81,55.88
19496,2018-10-20 18:10:00,69.60,70.45,60.60,59.40,55.41
19497,2018-10-20 18:20:00,68.98,69.52,60.30,60.79,54.69
19498,2018-10-20 18:30:00,67.98,68.91,62.38,61.22,54.68
19499,2018-10-20 18:40:00,67.28,67.90,61.37,60.73,53.58
19500,2018-10-20 18:50:00,66.44,67.36,62.26,62.66,53.17
19501,2018-10-20 19:00:00,66.13,66.44,63.18,61.19,53.28
19502,2018-10-20 19:10:00,65.20,66.05,60.94,63.33,51.42
19503,2018-10-20 19:20:00,65.28,65.28,58.04,60.17,50.18
19504,2018-10-20 19:30:00,65.05,65.35,60.20,60.17,50.95
19505,2018-10-20 19:40:00,64.74,65.05,58.72,59.99,49.98
19506,2018-10-20 19:50:00,64.97,64.81,56.26,58.87,49.05
19507,2018-10-20 20:00:00,64.50,64.97,61.34,59.65,50.94
19508,2018-10-20 20:10:00,64.04,64.50,61.56,60.70,50.60
19509,2018-10-20 20:20:00,63.11,64.04,64.09,61.80,50.81
19510,2018-10-20 20:30:00,62.73,63.04,65.85,64.97,51.18
19511,2018-10-20 20:40:00,61.88,62.65,68.08,67.57,51.27
19512,2018-10-20 20:50:00,60.95,61.80,69.96,69.48,51.12
19513,2018-10-20 21:00:00,60.03,60.88,72.01,71.71,51.01
19514,2018-10-20 21:10:00,59.72,60.10,72.86,72.07,51.03
19515,2018-10-20 21:20:00,59.18,59.64,73.72,73.07,50.82
19516,2018-10-20 21:30:00,59.10,59.18,74.74,73.36,51.12
19517,2018-10-20 21:40:00,58.56,59.10,74.57,74.48,50.54
19518,2018-10-20 21:50:00,58.10,58.56,74.16,74.45,49.94
19519,2018-10-20 22:00:00,57.86,57.94,75.56,75.15,50.22
19520,2018-10-20 22:10:00,57.32,57.86,76.73,76.09,50.11
19521,2018-10-20 22:20:00,57.25,57.25,77.22,77.13,50.21
19522,2018-10-20 22:30:00,57.09,57.17,77.25,77.16,50.07
19523,2018-10-20 22:40:00,57.32,57.01,75.77,76.70,49.77
19524,2018-10-20 22:50:00,57.01,57.32,78.09,76.93,50.28
19525,2018-10-20 23:00:00,56.78,57.01,78.00,77.74,50.03
19526,2018-10-20 23:10:00,56.40,56.86,77.51,77.94,49.48
19527,2018-10-20 23:20:00,56.32,56.40,77.57,77.42,49.43
19528,2018-10-20 23:30:00,55.78,56.24,78.26,78.67,49.14
19529,2018-10-20 23:40:00,55.78,55.78,79.21,78.61,49.47
19530,2018-10-20 23:50:00,55.62,55.78,78.75,79.53,49.16
19531,2018-10-21 0:00:00,55.16,55.55,80.56,79.53,49.32
19532,2018-10-21 0:10:00,55.01,55.16,81.31,80.68,49.41
19533,2018-10-21 0:20:00,54.78,55.08,80.36,80.71,48.87
19534,2018-10-21 0:30:00,54.70,54.85,82.56,80.91,49.52
19535,2018-10-21 0:40:00,54.47,54.70,81.65,80.73,49.00
19536,2018-10-21 0:50:00,54.31,54.39,81.76,81.48,48.88
19537,2018-10-21 1:00:00,54.31,54.31,80.79,81.22,48.56
19538,2018-10-21 1:10:00,54.16,54.39,79.87,80.96,48.11
19539,2018-10-21 1:20:00,54.08,54.08,81.28,80.82,48.50
19540,2018-10-21 1:30:00,53.77,54.00,81.13,81.36,48.15
19541,2018-10-21 1:40:00,53.69,53.69,80.39,80.71,47.83
19542,2018-10-21 1:50:00,53.46,53.69,81.65,81.19,48.02
19543,2018-10-21 2:00:00,53.31,53.46,79.90,81.82,47.29
19544,2018-10-21 2:10:00,53.00,53.23,81.93,81.36,47.65
19545,2018-10-21 2:20:00,53.23,53.15,80.62,81.51,47.45
19546,2018-10-21 2:30:00,53.23,53.23,82.39,81.62,48.03
19547,2018-10-21 2:40:00,52.92,53.08,82.45,82.42,47.75
19548,2018-10-21 2:50:00,52.77,52.92,81.13,81.99,47.17
19549,2018-10-21 3:00:00,52.61,52.77,82.42,82.02,47.43
19550,2018-10-21 3:10:00,52.46,52.54,82.81,82.08,47.41
19551,2018-10-21 3:20:00,52.38,52.54,83.16,82.87,47.44
19552,2018-10-21 3:30:00,52.38,52.46,83.16,83.21,47.44
19553,2018-10-21 3:40:00,52.30,52.46,82.39,83.10,47.12
19554,2018-10-21 3:50:00,52.07,52.30,82.79,82.81,47.02
19555,2018-10-21 4:00:00,51.84,52.07,83.16,83.07,46.91
19556,2018-10-21 4:10:00,51.69,51.84,83.04,83.72,46.73
19557,2018-10-21 4:20:00,51.69,51.69,83.58,83.33,46.90
19558,2018-10-21 4:30:00,51.53,51.76,83.86,83.98,46.84
19559,2018-10-21 4:40:00,51.30,51.61,84.40,84.48,46.78
19560,2018-10-21 4:50:00,51.38,51.38,82.98,83.92,46.41
19561,2018-10-21 5:00:00,51.30,51.30,83.55,83.75,46.51
19562,2018-10-21 5:10:00,51.22,51.30,84.40,84.12,46.70
19563,2018-10-21 5:20:00,51.22,51.15,84.71,84.31,46.80
19564,2018-10-21 5:30:00,51.07,51.15,83.95,83.66,46.41
19565,2018-10-21 5:40:00,51.22,51.07,83.49,83.69,46.42
19566,2018-10-21 5:50:00,50.84,51.22,83.35,84.06,45.99
19567,2018-10-21 6:00:00,50.68,50.91,83.01,83.13,45.73
19568,2018-10-21 6:10:00,50.76,50.68,83.86,84.06,46.08
19569,2018-10-21 6:20:00,50.76,50.76,83.78,83.66,46.05
19570,2018-10-21 6:30:00,50.68,50.76,85.58,84.23,46.54
19571,2018-10-21 6:40:00,50.61,50.76,84.31,84.37,46.07
19572,2018-10-21 6:50:00,50.53,50.53,84.26,84.48,45.98
19573,2018-10-21 7:00:00,50.45,50.61,85.47,84.57,46.28
19574,2018-10-21 7:10:00,50.45,50.45,85.13,85.07,46.17
19575,2018-10-21 7:20:00,50.53,50.30,85.89,85.36,46.48
19576,2018-10-21 7:30:00,50.37,50.45,85.97,85.52,46.36
19577,2018-10-21 7:40:00,50.53,50.37,85.05,85.16,46.22
19578,2018-10-21 7:50:00,50.84,50.53,85.92,85.47,46.80
19579,2018-10-21 8:00:00,51.53,50.91,85.61,86.06,47.38
19580,2018-10-21 8:10:00,52.46,51.61,86.98,86.23,48.72
19581,2018-10-21 8:20:00,53.77,52.61,88.12,88.37,50.36
19582,2018-10-21 8:30:00,55.16,53.85,87.79,87.26,51.63
19583,2018-10-21 8:40:00,56.63,55.24,85.41,86.70,52.33
19584,2018-10-21 8:50:00,57.94,56.78,83.83,81.68,53.11
19585,2018-10-21 9:00:00,59.18,58.10,77.51,81.73,52.18
19586,2018-10-21 9:10:00,60.80,59.41,74.42,76.09,52.65
19587,2018-10-21 9:20:00,62.19,60.88,71.89,71.71,53.04
19588,2018-10-21 9:30:00,63.50,62.27,68.65,70.61,53.04
19589,2018-10-21 9:40:00,65.05,63.66,66.57,68.26,53.68
19590,2018-10-21 9:50:00,66.28,65.20,61.77,64.49,52.81
19591,2018-10-21 10:00:00,67.36,66.28,65.76,65.00,55.55
19592,2018-10-21 10:10:00,68.06,67.36,56.54,60.42,52.07
19593,2018-10-21 10:20:00,68.83,68.06,59.55,59.15,54.21
19594,2018-10-21 10:30:00,69.76,68.83,57.67,58.91,54.19
19595,2018-10-21 10:40:00,70.53,69.76,58.50,57.76,55.31
19596,2018-10-21 10:50:00,71.45,70.61,59.80,57.91,56.79
19597,2018-10-21 11:00:00,72.46,71.53,51.96,54.92,53.85
19598,2018-10-21 11:10:00,73.15,72.38,54.01,55.54,55.56
19599,2018-10-21 11:20:00,74.08,73.23,55.07,56.51,56.96
19600,2018-10-21 11:30:00,75.01,74.23,57.11,54.67,58.83
19601,2018-10-21 11:40:00,75.86,75.08,52.94,55.73,57.51
19602,2018-10-21 11:50:00,76.55,75.78,52.21,56.33,57.76
19603,2018-10-21 12:00:00,76.94,76.63,51.23,53.25,57.59
19604,2018-10-21 12:10:00,77.25,77.01,54.07,53.22,59.38
19605,2018-10-21 12:20:00,77.56,77.32,56.61,55.86,60.96
19606,2018-10-21 12:30:00,78.02,77.63,52.34,55.98,59.19
19607,2018-10-21 12:40:00,78.33,77.94,55.14,53.79,60.94
19608,2018-10-21 12:50:00,78.64,78.33,55.17,55.79,61.24
19609,2018-10-21 13:00:00,78.79,78.71,57.20,55.79,62.41
19610,2018-10-21 13:10:00,78.64,78.79,53.91,55.89,60.59
19611,2018-10-21 13:20:00,78.71,78.64,54.92,55.70,61.18
19612,2018-10-21 13:30:00,78.87,78.79,55.92,55.45,61.84
19613,2018-10-21 13:40:00,79.10,78.87,57.48,57.04,62.84
19614,2018-10-21 13:50:00,79.02,79.18,58.22,57.32,63.13
19615,2018-10-21 14:00:00,78.87,79.10,58.47,58.22,63.11
19616,2018-10-21 14:10:00,77.71,78.79,63.05,60.82,64.18
19617,2018-10-21 14:20:00,76.32,77.48,66.06,63.76,64.19
19618,2018-10-21 14:30:00,76.17,76.40,65.58,65.58,63.83
19619,2018-10-21 14:40:00,75.24,76.09,67.12,65.73,63.62
19620,2018-10-21 14:50:00,74.47,75.24,67.09,67.33,62.87
19621,2018-10-21 15:00:00,73.69,74.39,68.89,68.38,62.89
19622,2018-10-21 15:10:00,73.39,73.54,70.17,70.11,63.12
19623,2018-10-21 15:20:00,73.15,73.39,70.64,70.29,63.09
19624,2018-10-21 15:30:00,73.00,73.15,71.06,70.79,63.11
19625,2018-10-21 15:40:00,73.00,73.00,71.48,71.62,63.27
19626,2018-10-21 15:50:00,73.08,72.92,71.68,72.36,63.43
19627,2018-10-21 16:00:00,72.84,73.00,71.00,71.98,62.93
19628,2018-10-21 16:10:00,72.15,72.77,70.64,71.83,62.12
19629,2018-10-21 16:20:00,71.69,72.07,73.39,73.07,62.76
19630,2018-10-21 16:30:00,71.45,71.76,75.12,74.22,63.20
19631,2018-10-21 16:40:00,71.15,71.53,74.60,74.36,62.70
19632,2018-10-21 16:50:00,70.76,70.99,74.71,75.18,62.38
19633,2018-10-21 17:00:00,70.37,70.76,75.94,75.59,62.47
19634,2018-10-21 17:10:00,69.99,70.37,76.76,76.00,62.40
19635,2018-10-21 17:20:00,69.68,69.99,78.15,76.81,62.61
19636,2018-10-21 17:30:00,69.14,69.60,77.57,77.54,61.87
19637,2018-10-21 17:40:00,68.60,69.14,77.97,78.09,61.49
19638,2018-10-21 17:50:00,68.13,68.67,78.93,78.95,61.39
19639,2018-10-21 18:00:00,67.52,68.06,80.28,79.76,61.27
19640,2018-10-21 18:10:00,66.67,67.36,81.39,80.62,60.83
19641,2018-10-21 18:20:00,65.97,66.59,81.39,81.28,60.15
19642,2018-10-21 18:30:00,65.20,65.89,80.91,80.68,59.23
19643,2018-10-21 18:40:00,64.43,65.12,80.76,81.05,58.42
19644,2018-10-21 18:50:00,63.42,64.35,81.56,81.19,57.72
19645,2018-10-21 19:00:00,62.88,63.35,81.91,81.65,57.31
19646,2018-10-21 19:10:00,62.42,62.81,82.22,82.08,56.96
19647,2018-10-21 19:20:00,61.96,62.42,82.59,82.25,56.63
19648,2018-10-21 19:30:00,61.57,62.03,82.67,82.47,56.28
19649,2018-10-21 19:40:00,61.03,61.57,82.90,82.90,55.83
19650,2018-10-21 19:50:00,60.88,61.03,82.98,83.33,55.71
19651,2018-10-21 20:00:00,60.41,60.80,83.72,83.27,55.50
19652,2018-10-21 20:10:00,60.03,60.41,84.20,83.66,55.28
19653,2018-10-21 20:20:00,59.72,60.03,84.17,84.17,54.96
19654,2018-10-21 20:30:00,59.41,59.64,84.57,84.43,54.79
19655,2018-10-21 20:40:00,59.18,59.49,84.99,84.60,54.70
19656,2018-10-21 20:50:00,58.79,59.18,84.51,84.79,54.16
19657,2018-10-21 21:00:00,58.56,58.79,85.22,84.88,54.16
19658,2018-10-21 21:10:00,58.40,58.48,85.19,85.24,54.00
19659,2018-10-21 21:20:00,57.94,58.33,85.58,85.33,53.67
19660,2018-10-21 21:30:00,57.71,57.94,86.84,85.95,53.85
19661,2018-10-21 21:40:00,57.63,57.71,87.37,86.92,53.94
19662,2018-10-21 21:50:00,57.40,57.71,86.37,86.73,53.39
19663,2018-10-21 22:00:00,57.56,57.48,87.34,87.15,53.85
19664,2018-10-21 22:10:00,57.32,57.48,87.20,87.17,53.58
19665,2018-10-21 22:20:00,57.09,57.40,86.76,87.23,53.21
19666,2018-10-21 22:30:00,57.09,57.01,87.70,87.12,53.51
19667,2018-10-21 22:40:00,57.01,57.09,86.76,87.09,53.14
19668,2018-10-21 22:50:00,56.78,57.09,86.73,86.90,52.90
19669,2018-10-21 23:00:00,56.24,56.71,87.17,86.92,52.51
19670,2018-10-21 23:10:00,56.24,56.32,87.59,87.15,52.64
19671,2018-10-21 23:20:00,55.86,56.24,87.12,86.95,52.11
19672,2018-10-21 23:30:00,56.01,55.86,87.90,87.57,52.50
19673,2018-10-21 23:40:00,55.70,55.93,87.43,87.73,52.05
19674,2018-10-21 23:50:00,55.70,55.62,87.09,87.43,51.95
19675,2018-10-22 0:00:00,55.47,55.70,86.98,87.34,51.69
19676,2018-10-22 0:10:00,55.24,55.55,87.48,87.31,51.61
19677,2018-10-22 0:20:00,55.16,55.24,88.32,87.68,51.79
19678,2018-10-22 0:30:00,55.32,55.24,87.90,88.34,51.82
19679,2018-10-22 0:40:00,55.24,55.32,88.20,87.98,51.84
19680,2018-10-22 0:50:00,55.32,55.16,89.06,88.87,52.18
19681,2018-10-22 1:00:00,55.39,55.32,87.93,88.65,51.90
19682,2018-10-22 1:10:00,55.55,55.47,88.79,88.23,52.32
19683,2018-10-22 1:20:00,55.32,55.55,87.79,88.68,51.78
19684,2018-10-22 1:30:00,55.08,55.32,87.87,88.18,51.58
19685,2018-10-22 1:40:00,55.24,55.01,88.62,88.62,51.96
19686,2018-10-22 1:50:00,55.08,55.24,87.76,88.32,51.55
19687,2018-10-22 2:00:00,54.78,55.01,87.84,87.98,51.27
19688,2018-10-22 2:10:00,54.54,54.70,88.54,88.45,51.25
19689,2018-10-22 2:20:00,54.47,54.54,89.37,88.62,51.43
19690,2018-10-22 2:30:00,54.47,54.54,89.37,89.42,51.43
19691,2018-10-22 2:40:00,54.78,54.54,89.84,89.64,51.88
19692,2018-10-22 2:50:00,54.54,54.70,88.54,88.79,51.25
19693,2018-10-22 3:00:00,54.54,54.54,89.06,88.93,51.41
19694,2018-10-22 3:10:00,54.47,54.54,88.95,88.90,51.30
19695,2018-10-22 3:20:00,54.23,54.39,88.59,88.87,50.96
19696,2018-10-22 3:30:00,54.00,54.23,88.45,88.79,50.69
19697,2018-10-22 3:40:00,54.00,54.08,88.45,88.45,50.69
19698,2018-10-22 3:50:00,53.85,53.93,89.81,88.59,50.95
19699,2018-10-22 4:00:00,53.77,53.85,88.54,89.01,50.49
19700,2018-10-22 4:10:00,53.39,53.77,88.48,88.20,50.09
19701,2018-10-22 4:20:00,53.23,53.39,88.04,88.59,49.80
19702,2018-10-22 4:30:00,53.08,53.15,87.59,88.59,49.52
19703,2018-10-22 4:40:00,52.84,53.08,89.56,88.51,49.88
19704,2018-10-22 4:50:00,52.61,52.84,89.53,89.01,49.65
19705,2018-10-22 5:00:00,52.46,52.69,89.20,89.17,49.40
19706,2018-10-22 5:10:00,52.38,52.54,89.51,89.06,49.41
19707,2018-10-22 5:20:00,52.30,52.38,89.51,89.78,49.33
19708,2018-10-22 5:30:00,52.15,52.38,89.59,89.53,49.21
19709,2018-10-22 5:40:00,52.07,52.15,89.15,89.51,49.00
19710,2018-10-22 5:50:00,52.23,52.07,89.06,89.56,49.12
19711,2018-10-22 6:00:00,51.92,52.23,89.45,88.90,48.94
19712,2018-10-22 6:10:00,51.61,51.84,89.92,89.40,48.77
19713,2018-10-22 6:20:00,51.76,51.69,90.36,89.89,49.05
19714,2018-10-22 6:30:00,51.92,51.84,89.97,90.11,49.09
19715,2018-10-22 6:40:00,51.84,52.00,89.95,90.00,49.01
19716,2018-10-22 6:50:00,51.92,51.84,89.53,90.14,48.96
19717,2018-10-22 7:00:00,52.00,51.92,90.80,89.97,49.41
19718,2018-10-22 7:10:00,52.15,52.07,90.42,90.75,49.45
19719,2018-10-22 7:20:00,52.15,52.23,89.59,89.95,49.21
19720,2018-10-22 7:30:00,52.00,52.07,90.69,90.17,49.38
19721,2018-10-22 7:40:00,52.46,52.07,91.29,90.97,50.02
19722,2018-10-22 7:50:00,52.77,52.46,91.21,91.29,50.30
19723,2018-10-22 8:00:00,53.15,52.77,91.38,91.27,50.73
19724,2018-10-22 8:10:00,53.85,53.15,91.49,91.46,51.45
19725,2018-10-22 8:20:00,54.93,53.93,92.88,92.39,52.93
19726,2018-10-22 8:30:00,56.09,55.01,91.79,92.99,53.76
19727,2018-10-22 8:40:00,57.25,56.17,91.95,92.39,54.96
19728,2018-10-22 8:50:00,58.64,57.40,91.32,91.84,56.15
19729,2018-10-22 9:00:00,59.79,58.71,90.11,90.42,56.92
19730,2018-10-22 9:10:00,60.95,59.87,88.57,89.09,57.59
19731,2018-10-22 9:20:00,62.11,60.95,87.95,88.48,58.54
19732,2018-10-22 9:30:00,63.35,62.27,85.92,86.90,59.10
19733,2018-10-22 9:40:00,64.43,63.50,83.33,84.85,59.30
19734,2018-10-22 9:50:00,65.59,64.50,83.04,83.61,60.34
19735,2018-10-22 10:00:00,66.51,65.59,81.39,82.13,60.68
19736,2018-10-22 10:10:00,67.28,66.51,78.72,80.73,60.49
19737,2018-10-22 10:20:00,67.98,67.36,75.80,78.09,60.10
19738,2018-10-22 10:30:00,68.60,68.06,77.57,77.97,61.35
19739,2018-10-22 10:40:00,69.45,68.75,77.28,77.31,62.06
19740,2018-10-22 10:50:00,70.14,69.45,78.26,77.37,63.10
19741,2018-10-22 11:00:00,69.91,70.22,75.94,74.54,62.02
19742,2018-10-22 11:10:00,70.06,70.06,75.91,75.27,62.16
19743,2018-10-22 11:20:00,70.22,69.99,74.54,75.27,61.79
19744,2018-10-22 11:30:00,71.07,70.14,75.50,76.12,62.97
19745,2018-10-22 11:40:00,71.92,71.15,72.86,75.27,62.78
19746,2018-10-22 11:50:00,71.15,71.84,75.21,72.60,62.94
19747,2018-10-22 12:00:00,71.53,71.07,72.01,74.04,62.07
19748,2018-10-22 12:10:00,71.84,71.45,70.58,72.86,61.80
19749,2018-10-22 12:20:00,72.07,71.69,74.33,72.92,63.50
19750,2018-10-22 12:30:00,72.84,72.07,73.95,73.75,64.10
19751,2018-10-22 12:40:00,73.23,72.77,73.51,73.01,64.30
19752,2018-10-22 12:50:00,73.85,73.23,72.51,73.36,64.50
19753,2018-10-22 13:00:00,74.16,73.93,74.63,72.27,65.62
19754,2018-10-22 13:10:00,74.00,74.16,71.21,71.24,64.13
19755,2018-10-22 13:20:00,73.93,74.00,72.98,71.36,64.76
19756,2018-10-22 13:30:00,73.93,73.93,70.29,70.91,63.68
19757,2018-10-22 13:40:00,73.85,73.93,69.90,71.09,63.45
19758,2018-10-22 13:50:00,74.08,73.85,71.65,72.16,64.38
19759,2018-10-22 14:00:00,73.77,74.08,70.26,70.76,63.52
19760,2018-10-22 14:10:00,73.46,73.62,72.04,70.97,63.94
19761,2018-10-22 14:20:00,73.08,73.39,70.70,71.27,63.04
19762,2018-10-22 14:30:00,72.84,73.08,71.03,71.48,62.94
19763,2018-10-22 14:40:00,73.00,72.92,71.98,72.19,63.47
19764,2018-10-22 14:50:00,72.23,73.08,72.36,70.70,62.88
19765,2018-10-22 15:00:00,71.53,72.15,72.42,71.00,62.24
19766,2018-10-22 15:10:00,71.69,71.69,73.39,73.60,62.76
19767,2018-10-22 15:20:00,71.92,71.69,72.78,73.34,62.75
19768,2018-10-22 15:30:00,71.92,71.92,73.28,73.13,62.94
19769,2018-10-22 15:40:00,71.69,71.92,72.45,73.19,62.40
19770,2018-10-22 15:50:00,71.22,71.69,74.19,73.16,62.62
19771,2018-10-22 16:00:00,70.76,71.22,76.44,73.54,63.03
19772,2018-10-22 16:10:00,70.30,70.84,73.19,74.57,61.34
19773,2018-10-22 16:20:00,69.91,70.30,76.00,75.15,62.04
19774,2018-10-22 16:30:00,69.45,69.99,75.88,75.33,61.55
19775,2018-10-22 16:40:00,69.29,69.45,76.84,76.90,61.75
19776,2018-10-22 16:50:00,68.83,69.29,76.64,77.16,61.23
19777,2018-10-22 17:00:00,68.44,68.83,78.52,77.60,61.54
19778,2018-10-22 17:10:00,68.29,68.44,78.90,79.44,61.53
19779,2018-10-22 17:20:00,67.98,68.37,80.16,79.56,61.68
19780,2018-10-22 17:30:00,67.52,67.98,80.10,79.59,61.21
19781,2018-10-22 17:40:00,66.74,67.52,80.13,79.65,60.46
19782,2018-10-22 17:50:00,66.05,66.74,81.88,81.31,60.39
19783,2018-10-22 18:00:00,65.35,66.05,83.01,82.39,60.10
19784,2018-10-22 18:10:00,64.74,65.35,84.23,83.47,59.90
19785,2018-10-22 18:20:00,64.20,64.74,84.77,84.46,59.55
19786,2018-10-22 18:30:00,63.73,64.20,85.58,85.19,59.37
19787,2018-10-22 18:40:00,63.58,63.73,87.29,86.39,59.77
19788,2018-10-22 18:50:00,63.58,63.50,86.84,87.12,59.62
19789,2018-10-22 19:00:00,63.58,63.66,86.76,86.78,59.60
19790,2018-10-22 19:10:00,63.58,63.58,86.42,86.87,59.49
19791,2018-10-22 19:20:00,63.66,63.66,86.73,86.48,59.66
19792,2018-10-22 19:30:00,63.73,63.73,86.42,86.37,59.64
19793,2018-10-22 19:40:00,63.66,63.66,85.89,85.92,59.39
19794,2018-10-22 19:50:00,63.66,63.73,86.00,85.75,59.43
19795,2018-10-22 20:00:00,63.50,63.58,85.97,85.92,59.27
19796,2018-10-22 20:10:00,63.42,63.50,86.28,86.25,59.29
19797,2018-10-22 20:20:00,63.35,63.42,86.81,86.53,59.39
19798,2018-10-22 20:30:00,63.27,63.35,87.26,86.90,59.45
19799,2018-10-22 20:40:00,63.19,63.19,86.37,87.01,59.09
19800,2018-10-22 20:50:00,63.04,63.19,87.98,86.98,59.46
19801,2018-10-22 21:00:00,62.88,63.04,87.62,87.43,59.19
19802,2018-10-22 21:10:00,62.65,62.88,87.48,87.70,58.92
19803,2018-10-22 21:20:00,62.19,62.57,87.09,86.90,58.34
19804,2018-10-22 21:30:00,61.49,62.11,87.76,87.04,57.86
19805,2018-10-22 21:40:00,61.11,61.42,87.70,87.68,57.47
19806,2018-10-22 21:50:00,60.95,61.18,87.26,87.37,57.17
19807,2018-10-22 22:00:00,60.80,60.88,87.34,87.62,57.05
19808,2018-10-22 22:10:00,60.49,60.80,88.18,87.57,57.01
19809,2018-10-22 22:20:00,60.49,60.49,88.18,88.54,57.01
19810,2018-10-22 22:30:00,60.34,60.41,87.62,88.26,56.68
19811,2018-10-22 22:40:00,59.79,60.34,88.51,87.98,56.43
19812,2018-10-22 22:50:00,59.33,59.87,87.90,88.18,55.78
19813,2018-10-22 23:00:00,59.18,59.41,87.98,87.82,55.65
19814,2018-10-22 23:10:00,58.64,59.18,88.34,88.18,55.23
19815,2018-10-22 23:20:00,58.40,58.56,89.17,88.18,55.26
19816,2018-10-22 23:30:00,58.25,58.48,88.62,88.68,54.94
19817,2018-10-22 23:40:00,58.02,58.17,88.15,88.68,54.56
19818,2018-10-22 23:50:00,57.56,58.02,88.20,88.32,54.12
19819,2018-10-23 0:00:00,57.32,57.63,88.48,88.48,53.98
19820,2018-10-23 0:10:00,56.94,57.25,88.54,88.76,53.61
19821,2018-10-23 0:20:00,56.78,56.86,88.54,89.28,53.46
19822,2018-10-23 0:30:00,56.63,56.71,89.34,88.81,53.56
19823,2018-10-23 0:40:00,56.47,56.63,89.34,89.17,53.40
19824,2018-10-23 0:50:00,56.24,56.40,89.20,89.12,53.13
19825,2018-10-23 1:00:00,56.17,56.17,88.76,89.40,52.92
19826,2018-10-23 1:10:00,56.17,56.09,90.03,89.37,53.31
19827,2018-10-23 1:20:00,56.47,56.17,91.84,91.10,54.16
19828,2018-10-23 1:30:00,56.17,56.40,89.62,90.50,53.18
19829,2018-10-23 1:40:00,55.93,56.17,90.53,90.14,53.23
19830,2018-10-23 1:50:00,55.86,55.93,90.94,90.53,53.28
19831,2018-10-23 2:00:00,55.93,55.86,91.24,91.07,53.44
19832,2018-10-23 2:10:00,56.09,55.93,91.68,91.46,53.73
19833,2018-10-23 2:20:00,56.09,56.09,90.97,91.24,53.51
19834,2018-10-23 2:30:00,56.01,56.09,90.53,90.69,53.31
19835,2018-10-23 2:40:00,55.86,56.01,89.67,90.31,52.89
19836,2018-10-23 2:50:00,55.70,55.78,91.21,90.33,53.21
19837,2018-10-23 3:00:00,55.86,55.70,90.50,91.38,53.14
19838,2018-10-23 3:10:00,55.70,55.86,90.91,90.55,53.12
19839,2018-10-23 3:20:00,55.93,55.55,92.20,92.74,53.73
19840,2018-10-23 3:30:00,55.93,55.93,90.09,91.05,53.10
19841,2018-10-23 3:40:00,55.62,55.86,89.95,89.97,52.75
19842,2018-10-23 3:50:00,55.24,55.55,89.89,89.84,52.35
19843,2018-10-23 4:00:00,54.93,55.16,90.69,90.17,52.29
19844,2018-10-23 4:10:00,55.01,54.93,91.24,91.16,52.53
19845,2018-10-23 4:20:00,55.01,55.01,91.13,91.29,52.49
19846,2018-10-23 4:30:00,54.78,55.08,90.77,90.77,52.16
19847,2018-10-23 4:40:00,54.47,54.78,90.31,90.66,51.71
19848,2018-10-23 4:50:00,54.62,54.47,92.01,90.97,52.37
19849,2018-10-23 5:00:00,54.62,54.62,91.49,92.20,52.22
19850,2018-10-23 5:10:00,55.01,54.62,93.31,92.47,53.14
19851,2018-10-23 5:20:00,55.47,55.08,92.91,93.45,53.48
19852,2018-10-23 5:30:00,55.70,55.47,92.06,92.77,53.46
19853,2018-10-23 5:40:00,55.39,55.62,90.75,91.46,52.76
19854,2018-10-23 5:50:00,55.16,55.32,90.42,90.97,52.43
19855,2018-10-23 6:00:00,54.93,55.16,91.21,90.75,52.44
19856,2018-10-23 6:10:00,54.78,54.78,90.77,91.46,52.16
19857,2018-10-23 6:20:00,54.47,54.78,90.75,90.69,51.84
19858,2018-10-23 6:30:00,54.00,54.39,90.99,90.94,51.46
19859,2018-10-23 6:40:00,54.08,54.00,90.69,91.18,51.44
19860,2018-10-23 6:50:00,53.77,53.93,90.22,90.53,51.00
19861,2018-10-23 7:00:00,53.46,53.77,90.17,90.44,50.68
19862,2018-10-23 7:10:00,53.08,53.39,90.55,90.44,50.41
19863,2018-10-23 7:20:00,52.77,53.08,91.21,90.91,50.30
19864,2018-10-23 7:30:00,52.84,52.77,91.65,91.49,50.51
19865,2018-10-23 7:40:00,52.92,52.84,92.55,92.31,50.85
19866,2018-10-23 7:50:00,53.46,53.00,93.91,93.34,51.78
19867,2018-10-23 8:00:00,54.00,53.54,93.53,93.67,52.20
19868,2018-10-23 8:10:00,54.70,54.00,94.02,93.83,53.04
19869,2018-10-23 8:20:00,55.70,54.70,94.64,94.45,54.22
19870,2018-10-23 8:30:00,56.94,55.78,94.80,94.61,55.49
19871,2018-10-23 8:40:00,58.10,57.01,93.31,93.99,56.21
19872,2018-10-23 8:50:00,59.10,58.17,93.80,93.29,57.35
19873,2018-10-23 9:00:00,60.49,59.18,91.46,92.50,58.02
19874,2018-10-23 9:10:00,62.19,60.80,89.59,91.35,59.13
19875,2018-10-23 9:20:00,63.11,62.19,88.51,89.26,59.70
19876,2018-10-23 9:30:00,63.50,63.04,88.15,88.18,59.97
19877,2018-10-23 9:40:00,63.73,63.50,88.18,88.18,60.20
19878,2018-10-23 9:50:00,64.81,63.89,86.59,87.68,60.76
19879,2018-10-23 10:00:00,65.20,64.89,84.85,84.99,60.56
19880,2018-10-23 10:10:00,65.97,65.35,84.54,84.88,61.22
19881,2018-10-23 10:20:00,66.98,66.05,82.90,84.71,61.65
19882,2018-10-23 10:30:00,67.67,66.98,83.33,82.79,62.47
19883,2018-10-23 10:40:00,68.44,67.67,81.16,82.47,62.48
19884,2018-10-23 10:50:00,69.14,68.37,78.95,81.13,62.37
19885,2018-10-23 11:00:00,69.76,69.06,80.85,80.05,63.65
19886,2018-10-23 11:10:00,70.91,69.83,80.56,81.02,64.68
19887,2018-10-23 11:20:00,71.38,70.91,80.62,78.18,65.15
19888,2018-10-23 11:30:00,72.00,71.45,78.98,77.54,65.16
19889,2018-10-23 11:40:00,72.15,72.00,74.74,76.17,63.73
19890,2018-10-23 11:50:00,72.61,72.30,75.27,76.12,64.38
19891,2018-10-23 12:00:00,73.15,72.69,74.86,76.06,64.74
19892,2018-10-23 12:10:00,73.39,73.23,73.95,74.95,64.62
19893,2018-10-23 12:20:00,73.62,73.39,75.91,75.30,65.59
19894,2018-10-23 12:30:00,73.62,73.69,77.63,74.30,66.24
19895,2018-10-23 12:40:00,73.93,73.69,71.15,74.45,64.03
19896,2018-10-23 12:50:00,73.69,74.00,72.72,71.80,64.43
19897,2018-10-23 13:00:00,73.62,73.69,69.72,70.88,63.15
19898,2018-10-23 13:10:00,73.85,73.62,73.60,70.08,64.93
19899,2018-10-23 13:20:00,74.54,73.93,71.86,71.18,64.91
19900,2018-10-23 13:30:00,74.54,74.54,67.87,69.42,63.27
19901,2018-10-23 13:40:00,74.31,74.54,64.67,68.29,61.68
19902,2018-10-23 13:50:00,73.77,74.23,69.24,66.78,63.11
19903,2018-10-23 14:00:00,74.16,73.85,65.15,68.77,61.74
19904,2018-10-23 14:10:00,73.77,74.08,68.29,66.84,62.71
19905,2018-10-23 14:20:00,74.39,73.77,70.35,69.81,64.15
19906,2018-10-23 14:30:00,74.47,74.31,67.39,69.06,63.00
19907,2018-10-23 14:40:00,74.23,74.47,67.48,67.96,62.81
19908,2018-10-23 14:50:00,74.23,74.23,66.54,69.42,62.42
19909,2018-10-23 15:00:00,74.08,74.16,72.16,69.48,64.58
19910,2018-10-23 15:10:00,74.31,74.08,71.15,71.09,64.40
19911,2018-10-23 15:20:00,74.31,74.23,71.18,70.64,64.41
19912,2018-10-23 15:30:00,74.00,74.23,69.21,69.51,63.32
19913,2018-10-23 15:40:00,73.46,74.00,69.75,69.33,63.02
19914,2018-10-23 15:50:00,73.00,73.46,69.66,70.35,62.54
19915,2018-10-23 16:00:00,72.38,72.92,71.53,70.08,62.70
19916,2018-10-23 16:10:00,72.00,72.38,72.51,73.13,62.72
19917,2018-10-23 16:20:00,71.45,72.00,70.53,72.92,61.41
19918,2018-10-23 16:30:00,70.76,71.38,72.66,72.24,61.58
19919,2018-10-23 16:40:00,70.30,70.76,73.57,72.45,61.49
19920,2018-10-23 16:50:00,69.91,70.22,73.07,72.86,60.93
19921,2018-10-23 17:00:00,69.68,69.83,74.95,73.86,61.42
19922,2018-10-23 17:10:00,69.29,69.68,74.04,73.57,60.70
19923,2018-10-23 17:20:00,68.75,69.37,74.89,73.19,60.50
19924,2018-10-23 17:30:00,68.13,68.75,73.81,72.69,59.50
19925,2018-10-23 17:40:00,67.36,68.06,75.65,74.57,59.44
19926,2018-10-23 17:50:00,66.51,67.28,79.19,77.77,59.90
19927,2018-10-23 18:00:00,65.82,66.51,81.39,80.48,60.00
19928,2018-10-23 18:10:00,64.97,65.66,82.64,82.10,59.60
19929,2018-10-23 18:20:00,64.35,64.97,83.75,82.96,59.36
19930,2018-10-23 18:30:00,63.73,64.35,83.66,83.33,58.73
19931,2018-10-23 18:40:00,63.11,63.66,84.91,84.51,58.54
19932,2018-10-23 18:50:00,62.65,63.04,86.20,85.69,58.50
19933,2018-10-23 19:00:00,62.27,62.65,86.14,85.95,58.11
19934,2018-10-23 19:10:00,61.88,62.19,86.17,85.66,57.74
19935,2018-10-23 19:20:00,61.57,61.96,85.72,85.97,57.29
19936,2018-10-23 19:30:00,61.03,61.57,86.06,85.61,56.86
19937,2018-10-23 19:40:00,60.80,61.18,85.52,85.89,56.46
19938,2018-10-23 19:50:00,60.34,60.64,85.89,86.03,56.13
19939,2018-10-23 20:00:00,59.95,60.26,86.25,86.31,55.86
19940,2018-10-23 20:10:00,59.56,59.95,86.76,86.67,55.64
19941,2018-10-23 20:20:00,59.33,59.64,87.48,86.95,55.65
19942,2018-10-23 20:30:00,58.87,59.33,86.67,86.95,54.93
19943,2018-10-23 20:40:00,58.56,58.79,87.82,87.34,54.99
19944,2018-10-23 20:50:00,58.17,58.56,87.87,87.43,54.63
19945,2018-10-23 21:00:00,57.94,58.25,88.68,88.12,54.65
19946,2018-10-23 21:10:00,57.79,57.94,88.98,88.62,54.59
19947,2018-10-23 21:20:00,57.86,57.79,88.68,89.09,54.57
19948,2018-10-23 21:30:00,57.94,57.79,89.12,89.06,54.79
19949,2018-10-23 21:40:00,58.02,57.94,89.12,89.28,54.86
19950,2018-10-23 21:50:00,57.86,57.94,89.09,88.95,54.70
19951,2018-10-23 22:00:00,57.79,57.79,88.98,89.26,54.59
19952,2018-10-23 22:10:00,57.63,57.71,88.65,88.93,54.33
19953,2018-10-23 22:20:00,57.32,57.63,88.48,88.57,53.98
19954,2018-10-23 22:30:00,57.01,57.40,88.87,88.76,53.79
19955,2018-10-23 22:40:00,56.78,57.01,89.26,89.09,53.68
19956,2018-10-23 22:50:00,56.63,56.78,90.50,89.62,53.91
19957,2018-10-23 23:00:00,56.55,56.63,90.61,89.78,53.87
19958,2018-10-23 23:10:00,56.71,56.63,89.78,89.97,53.77
19959,2018-10-23 23:20:00,56.94,56.71,90.55,90.28,54.23
19960,2018-10-23 23:30:00,56.78,56.86,90.64,90.39,54.10
19961,2018-10-23 23:40:00,57.01,56.86,91.07,91.24,54.47
19962,2018-10-23 23:50:00,57.17,57.01,91.10,90.86,54.63
19963,2018-10-24 0:00:00,57.17,57.17,91.10,91.07,54.63
19964,2018-10-24 0:10:00,57.25,57.25,91.02,90.94,54.68
19965,2018-10-24 0:20:00,57.25,57.32,91.02,90.86,54.68
19966,2018-10-24 0:30:00,57.25,57.25,91.13,90.61,54.71
19967,2018-10-24 0:40:00,57.25,57.25,90.28,90.86,54.45
19968,2018-10-24 0:50:00,57.25,57.17,91.02,90.83,54.68
19969,2018-10-24 1:00:00,57.32,57.25,91.13,90.86,54.79
19970,2018-10-24 1:10:00,57.40,57.25,91.05,91.29,54.84
19971,2018-10-24 1:20:00,57.56,57.40,91.05,91.24,54.99
19972,2018-10-24 1:30:00,57.40,57.56,89.78,90.55,54.45
19973,2018-10-24 1:40:00,56.86,57.40,89.40,89.42,53.80
19974,2018-10-24 1:50:00,56.47,56.78,89.64,89.34,53.50
19975,2018-10-24 2:00:00,56.17,56.40,89.17,89.45,53.05
19976,2018-10-24 2:10:00,55.93,56.17,89.26,89.37,52.84
19977,2018-10-24 2:20:00,55.39,55.93,89.17,88.95,52.29
19978,2018-10-24 2:30:00,55.01,55.39,88.59,89.48,51.73
19979,2018-10-24 2:40:00,55.01,55.01,90.39,90.11,52.27
19980,2018-10-24 2:50:00,54.62,55.01,89.92,90.22,51.75
19981,2018-10-24 3:00:00,54.39,54.62,89.48,89.73,51.39
19982,2018-10-24 3:10:00,53.93,54.39,90.25,89.84,51.16
19983,2018-10-24 3:20:00,53.93,53.93,91.49,90.83,51.53
19984,2018-10-24 3:30:00,53.85,53.93,90.11,90.75,51.04
19985,2018-10-24 3:40:00,53.77,53.77,91.46,91.02,51.37
19986,2018-10-24 3:50:00,53.69,53.62,91.35,91.38,51.26
19987,2018-10-24 4:00:00,53.39,53.62,90.99,90.91,50.85
19988,2018-10-24 4:10:00,53.23,53.46,90.47,90.99,50.54
19989,2018-10-24 4:20:00,53.23,53.15,90.55,90.94,50.56
19990,2018-10-24 4:30:00,53.31,53.31,91.40,91.35,50.89
19991,2018-10-24 4:40:00,53.46,53.39,91.84,91.40,51.17
19992,2018-10-24 4:50:00,53.31,53.46,90.99,91.68,50.77
19993,2018-10-24 5:00:00,53.23,53.31,91.29,91.43,50.78
19994,2018-10-24 5:10:00,53.46,53.15,93.07,92.11,51.53
19995,2018-10-24 5:20:00,53.93,53.54,93.50,93.61,52.12
19996,2018-10-24 5:30:00,54.16,54.00,91.95,93.18,51.90
19997,2018-10-24 5:40:00,53.85,54.16,90.97,91.68,51.30
19998,2018-10-24 5:50:00,53.77,53.93,92.66,91.57,51.72
19999,2018-10-24 6:00:00,54.16,53.85,92.77,93.10,52.14
20000,2018-10-24 6:10:00,53.85,54.08,91.38,91.54,51.42
20001,2018-10-24 6:20:00,53.62,53.77,91.76,91.29,51.30
20002,2018-10-24 6:30:00,53.69,53.69,90.94,91.43,51.14
20003,2018-10-24 6:40:00,53.62,53.69,91.76,90.99,51.30
20004,2018-10-24 6:50:00,53.46,53.54,91.84,91.24,51.17
20005,2018-10-24 7:00:00,53.31,53.39,91.40,91.68,50.89
20006,2018-10-24 7:10:00,52.84,53.31,90.83,91.05,50.26
20007,2018-10-24 7:20:00,52.84,52.77,91.35,91.24,50.42
20008,2018-10-24 7:30:00,52.61,52.77,91.29,91.13,50.17
20009,2018-10-24 7:40:00,52.61,52.61,91.62,91.46,50.27
20010,2018-10-24 7:50:00,52.69,52.61,92.50,92.44,50.60
20011,2018-10-24 8:00:00,53.23,52.69,94.26,93.10,51.65
20012,2018-10-24 8:10:00,53.77,53.23,94.37,93.59,52.22
20013,2018-10-24 8:20:00,54.70,53.85,93.61,94.48,52.92
20014,2018-10-24 8:30:00,55.55,54.78,94.15,93.59,53.92
20015,2018-10-24 8:40:00,56.86,55.78,93.10,94.42,54.92
20016,2018-10-24 8:50:00,57.86,56.94,92.36,92.66,55.69
20017,2018-10-24 9:00:00,58.95,57.86,92.20,92.39,56.72
20018,2018-10-24 9:10:00,60.18,59.10,90.58,91.29,57.45
20019,2018-10-24 9:20:00,61.34,60.18,90.31,90.55,58.51
20020,2018-10-24 9:30:00,62.88,61.57,90.64,90.44,60.14
20021,2018-10-24 9:40:00,64.35,63.11,88.15,89.20,60.81
20022,2018-10-24 9:50:00,65.74,64.50,86.14,88.23,61.52
20023,2018-10-24 10:00:00,66.67,65.82,84.93,85.75,62.03
20024,2018-10-24 10:10:00,67.75,66.82,84.74,84.37,63.03
20025,2018-10-24 10:20:00,68.44,67.90,83.38,82.08,63.25
20026,2018-10-24 10:30:00,69.06,68.44,79.39,81.05,62.45
20027,2018-10-24 10:40:00,69.68,69.14,79.56,80.39,63.12
20028,2018-10-24 10:50:00,70.37,69.76,77.31,79.27,62.97
20029,2018-10-24 11:00:00,71.15,70.37,77.34,78.29,63.73
20030,2018-10-24 11:10:00,71.92,71.15,77.94,78.12,64.71
20031,2018-10-24 11:20:00,72.84,72.00,75.24,77.34,64.59
20032,2018-10-24 11:30:00,73.85,72.92,75.36,76.99,65.61
20033,2018-10-24 11:40:00,74.00,73.93,75.47,75.09,65.80
20034,2018-10-24 11:50:00,74.00,74.00,74.89,73.78,65.58
20035,2018-10-24 12:00:00,73.93,74.00,73.57,73.22,64.99
20036,2018-10-24 12:10:00,74.70,74.00,72.21,74.89,65.20
20037,2018-10-24 12:20:00,74.54,74.70,74.54,72.57,65.96
20038,2018-10-24 12:30:00,74.93,74.54,72.80,72.95,65.66
20039,2018-10-24 12:40:00,74.85,74.93,69.90,71.21,64.41
20040,2018-10-24 12:50:00,74.93,74.85,72.80,71.33,65.66
20041,2018-10-24 13:00:00,75.62,75.01,69.93,73.22,65.16
20042,2018-10-24 13:10:00,75.55,75.62,70.82,71.33,65.45
20043,2018-10-24 13:20:00,75.62,75.55,72.78,71.95,66.31
20044,2018-10-24 13:30:00,75.78,75.55,71.50,71.36,65.95
20045,2018-10-24 13:40:00,76.17,75.78,70.94,72.78,66.09
20046,2018-10-24 13:50:00,75.78,76.17,70.94,71.18,65.72
20047,2018-10-24 14:00:00,75.93,75.86,71.39,72.04,66.05
20048,2018-10-24 14:10:00,75.93,75.86,70.02,72.10,65.50
20049,2018-10-24 14:20:00,75.55,75.93,70.82,71.71,65.45
20050,2018-10-24 14:30:00,75.08,75.55,71.83,71.77,65.42
20051,2018-10-24 14:40:00,75.01,75.08,71.80,72.89,65.33
20052,2018-10-24 14:50:00,74.85,75.01,74.63,73.48,66.29
20053,2018-10-24 15:00:00,74.70,74.85,75.15,74.30,66.35
20054,2018-10-24 15:10:00,74.54,74.78,74.01,74.86,65.76
20055,2018-10-24 15:20:00,74.00,74.54,75.36,74.42,65.76
20056,2018-10-24 15:30:00,73.77,74.00,76.79,75.53,66.07
20057,2018-10-24 15:40:00,73.46,73.77,75.82,75.47,65.41
20058,2018-10-24 15:50:00,73.23,73.62,76.84,75.80,65.57
20059,2018-10-24 16:00:00,72.92,73.31,74.42,76.38,64.35
20060,2018-10-24 16:10:00,72.61,72.92,77.05,76.90,65.05
20061,2018-10-24 16:20:00,72.38,72.54,76.70,77.94,64.69
20062,2018-10-24 16:30:00,72.07,72.30,78.38,78.44,65.02
20063,2018-10-24 16:40:00,71.69,72.00,78.95,78.32,64.85
20064,2018-10-24 16:50:00,71.15,71.61,79.65,78.90,64.58
20065,2018-10-24 17:00:00,70.84,71.15,79.19,79.79,64.11
20066,2018-10-24 17:10:00,70.37,70.84,78.81,79.53,63.52
20067,2018-10-24 17:20:00,69.76,70.30,80.88,80.51,63.66
20068,2018-10-24 17:30:00,69.22,69.76,80.82,80.96,63.11
20069,2018-10-24 17:40:00,68.67,69.14,82.62,81.96,63.21
20070,2018-10-24 17:50:00,68.06,68.60,83.47,83.04,62.90
20071,2018-10-24 18:00:00,67.59,68.06,83.38,83.33,62.42
20072,2018-10-24 18:10:00,66.82,67.52,84.65,84.09,62.09
20073,2018-10-24 18:20:00,66.13,66.82,84.57,84.62,61.38
20074,2018-10-24 18:30:00,65.28,66.13,83.98,84.40,60.35
20075,2018-10-24 18:40:00,64.35,65.20,83.86,84.20,59.40
20076,2018-10-24 18:50:00,63.58,64.27,85.10,84.51,59.06
20077,2018-10-24 19:00:00,62.96,63.50,85.80,85.24,58.68
20078,2018-10-24 19:10:00,62.27,62.88,85.69,85.55,57.96
20079,2018-10-24 19:20:00,61.65,62.19,86.48,85.66,57.61
20080,2018-10-24 19:30:00,61.18,61.65,85.66,85.92,56.89
20081,2018-10-24 19:40:00,60.88,61.11,86.81,86.39,56.95
20082,2018-10-24 19:50:00,60.57,60.88,86.78,87.15,56.64
20083,2018-10-24 20:00:00,60.10,60.57,86.84,87.04,56.20
20084,2018-10-24 20:10:00,59.87,60.10,87.57,87.40,56.20
20085,2018-10-24 20:20:00,59.87,59.87,88.40,88.20,56.47
20086,2018-10-24 20:30:00,59.64,59.87,88.48,88.23,56.26
20087,2018-10-24 20:40:00,59.25,59.64,88.01,88.15,55.74
20088,2018-10-24 20:50:00,58.95,59.18,88.29,88.15,55.52
20089,2018-10-24 21:00:00,58.71,58.87,89.09,88.43,55.54
20090,2018-10-24 21:10:00,58.48,58.64,89.17,88.93,55.34
20091,2018-10-24 21:20:00,58.25,58.48,89.15,89.37,55.10
20092,2018-10-24 21:30:00,58.25,58.33,89.56,89.31,55.23
20093,2018-10-24 21:40:00,58.02,58.33,88.70,89.37,54.73
20094,2018-10-24 21:50:00,57.79,58.02,89.40,88.62,54.72
20095,2018-10-24 22:00:00,57.56,57.71,88.62,88.73,54.25
20096,2018-10-24 22:10:00,57.32,57.56,88.18,88.79,53.88
20097,2018-10-24 22:20:00,56.78,57.25,87.98,88.59,53.29
20098,2018-10-24 22:30:00,56.47,56.86,89.34,88.87,53.40
20099,2018-10-24 22:40:00,56.86,56.47,91.79,91.35,54.53
20100,2018-10-24 22:50:00,57.17,56.86,91.10,91.35,54.63
20101,2018-10-24 23:00:00,57.25,57.25,89.42,90.09,54.19
20102,2018-10-24 23:10:00,57.09,57.25,89.42,89.34,54.04
20103,2018-10-24 23:20:00,56.78,57.09,88.95,89.09,53.59
20104,2018-10-24 23:30:00,56.32,56.78,89.31,89.09,53.24
20105,2018-10-24 23:40:00,56.32,56.32,89.73,89.64,53.37
20106,2018-10-24 23:50:00,55.93,56.32,89.67,89.78,52.97
20107,2018-10-25 0:00:00,55.86,55.93,89.97,89.59,52.99
20108,2018-10-25 0:10:00,55.78,55.86,89.56,90.20,52.78
20109,2018-10-25 0:20:00,55.39,55.78,89.92,89.56,52.51
20110,2018-10-25 0:30:00,55.39,55.39,90.03,90.17,52.55
20111,2018-10-25 0:40:00,55.55,55.39,91.29,90.75,53.08
20112,2018-10-25 0:50:00,55.86,55.47,91.35,91.79,53.40
20113,2018-10-25 1:00:00,55.86,55.86,90.50,90.72,53.14
20114,2018-10-25 1:10:00,55.47,55.78,90.44,90.53,52.75
20115,2018-10-25 1:20:00,55.24,55.47,90.31,90.42,52.48
20116,2018-10-25 1:30:00,55.08,55.32,90.31,90.36,52.32
20117,2018-10-25 1:40:00,54.78,55.08,90.66,90.14,52.12
20118,2018-10-25 1:50:00,54.62,54.78,90.75,90.61,52.00
20119,2018-10-25 2:00:00,54.70,54.70,91.07,90.99,52.17
20120,2018-10-25 2:10:00,54.47,54.78,90.31,90.44,51.71
20121,2018-10-25 2:20:00,54.23,54.31,91.54,90.72,51.85
20122,2018-10-25 2:30:00,54.23,54.31,91.13,91.35,51.73
20123,2018-10-25 2:40:00,54.16,54.16,90.28,90.83,51.40
20124,2018-10-25 2:50:00,54.08,54.23,90.69,90.94,51.44
20125,2018-10-25 3:00:00,54.00,54.08,90.25,90.50,51.24
20126,2018-10-25 3:10:00,53.85,54.00,90.11,90.22,51.04
20127,2018-10-25 3:20:00,53.54,53.77,89.78,90.44,50.64
20128,2018-10-25 3:30:00,53.23,53.54,90.88,90.69,50.66
20129,2018-10-25 3:40:00,52.92,53.31,89.59,90.53,49.97
20130,2018-10-25 3:50:00,52.77,52.92,90.09,90.55,49.97
20131,2018-10-25 4:00:00,52.84,52.84,91.24,90.97,50.38
20132,2018-10-25 4:10:00,53.00,52.77,92.55,91.98,50.92
20133,2018-10-25 4:20:00,53.31,53.08,92.61,92.47,51.25
20134,2018-10-25 4:30:00,53.15,53.39,91.79,91.98,50.85
20135,2018-10-25 4:40:00,53.08,53.23,91.79,91.79,50.78
20136,2018-10-25 4:50:00,53.08,53.00,92.20,92.36,50.90
20137,2018-10-25 5:00:00,53.23,53.15,91.70,92.11,50.90
20138,2018-10-25 5:10:00,53.15,53.23,91.79,91.57,50.85
20139,2018-10-25 5:20:00,53.15,53.08,91.27,91.51,50.70
20140,2018-10-25 5:30:00,52.92,53.15,90.83,91.70,50.34
20141,2018-10-25 5:40:00,52.54,52.92,90.36,90.75,49.82
20142,2018-10-25 5:50:00,52.30,52.61,90.44,90.58,49.61
20143,2018-10-25 6:00:00,52.30,52.23,91.68,91.10,49.98
20144,2018-10-25 6:10:00,52.23,52.30,90.31,91.18,49.50
20145,2018-10-25 6:20:00,51.84,52.23,91.10,90.94,49.35
20146,2018-10-25 6:30:00,51.61,51.84,91.07,90.75,49.11
20147,2018-10-25 6:40:00,51.61,51.69,91.07,91.21,49.11
20148,2018-10-25 6:50:00,51.53,51.61,90.75,91.13,48.94
20149,2018-10-25 7:00:00,51.07,51.45,90.99,90.99,48.55
20150,2018-10-25 7:10:00,50.76,51.07,90.94,90.80,48.23
20151,2018-10-25 7:20:00,50.45,50.76,90.99,91.05,47.94
20152,2018-10-25 7:30:00,50.45,50.53,91.81,91.60,48.18
20153,2018-10-25 7:40:00,50.45,50.45,93.07,92.11,48.54
20154,2018-10-25 7:50:00,50.68,50.37,93.42,92.96,48.87
20155,2018-10-25 8:00:00,51.07,50.76,93.50,93.10,49.28
20156,2018-10-25 8:10:00,51.76,51.07,94.07,93.45,50.14
20157,2018-10-25 8:20:00,52.84,51.76,94.59,94.59,51.36
20158,2018-10-25 8:30:00,54.08,52.77,96.04,95.53,53.00
20159,2018-10-25 8:40:00,55.01,54.23,93.31,93.80,53.14
20160,2018-10-25 8:50:00,56.40,55.24,93.10,93.61,54.46
20161,2018-10-25 9:00:00,57.71,56.47,90.33,92.22,54.93
20162,2018-10-25 9:10:00,58.79,57.71,89.97,89.73,55.89
20163,2018-10-25 9:20:00,60.10,58.79,90.99,90.86,57.50
20164,2018-10-25 9:30:00,61.49,60.18,89.48,90.31,58.41
20165,2018-10-25 9:40:00,62.57,61.57,87.90,86.81,58.97
20166,2018-10-25 9:50:00,63.81,62.73,85.44,86.53,59.40
20167,2018-10-25 10:00:00,64.81,63.89,85.16,83.78,60.29
20168,2018-10-25 10:10:00,65.82,64.81,81.76,83.33,60.13
20169,2018-10-25 10:20:00,66.74,65.89,81.85,81.53,61.06
20170,2018-10-25 10:30:00,67.75,66.74,81.08,81.22,61.77
20171,2018-10-25 10:40:00,68.83,67.83,78.95,80.59,62.07
20172,2018-10-25 10:50:00,69.45,68.91,78.64,78.15,62.56
20173,2018-10-25 11:00:00,70.45,69.45,74.69,78.00,62.07
20174,2018-10-25 11:10:00,70.99,70.53,72.69,74.54,61.82
20175,2018-10-25 11:20:00,71.38,70.99,71.36,72.95,61.67
20176,2018-10-25 11:30:00,71.84,71.30,71.83,71.56,62.30
20177,2018-10-25 11:40:00,72.54,71.84,73.04,72.60,63.44
20178,2018-10-25 11:50:00,73.00,72.61,72.89,73.86,63.83
20179,2018-10-25 12:00:00,73.62,73.00,70.79,73.13,63.59
20180,2018-10-25 12:10:00,73.62,73.54,71.65,72.48,63.94
20181,2018-10-25 12:20:00,74.00,73.62,70.67,73.31,63.91
20182,2018-10-25 12:30:00,74.00,73.93,73.04,71.95,64.86
20183,2018-10-25 12:40:00,73.77,74.00,74.07,72.75,65.04
20184,2018-10-25 12:50:00,73.69,73.85,73.13,73.16,64.59
20185,2018-10-25 13:00:00,74.54,73.69,75.88,75.65,66.48
20186,2018-10-25 13:10:00,74.31,74.47,75.56,74.16,66.13
20187,2018-10-25 13:20:00,74.00,74.47,73.04,73.07,64.86
20188,2018-10-25 13:30:00,73.77,73.93,72.66,73.25,64.48
20189,2018-10-25 13:40:00,74.16,73.77,76.87,75.07,66.48
20190,2018-10-25 13:50:00,74.70,74.16,74.51,74.89,66.10
20191,2018-10-25 14:00:00,74.78,74.62,76.09,74.54,66.78
20192,2018-10-25 14:10:00,74.85,74.85,73.69,74.57,65.93
20193,2018-10-25 14:20:00,75.01,74.85,74.19,74.71,66.27
20194,2018-10-25 14:30:00,74.85,75.01,72.75,74.01,65.56
20195,2018-10-25 14:40:00,74.47,74.70,72.57,73.57,65.12
20196,2018-10-25 14:50:00,74.16,74.47,74.63,73.69,65.62
20197,2018-10-25 15:00:00,74.00,74.31,74.07,73.75,65.26
20198,2018-10-25 15:10:00,73.31,74.00,74.07,72.54,64.59
20199,2018-10-25 15:20:00,73.46,73.31,75.47,75.68,65.28
20200,2018-10-25 15:30:00,73.39,73.54,73.89,74.80,64.59
20201,2018-10-25 15:40:00,73.15,73.31,72.95,73.92,64.00
20202,2018-10-25 15:50:00,72.69,73.08,75.21,74.63,64.43
20203,2018-10-25 16:00:00,72.23,72.77,76.20,74.54,64.36
20204,2018-10-25 16:10:00,71.92,72.23,76.23,75.56,64.07
20205,2018-10-25 16:20:00,71.76,71.84,75.68,76.67,63.71
20206,2018-10-25 16:30:00,71.38,71.76,75.65,76.03,63.33
20207,2018-10-25 16:40:00,71.07,71.45,77.86,76.76,63.85
20208,2018-10-25 16:50:00,70.76,70.99,78.23,77.63,63.69
20209,2018-10-25 17:00:00,70.22,70.76,76.90,77.42,62.67
20210,2018-10-25 17:10:00,69.76,70.22,79.99,78.90,63.35
20211,2018-10-25 17:20:00,69.37,69.76,81.73,80.22,63.59
20212,2018-10-25 17:30:00,68.67,69.37,80.85,80.68,62.60
20213,2018-10-25 17:40:00,67.98,68.60,82.13,81.53,62.37
20214,2018-10-25 17:50:00,67.21,67.90,83.69,82.64,62.14
20215,2018-10-25 18:00:00,66.44,67.21,84.60,83.75,61.69
20216,2018-10-25 18:10:00,65.74,66.44,84.37,84.79,60.94
20217,2018-10-25 18:20:00,65.12,65.74,84.77,84.23,60.46
20218,2018-10-25 18:30:00,64.43,65.20,84.68,84.40,59.75
20219,2018-10-25 18:40:00,63.96,64.50,85.05,84.99,59.42
20220,2018-10-25 18:50:00,63.19,63.81,85.47,85.10,58.80
20221,2018-10-25 19:00:00,62.50,63.19,86.17,85.64,58.34
20222,2018-10-25 19:10:00,61.88,62.50,85.78,85.95,57.61
20223,2018-10-25 19:20:00,61.42,61.80,86.45,86.17,57.37
20224,2018-10-25 19:30:00,60.72,61.42,87.23,86.81,56.94
20225,2018-10-25 19:40:00,60.41,60.72,87.73,87.23,56.79
20226,2018-10-25 19:50:00,60.10,60.34,86.73,87.59,56.17
20227,2018-10-25 20:00:00,59.87,60.18,87.98,87.29,56.34
20228,2018-10-25 20:10:00,59.72,59.95,88.81,88.04,56.44
20229,2018-10-25 20:20:00,59.79,59.79,88.51,89.53,56.43
20230,2018-10-25 20:30:00,59.25,59.72,88.32,88.40,55.83
20231,2018-10-25 20:40:00,59.02,59.18,89.15,88.84,55.86
20232,2018-10-25 20:50:00,58.87,59.02,88.70,88.90,55.57
20233,2018-10-25 21:00:00,58.25,58.87,87.87,88.18,54.70
20234,2018-10-25 21:10:00,57.79,58.25,89.09,88.29,54.62
20235,2018-10-25 21:20:00,57.63,57.79,88.54,88.95,54.30
20236,2018-10-25 21:30:00,57.48,57.63,88.09,88.45,54.01
20237,2018-10-25 21:40:00,57.01,57.40,89.73,88.51,54.06
20238,2018-10-25 21:50:00,57.01,56.94,89.73,89.53,54.06
20239,2018-10-25 22:00:00,56.86,57.01,88.54,89.17,53.54
20240,2018-10-25 22:10:00,56.40,56.78,89.64,89.04,53.42
20241,2018-10-25 22:20:00,56.09,56.32,89.17,89.17,52.97
20242,2018-10-25 22:30:00,55.86,56.09,89.67,90.20,52.89
20243,2018-10-25 22:40:00,55.70,55.93,90.39,89.78,52.96
20244,2018-10-25 22:50:00,55.62,55.70,89.64,89.92,52.66
20245,2018-10-25 23:00:00,55.39,55.62,90.03,89.78,52.55
20246,2018-10-25 23:10:00,55.39,55.39,90.33,90.22,52.64
20247,2018-10-25 23:20:00,55.01,55.39,89.45,90.03,51.99
20248,2018-10-25 23:30:00,54.78,55.08,90.25,89.75,52.00
20249,2018-10-25 23:40:00,54.78,54.85,89.95,89.86,51.91
20250,2018-10-25 23:50:00,54.62,54.78,90.66,89.97,51.97
20251,2018-10-26 0:00:00,54.54,54.62,90.22,90.64,51.76
20252,2018-10-26 0:10:00,54.39,54.54,89.89,90.36,51.51
20253,2018-10-26 0:20:00,54.08,54.31,89.73,90.39,51.16
20254,2018-10-26 0:30:00,54.16,54.08,90.28,90.33,51.40
20255,2018-10-26 0:40:00,54.16,54.16,91.51,90.64,51.77
20256,2018-10-26 0:50:00,53.77,54.08,89.70,90.66,50.84
20257,2018-10-26 1:00:00,53.46,53.77,90.91,90.03,50.90
20258,2018-10-26 1:10:00,53.39,53.46,90.99,90.99,50.85
20259,2018-10-26 1:20:00,53.39,53.39,90.99,90.97,50.85
20260,2018-10-26 1:30:00,53.39,53.39,90.99,91.07,50.85
20261,2018-10-26 1:40:00,53.31,53.39,90.17,91.05,50.52
20262,2018-10-26 1:50:00,52.92,53.23,90.53,90.44,50.25
20263,2018-10-26 2:00:00,52.92,52.92,90.94,91.05,50.37
20264,2018-10-26 2:10:00,53.00,53.00,90.42,91.05,50.29
20265,2018-10-26 2:20:00,52.61,52.92,90.47,90.31,49.93
20266,2018-10-26 2:30:00,52.54,52.61,90.36,90.77,49.82
20267,2018-10-26 2:40:00,52.46,52.46,91.18,90.77,49.99
20268,2018-10-26 2:50:00,52.23,52.54,91.16,90.88,49.75
20269,2018-10-26 3:00:00,52.00,52.30,90.28,90.50,49.26
20270,2018-10-26 3:10:00,51.84,51.92,91.62,91.18,49.50
20271,2018-10-26 3:20:00,51.92,51.92,91.10,91.62,49.43
20272,2018-10-26 3:30:00,51.76,51.84,90.77,91.29,49.18
20273,2018-10-26 3:40:00,51.53,51.84,91.98,91.07,49.30
20274,2018-10-26 3:50:00,51.76,51.69,91.07,91.79,49.27
20275,2018-10-26 4:00:00,51.84,51.76,91.92,91.92,49.59
20276,2018-10-26 4:10:00,51.92,51.92,92.85,92.11,49.94
20277,2018-10-26 4:20:00,51.92,52.00,92.03,92.44,49.70
20278,2018-10-26 4:30:00,51.84,51.92,91.10,91.62,49.35
20279,2018-10-26 4:40:00,51.61,51.76,91.57,91.38,49.26
20280,2018-10-26 4:50:00,51.30,51.53,91.02,91.35,48.79
20281,2018-10-26 5:00:00,51.15,51.30,91.10,91.13,48.66
20282,2018-10-26 5:10:00,51.22,51.07,91.84,91.68,48.95
20283,2018-10-26 5:20:00,51.07,51.15,91.51,91.73,48.71
20284,2018-10-26 5:30:00,50.91,51.07,90.55,91.18,48.27
20285,2018-10-26 5:40:00,50.45,50.84,91.81,90.97,48.18
20286,2018-10-26 5:50:00,50.37,50.45,91.70,91.32,48.07
20287,2018-10-26 6:00:00,50.45,50.45,90.99,91.95,47.94
20288,2018-10-26 6:10:00,50.14,50.30,91.79,91.05,47.87
20289,2018-10-26 6:20:00,49.99,50.14,90.94,91.46,47.47
20290,2018-10-26 6:30:00,49.99,49.99,92.52,91.79,47.93
20291,2018-10-26 6:40:00,50.06,50.06,91.76,91.92,47.78
20292,2018-10-26 6:50:00,50.06,50.06,91.35,91.54,47.66
20293,2018-10-26 7:00:00,49.76,50.06,90.80,91.13,47.20
20294,2018-10-26 7:10:00,49.45,49.76,90.75,91.18,46.87
20295,2018-10-26 7:20:00,49.37,49.45,92.03,91.46,47.17
20296,2018-10-26 7:30:00,49.45,49.29,92.09,92.39,47.26
20297,2018-10-26 7:40:00,49.60,49.45,93.31,92.58,47.77
20298,2018-10-26 7:50:00,49.76,49.68,92.96,93.26,47.82
20299,2018-10-26 8:00:00,50.14,49.83,94.24,93.26,48.57
20300,2018-10-26 8:10:00,50.84,50.14,95.50,94.05,49.62
20301,2018-10-26 8:20:00,51.84,50.91,94.48,95.29,50.33
20302,2018-10-26 8:30:00,52.84,51.92,94.56,94.21,51.35
20303,2018-10-26 8:40:00,54.23,52.92,95.67,95.13,53.05
20304,2018-10-26 8:50:00,55.78,54.31,94.64,95.18,54.29
20305,2018-10-26 9:00:00,57.71,56.24,95.29,94.70,56.40
20306,2018-10-26 9:10:00,59.33,57.94,90.14,92.74,56.47
20307,2018-10-26 9:20:00,60.88,59.49,92.06,91.92,58.59
20308,2018-10-26 9:30:00,61.96,60.95,88.37,90.47,58.51
20309,2018-10-26 9:40:00,62.96,62.03,87.65,88.37,59.27
20310,2018-10-26 9:50:00,63.89,62.88,85.47,87.37,59.48
20311,2018-10-26 10:00:00,64.81,63.96,85.16,84.62,60.29
20312,2018-10-26 10:10:00,65.89,64.89,84.51,84.71,61.13
20313,2018-10-26 10:20:00,66.98,65.97,81.45,83.38,61.15
20314,2018-10-26 10:30:00,67.90,67.05,81.22,80.85,61.97
20315,2018-10-26 10:40:00,68.91,67.98,78.06,80.28,61.83
20316,2018-10-26 10:50:00,69.83,68.98,76.35,77.51,62.10
20317,2018-10-26 11:00:00,70.68,69.91,73.66,75.15,61.90
20318,2018-10-26 11:10:00,71.45,70.76,74.74,72.51,63.06
20319,2018-10-26 11:20:00,72.54,71.61,73.92,72.19,63.79
20320,2018-10-26 11:30:00,73.77,72.54,78.58,76.84,66.74
20321,2018-10-26 11:40:00,74.31,73.85,75.56,76.12,66.13
20322,2018-10-26 11:50:00,74.16,74.31,72.21,73.48,64.68
20323,2018-10-26 12:00:00,74.31,74.23,73.04,72.27,65.15
20324,2018-10-26 12:10:00,74.70,74.39,75.45,72.19,66.46
20325,2018-10-26 12:20:00,74.85,74.78,70.26,71.62,64.56
20326,2018-10-26 12:30:00,75.16,74.85,71.45,71.65,65.34
20327,2018-10-26 12:40:00,75.32,75.16,73.78,71.53,66.41
20328,2018-10-26 12:50:00,75.78,75.39,71.30,71.06,65.87
20329,2018-10-26 13:00:00,76.17,75.70,68.62,71.68,65.13
20330,2018-10-26 13:10:00,76.47,76.17,71.95,70.50,66.80
20331,2018-10-26 13:20:00,76.71,76.47,71.06,70.44,66.66
20332,2018-10-26 13:30:00,76.40,76.78,66.09,67.93,64.28
20333,2018-10-26 13:40:00,76.09,76.32,69.06,67.75,65.25
20334,2018-10-26 13:50:00,76.32,76.17,71.53,69.90,66.48
20335,2018-10-26 14:00:00,76.17,76.32,66.78,69.87,64.36
20336,2018-10-26 14:10:00,75.93,76.17,68.05,69.54,64.67
20337,2018-10-26 14:20:00,75.93,76.01,70.50,70.50,65.69
20338,2018-10-26 14:30:00,75.70,75.86,70.56,71.71,65.49
20339,2018-10-26 14:40:00,74.85,75.55,70.29,71.06,64.57
20340,2018-10-26 14:50:00,74.54,74.85,72.72,72.13,65.25
20341,2018-10-26 15:00:00,74.39,74.54,73.57,72.57,65.44
20342,2018-10-26 15:10:00,74.47,74.31,74.19,73.95,65.75
20343,2018-10-26 15:20:00,74.31,74.54,76.38,74.51,66.44
20344,2018-10-26 15:30:00,74.23,74.31,72.78,73.63,64.98
20345,2018-10-26 15:40:00,73.85,74.16,74.48,72.66,65.27
20346,2018-10-26 15:50:00,73.93,73.85,71.80,72.51,64.29
20347,2018-10-26 16:00:00,73.77,73.93,66.45,69.18,61.94
20348,2018-10-26 16:10:00,73.08,73.69,69.27,67.99,62.45
20349,2018-10-26 16:20:00,72.92,73.15,70.05,70.08,62.62
20350,2018-10-26 16:30:00,72.69,72.92,71.12,68.29,62.83
20351,2018-10-26 16:40:00,72.38,72.69,73.78,71.74,63.58
20352,2018-10-26 16:50:00,72.00,72.46,73.39,71.86,63.06
20353,2018-10-26 17:00:00,71.45,72.07,74.16,72.80,62.83
20354,2018-10-26 17:10:00,70.84,71.45,75.18,74.19,62.63
20355,2018-10-26 17:20:00,69.99,70.84,74.98,74.45,61.73
20356,2018-10-26 17:30:00,69.06,69.99,77.28,74.51,61.69
20357,2018-10-26 17:40:00,68.06,68.98,80.65,77.97,61.92
20358,2018-10-26 17:50:00,67.21,67.98,81.91,81.11,61.53
20359,2018-10-26 18:00:00,66.44,67.21,83.27,82.19,61.24
20360,2018-10-26 18:10:00,65.66,66.44,84.06,83.72,60.76
20361,2018-10-26 18:20:00,64.97,65.66,85.16,84.54,60.44
20362,2018-10-26 18:30:00,64.20,64.89,85.07,84.91,59.65
20363,2018-10-26 18:40:00,63.58,64.12,85.86,85.44,59.31
20364,2018-10-26 18:50:00,63.04,63.58,85.78,86.06,58.75
20365,2018-10-26 19:00:00,62.57,62.96,85.86,85.92,58.32
20366,2018-10-26 19:10:00,61.88,62.57,86.20,85.80,57.74
20367,2018-10-26 19:20:00,61.42,61.88,85.61,86.11,57.10
20368,2018-10-26 19:30:00,60.72,61.34,86.48,85.78,56.69
20369,2018-10-26 19:40:00,59.95,60.72,86.37,85.80,55.90
20370,2018-10-26 19:50:00,59.56,59.95,87.09,86.67,55.75
20371,2018-10-26 20:00:00,59.18,59.49,87.45,87.06,55.48
20372,2018-10-26 20:10:00,58.87,59.10,87.54,87.57,55.21
20373,2018-10-26 20:20:00,58.33,58.87,87.45,87.34,54.65
20374,2018-10-26 20:30:00,57.86,58.33,88.15,87.98,54.41
20375,2018-10-26 20:40:00,57.71,57.79,88.54,88.37,54.38
20376,2018-10-26 20:50:00,57.63,57.71,89.06,88.51,54.46
20377,2018-10-26 21:00:00,57.32,57.63,88.18,88.34,53.88
20378,2018-10-26 21:10:00,57.17,57.40,88.15,88.65,53.72
20379,2018-10-26 21:20:00,56.94,57.17,88.54,88.51,53.61
20380,2018-10-26 21:30:00,56.71,57.01,88.09,88.32,53.25
20381,2018-10-26 21:40:00,56.32,56.71,88.90,88.12,53.12
20382,2018-10-26 21:50:00,56.09,56.40,88.76,88.98,52.84
20383,2018-10-26 22:00:00,55.93,56.09,88.84,88.98,52.72
20384,2018-10-26 22:10:00,55.62,55.86,89.53,89.15,52.62
20385,2018-10-26 22:20:00,55.24,55.62,89.17,89.12,52.13
20386,2018-10-26 22:30:00,54.85,55.24,89.53,89.15,51.86
20387,2018-10-26 22:40:00,54.62,54.93,90.22,89.84,51.84
20388,2018-10-26 22:50:00,54.54,54.70,89.92,90.20,51.67
20389,2018-10-26 23:00:00,54.39,54.62,90.20,90.09,51.60
20390,2018-10-26 23:10:00,54.47,54.47,89.78,90.28,51.55
20391,2018-10-26 23:20:00,54.31,54.31,91.95,90.69,52.05
20392,2018-10-26 23:30:00,54.54,54.39,92.31,92.22,52.38
20393,2018-10-26 23:40:00,54.70,54.62,92.33,92.31,52.54
20394,2018-10-26 23:50:00,54.54,54.70,91.05,91.60,52.01
20395,2018-10-27 0:00:00,54.08,54.47,90.25,90.50,51.31
20396,2018-10-27 0:10:00,53.85,54.16,89.81,90.36,50.95
20397,2018-10-27 0:20:00,53.39,53.77,90.17,89.81,50.60
20398,2018-10-27 0:30:00,53.23,53.39,90.14,90.47,50.44
20399,2018-10-27 0:40:00,53.00,53.15,90.53,90.66,50.33
20400,2018-10-27 0:50:00,52.69,53.08,90.50,90.39,50.01
20401,2018-10-27 1:00:00,52.61,52.69,91.62,90.86,50.27
20402,2018-10-27 1:10:00,52.84,52.69,91.76,91.92,50.54
20403,2018-10-27 1:20:00,52.84,52.84,90.91,91.54,50.29
20404,2018-10-27 1:30:00,52.61,52.77,90.80,90.77,50.03
20405,2018-10-27 1:40:00,52.54,52.54,90.36,90.86,49.82
20406,2018-10-27 1:50:00,52.30,52.54,90.44,90.66,49.61
20407,2018-10-27 2:00:00,52.23,52.30,91.24,90.64,49.77
20408,2018-10-27 2:10:00,52.07,52.23,90.72,90.72,49.47
20409,2018-10-27 2:20:00,52.00,52.07,90.39,90.80,49.29
20410,2018-10-27 2:30:00,51.84,51.92,91.10,90.31,49.35
20411,2018-10-27 2:40:00,51.61,51.92,90.33,90.86,48.89
20412,2018-10-27 2:50:00,51.22,51.61,90.28,90.28,48.49
20413,2018-10-27 3:00:00,50.99,51.15,91.79,90.77,48.71
20414,2018-10-27 3:10:00,51.07,51.07,91.10,91.54,48.58
20415,2018-10-27 3:20:00,51.15,51.07,90.99,91.27,48.63
20416,2018-10-27 3:30:00,51.07,51.07,91.51,91.24,48.71
20417,2018-10-27 3:40:00,50.99,51.07,90.66,91.21,48.38
20418,2018-10-27 3:50:00,50.61,50.91,90.61,90.72,47.98
20419,2018-10-27 4:00:00,50.53,50.61,91.02,91.10,48.03
20420,2018-10-27 4:10:00,50.30,50.45,90.99,91.10,47.79
20421,2018-10-27 4:20:00,50.22,50.22,91.38,91.51,47.82
20422,2018-10-27 4:30:00,50.14,50.14,90.86,91.21,47.59
20423,2018-10-27 4:40:00,50.06,50.06,91.35,91.43,47.66
20424,2018-10-27 4:50:00,49.99,50.06,91.76,91.49,47.71
20425,2018-10-27 5:00:00,49.91,49.99,91.24,91.43,47.48
20426,2018-10-27 5:10:00,49.91,49.99,92.11,91.32,47.73
20427,2018-10-27 5:20:00,49.76,49.83,90.80,91.40,47.20
20428,2018-10-27 5:30:00,49.45,49.76,91.57,91.02,47.11
20429,2018-10-27 5:40:00,49.29,49.37,91.57,91.35,46.96
20430,2018-10-27 5:50:00,49.45,49.29,91.57,92.11,47.11
20431,2018-10-27 6:00:00,49.45,49.45,91.68,91.98,47.15
20432,2018-10-27 6:10:00,49.45,49.45,91.57,91.87,47.11
20433,2018-10-27 6:20:00,49.14,49.37,91.24,91.76,46.71
20434,2018-10-27 6:30:00,48.98,49.14,92.44,91.68,46.91
20435,2018-10-27 6:40:00,49.22,48.98,91.65,92.42,46.91
20436,2018-10-27 6:50:00,49.06,49.22,91.21,92.03,46.63
20437,2018-10-27 7:00:00,48.75,49.06,91.18,91.46,46.31
20438,2018-10-27 7:10:00,48.67,48.75,92.33,91.49,46.57
20439,2018-10-27 7:20:00,48.75,48.67,92.36,92.50,46.65
20440,2018-10-27 7:30:00,48.91,48.75,93.20,92.80,47.05
20441,2018-10-27 7:40:00,49.22,48.91,92.88,92.99,47.26
20442,2018-10-27 7:50:00,49.37,49.22,93.31,93.31,47.54
20443,2018-10-27 8:00:00,49.60,49.37,93.75,93.37,47.89
20444,2018-10-27 8:10:00,50.37,49.68,95.07,94.24,49.04
20445,2018-10-27 8:20:00,51.53,50.37,94.02,95.56,49.89
20446,2018-10-27 8:30:00,52.54,51.53,93.31,93.80,50.68
20447,2018-10-27 8:40:00,53.93,52.61,95.56,94.97,52.71
20448,2018-10-27 8:50:00,55.32,53.93,95.34,95.13,54.03
20449,2018-10-27 9:00:00,56.94,55.47,94.40,95.21,55.37
20450,2018-10-27 9:10:00,58.40,57.01,92.85,93.48,56.38
20451,2018-10-27 9:20:00,59.87,58.56,89.78,91.57,56.90
20452,2018-10-27 9:30:00,61.18,60.03,89.01,89.12,57.95
20453,2018-10-27 9:40:00,62.57,61.26,86.62,88.04,58.56
20454,2018-10-27 9:50:00,64.12,62.73,81.11,85.36,58.24
20455,2018-10-27 10:00:00,65.66,64.50,81.28,80.53,59.81
20456,2018-10-27 10:10:00,66.74,65.74,80.62,80.13,60.63
20457,2018-10-27 10:20:00,68.13,66.90,79.85,78.18,61.72
20458,2018-10-27 10:30:00,69.29,68.21,79.42,77.45,62.69
20459,2018-10-27 10:40:00,70.45,69.37,76.06,76.47,62.58
20460,2018-10-27 10:50:00,71.38,70.45,75.24,74.39,63.17
20461,2018-10-27 11:00:00,72.15,71.45,69.21,71.77,61.54
20462,2018-10-27 11:10:00,72.38,72.07,70.61,70.94,62.33
20463,2018-10-27 11:20:00,72.46,72.38,69.72,69.45,62.05
20464,2018-10-27 11:30:00,72.69,72.46,69.72,70.29,62.27
20465,2018-10-27 11:40:00,72.69,72.77,69.12,69.42,62.02
20466,2018-10-27 11:50:00,72.69,72.69,71.45,70.70,62.96
20467,2018-10-27 12:00:00,73.00,72.69,75.36,72.63,64.79
20468,2018-10-27 12:10:00,73.54,73.08,72.01,72.21,64.00
20469,2018-10-27 12:20:00,73.93,73.62,71.74,71.18,64.27
20470,2018-10-27 12:30:00,74.47,73.93,69.93,71.15,64.05
20471,2018-10-27 12:40:00,74.78,74.39,68.08,70.29,63.58
20472,2018-10-27 12:50:00,74.93,74.78,71.27,70.44,65.04
20473,2018-10-27 13:00:00,75.32,74.93,72.80,72.36,66.03
20474,2018-10-27 13:10:00,75.24,75.24,72.21,73.13,65.72
20475,2018-10-27 13:20:00,75.24,75.16,73.22,73.63,66.12
20476,2018-10-27 13:30:00,74.23,75.08,73.54,73.19,65.28
20477,2018-10-27 13:40:00,73.54,74.23,76.35,74.13,65.68
20478,2018-10-27 13:50:00,72.92,73.54,75.42,75.27,64.73
20479,2018-10-27 14:00:00,72.69,73.00,75.21,75.91,64.43
20480,2018-10-27 14:10:00,72.46,72.69,77.05,76.49,64.90
20481,2018-10-27 14:20:00,72.30,72.46,76.09,76.79,64.39
20482,2018-10-27 14:30:00,72.15,72.23,79.47,77.08,65.49
20483,2018-10-27 14:40:00,72.00,72.00,78.93,77.60,65.14
20484,2018-10-27 14:50:00,72.15,72.07,78.38,77.77,65.09
20485,2018-10-27 15:00:00,72.07,72.23,75.33,76.81,63.88
20486,2018-10-27 15:10:00,72.00,72.07,78.09,76.61,64.84
20487,2018-10-27 15:20:00,72.00,72.07,74.86,76.55,63.63
20488,2018-10-27 15:30:00,71.84,72.00,78.35,76.96,64.78
20489,2018-10-27 15:40:00,71.69,71.92,78.38,77.54,64.64
20490,2018-10-27 15:50:00,71.53,71.69,76.47,76.84,63.78
20491,2018-10-27 16:00:00,71.53,71.53,78.49,77.86,64.53
20492,2018-10-27 16:10:00,71.30,71.53,76.61,77.48,63.61
20493,2018-10-27 16:20:00,70.91,71.22,79.62,77.92,64.34
20494,2018-10-27 16:30:00,70.68,70.99,78.67,78.61,63.77
20495,2018-10-27 16:40:00,70.22,70.68,79.59,78.78,63.65
20496,2018-10-27 16:50:00,69.76,70.22,79.13,79.33,63.04
20497,2018-10-27 17:00:00,69.37,69.91,79.07,80.08,62.64
20498,2018-10-27 17:10:00,68.83,69.37,81.79,80.36,63.08
20499,2018-10-27 17:20:00,68.37,68.83,82.62,81.79,62.91
20500,2018-10-27 17:30:00,67.67,68.29,82.50,82.56,62.19
20501,2018-10-27 17:40:00,66.90,67.67,82.87,83.58,61.56
20502,2018-10-27 17:50:00,65.89,66.90,84.40,83.33,61.10
20503,2018-10-27 18:00:00,64.81,65.82,85.27,84.48,60.33
20504,2018-10-27 18:10:00,64.04,64.81,86.06,85.61,59.82
20505,2018-10-27 18:20:00,63.11,63.96,86.37,86.17,59.01
20506,2018-10-27 18:30:00,62.34,63.11,86.14,86.42,58.18
20507,2018-10-27 18:40:00,61.57,62.34,86.48,86.34,57.53
20508,2018-10-27 18:50:00,60.88,61.57,87.26,86.50,57.10
20509,2018-10-27 19:00:00,60.26,60.80,87.59,86.98,56.59
20510,2018-10-27 19:10:00,59.79,60.18,87.12,87.06,55.99
20511,2018-10-27 19:20:00,59.41,59.79,87.17,87.57,55.62
20512,2018-10-27 19:30:00,58.71,59.41,87.82,87.31,55.14
20513,2018-10-27 19:40:00,58.25,58.64,87.01,87.79,54.43
20514,2018-10-27 19:50:00,57.79,58.25,88.23,87.48,54.36
20515,2018-10-27 20:00:00,57.63,57.79,88.12,88.23,54.17
20516,2018-10-27 20:10:00,57.25,57.56,88.07,88.43,53.77
20517,2018-10-27 20:20:00,56.86,57.32,88.43,88.40,53.50
20518,2018-10-27 20:30:00,56.40,56.78,88.04,88.45,52.93
20519,2018-10-27 20:40:00,56.01,56.40,88.32,88.70,52.63
20520,2018-10-27 20:50:00,55.86,56.01,88.81,89.06,52.63
20521,2018-10-27 21:00:00,55.70,55.78,89.23,89.01,52.61
20522,2018-10-27 21:10:00,55.47,55.62,89.20,89.34,52.37
20523,2018-10-27 21:20:00,55.32,55.39,88.76,89.28,52.08
20524,2018-10-27 21:30:00,54.78,55.24,88.98,89.09,51.62
20525,2018-10-27 21:40:00,54.54,54.78,89.81,89.45,51.64
20526,2018-10-27 21:50:00,54.39,54.54,91.57,90.00,52.01
20527,2018-10-27 22:00:00,54.85,54.31,94.45,92.42,53.32
20528,2018-10-27 22:10:00,55.70,54.78,96.23,95.21,54.67
20529,2018-10-27 22:20:00,56.55,55.78,96.39,96.63,55.57
20530,2018-10-27 22:30:00,57.01,56.55,96.01,96.23,55.92
20531,2018-10-27 22:40:00,57.48,57.01,96.12,96.07,56.41
20532,2018-10-27 22:50:00,57.94,57.56,95.80,95.91,56.78
20533,2018-10-27 23:00:00,58.17,57.86,95.83,95.75,57.02
20534,2018-10-27 23:10:00,58.40,58.17,95.45,95.69,57.14
20535,2018-10-27 23:20:00,58.33,58.40,94.99,95.26,56.93
20536,2018-10-27 23:30:00,58.25,58.33,95.02,94.86,56.86
20537,2018-10-27 23:40:00,58.10,58.25,95.40,95.15,56.82
20538,2018-10-27 23:50:00,58.02,58.17,94.94,95.34,56.61
20539,2018-10-28 0:00:00,58.10,58.02,95.77,95.29,56.93
20540,2018-10-28 0:10:00,58.33,58.10,95.37,95.77,57.04
20541,2018-10-28 0:20:00,58.33,58.33,94.61,95.21,56.82
20542,2018-10-28 0:30:00,58.25,58.25,94.97,94.53,56.85
20543,2018-10-28 0:40:00,58.25,58.25,94.10,94.56,56.59
20544,2018-10-28 0:50:00,58.17,58.25,94.18,94.15,56.54
20545,2018-10-28 1:00:00,58.10,58.25,94.56,94.18,56.57
20546,2018-10-28 1:10:00,58.02,58.17,94.10,94.37,56.36
20547,2018-10-28 1:20:00,58.10,58.10,94.99,94.42,56.70
20548,2018-10-28 1:30:00,58.40,58.25,94.61,94.97,56.90
20549,2018-10-28 1:40:00,58.48,58.25,94.99,94.70,57.08
20550,2018-10-28 1:50:00,58.33,58.40,94.15,94.42,56.68
20551,2018-10-28 2:00:00,58.40,58.33,94.56,94.32,56.88
20552,2018-10-28 2:10:00,58.40,58.33,94.61,94.56,56.90
20553,2018-10-28 2:20:00,58.40,58.40,94.56,94.59,56.88
20554,2018-10-28 2:30:00,58.48,58.40,94.13,94.48,56.83
20555,2018-10-28 2:40:00,58.33,58.40,94.15,94.18,56.68
20556,2018-10-28 2:50:00,58.10,58.40,93.67,93.94,56.31
20557,2018-10-28 3:00:00,57.94,58.10,94.07,93.72,56.28
20558,2018-10-28 3:10:00,57.94,57.94,94.51,94.07,56.40
20559,2018-10-28 3:20:00,57.79,58.02,94.48,94.32,56.24
20560,2018-10-28 3:30:00,57.86,57.86,94.07,94.34,56.20
20561,2018-10-28 3:40:00,57.71,57.79,94.07,94.10,56.05
20562,2018-10-28 3:50:00,57.79,57.79,94.51,94.34,56.25
20563,2018-10-28 4:00:00,57.71,57.79,94.05,94.29,56.04
20564,2018-10-28 4:10:00,57.71,57.71,94.88,94.51,56.28
20565,2018-10-28 4:20:00,57.79,57.79,94.53,94.88,56.26
20566,2018-10-28 4:30:00,57.86,57.86,94.48,94.70,56.32
20567,2018-10-28 4:40:00,57.79,57.86,94.48,94.48,56.24
20568,2018-10-28 4:50:00,57.71,57.79,94.48,94.53,56.17
20569,2018-10-28 5:00:00,57.63,57.71,94.86,94.51,56.20
20570,2018-10-28 5:10:00,57.63,57.63,95.34,94.94,56.34
20571,2018-10-28 5:20:00,57.79,57.71,94.88,95.05,56.36
20572,2018-10-28 5:30:00,57.63,57.71,94.51,94.61,56.10
20573,2018-10-28 5:40:00,57.48,57.56,94.07,94.51,55.82
20574,2018-10-28 5:50:00,57.32,57.48,93.99,94.48,55.64
20575,2018-10-28 6:00:00,57.40,57.40,94.42,94.15,55.84
20576,2018-10-28 6:10:00,57.40,57.32,94.45,94.42,55.85
20577,2018-10-28 6:20:00,57.25,57.40,93.99,94.15,55.56
20578,2018-10-28 6:30:00,57.09,57.17,93.99,93.94,55.41
20579,2018-10-28 6:40:00,57.01,57.09,94.40,93.99,55.45
20580,2018-10-28 6:50:00,56.94,57.01,93.94,94.32,55.24
20581,2018-10-28 7:00:00,56.78,57.01,93.50,93.96,54.96
20582,2018-10-28 7:10:00,56.55,56.71,93.10,93.48,54.61
20583,2018-10-28 7:20:00,56.32,56.47,93.50,93.48,54.50
20584,2018-10-28 7:30:00,56.17,56.32,93.83,93.53,54.44
20585,2018-10-28 7:40:00,56.09,56.17,93.45,93.83,54.25
20586,2018-10-28 7:50:00,55.93,56.01,94.26,93.75,54.34
20587,2018-10-28 8:00:00,55.62,55.86,94.59,94.42,54.12
20588,2018-10-28 8:10:00,55.78,55.62,95.42,95.07,54.52
20589,2018-10-28 8:20:00,56.17,55.78,95.48,95.10,54.92
20590,2018-10-28 8:30:00,56.47,56.17,95.07,95.40,55.11
20591,2018-10-28 8:40:00,56.86,56.40,95.64,95.40,55.66
20592,2018-10-28 8:50:00,57.09,56.94,94.02,94.99,55.42
20593,2018-10-28 9:00:00,57.48,57.09,94.42,94.10,55.92
20594,2018-10-28 9:10:00,57.71,57.56,93.29,93.94,55.81
20595,2018-10-28 9:20:00,58.17,57.71,94.15,93.75,56.53
20596,2018-10-28 9:30:00,59.10,58.17,93.42,93.59,57.24
20597,2018-10-28 9:40:00,59.18,59.02,92.11,92.58,56.92
20598,2018-10-28 9:50:00,59.10,59.25,92.96,92.33,57.10
20599,2018-10-28 10:00:00,59.25,59.18,93.45,93.26,57.40
20600,2018-10-28 10:10:00,59.56,59.25,93.94,93.91,57.85
20601,2018-10-28 10:20:00,60.18,59.64,95.29,93.99,58.86
20602,2018-10-28 10:30:00,61.03,60.18,93.69,94.21,59.23
20603,2018-10-28 10:40:00,61.80,61.03,91.21,92.99,59.25
20604,2018-10-28 10:50:00,63.04,61.96,90.66,91.65,60.30
20605,2018-10-28 11:00:00,64.20,63.04,90.39,90.17,61.36
20606,2018-10-28 11:10:00,65.82,64.43,90.06,89.56,62.86
20607,2018-10-28 11:20:00,66.67,65.97,85.38,85.92,62.18
20608,2018-10-28 11:30:00,67.59,66.74,82.08,84.26,61.97
20609,2018-10-28 11:40:00,68.75,67.59,82.98,83.86,63.42
20610,2018-10-28 11:50:00,69.37,68.83,79.99,81.48,62.97
20611,2018-10-28 12:00:00,69.22,69.37,76.32,78.09,61.49
20612,2018-10-28 12:10:00,69.45,69.14,79.10,77.94,62.73
20613,2018-10-28 12:20:00,70.22,69.52,77.25,77.48,62.80
20614,2018-10-28 12:30:00,71.15,70.30,75.15,77.05,62.92
20615,2018-10-28 12:40:00,71.38,71.15,74.66,74.42,62.95
20616,2018-10-28 12:50:00,71.76,71.38,73.89,75.56,63.03
20617,2018-10-28 13:00:00,71.38,71.76,76.99,76.44,63.83
20618,2018-10-28 13:10:00,70.61,71.22,79.73,76.81,64.08
20619,2018-10-28 13:20:00,71.45,70.61,74.80,77.05,63.08
20620,2018-10-28 13:30:00,71.92,71.45,78.06,76.41,64.75
20621,2018-10-28 13:40:00,72.23,72.00,76.55,76.44,64.49
20622,2018-10-28 13:50:00,72.07,72.23,76.70,76.17,64.39
20623,2018-10-28 14:00:00,72.00,72.00,74.22,76.35,63.38
20624,2018-10-28 14:10:00,71.76,72.00,74.19,75.56,63.14
20625,2018-10-28 14:20:00,71.38,71.76,73.69,74.01,62.58
20626,2018-10-28 14:30:00,70.84,71.38,74.25,74.69,62.27
20627,2018-10-28 14:40:00,70.91,70.84,75.12,77.25,62.68
20628,2018-10-28 14:50:00,71.45,70.99,73.86,75.09,62.72
20629,2018-10-28 15:00:00,71.76,71.38,74.25,74.48,63.17
20630,2018-10-28 15:10:00,71.61,71.69,72.39,73.51,62.30
20631,2018-10-28 15:20:00,70.76,71.53,76.38,74.07,63.00
20632,2018-10-28 15:30:00,70.76,70.76,77.89,76.44,63.56
20633,2018-10-28 15:40:00,70.84,70.76,80.56,78.09,64.60
20634,2018-10-28 15:50:00,70.61,70.84,78.38,77.92,63.59
20635,2018-10-28 16:00:00,70.14,70.61,79.07,78.52,63.39
20636,2018-10-28 16:10:00,69.68,70.06,80.36,79.62,63.40
20637,2018-10-28 16:20:00,69.60,69.60,78.20,78.75,62.55
20638,2018-10-28 16:30:00,69.52,69.60,76.76,78.26,61.95
20639,2018-10-28 16:40:00,69.52,69.52,78.09,78.32,62.44
20640,2018-10-28 16:50:00,69.14,69.45,78.67,78.20,62.27
20641,2018-10-28 17:00:00,68.60,69.14,78.93,78.32,61.84
20642,2018-10-28 17:10:00,67.98,68.52,80.68,81.19,61.86
20643,2018-10-28 17:20:00,67.44,68.06,82.36,80.48,61.92
20644,2018-10-28 17:30:00,66.98,67.44,82.90,81.99,61.65
20645,2018-10-28 17:40:00,66.44,66.98,84.60,84.03,61.69
20646,2018-10-28 17:50:00,65.74,66.36,84.51,83.89,60.98
20647,2018-10-28 18:00:00,64.89,65.82,84.85,84.00,60.26
20648,2018-10-28 18:10:00,64.27,64.81,85.07,84.62,59.73
20649,2018-10-28 18:20:00,63.73,64.12,85.58,85.97,59.37
20650,2018-10-28 18:30:00,62.73,63.66,85.86,85.80,58.47
20651,2018-10-28 18:40:00,61.96,62.73,86.64,86.62,57.96
20652,2018-10-28 18:50:00,61.49,61.96,88.20,87.59,58.01
20653,2018-10-28 19:00:00,61.18,61.49,87.40,88.12,57.45
20654,2018-10-28 19:10:00,60.49,61.18,87.73,87.73,56.87
20655,2018-10-28 19:20:00,60.10,60.41,88.01,88.07,56.57
20656,2018-10-28 19:30:00,59.64,60.10,88.48,88.12,56.26
20657,2018-10-28 19:40:00,59.33,59.64,88.87,88.81,56.08
20658,2018-10-28 19:50:00,58.87,59.25,89.12,89.15,55.70
20659,2018-10-28 20:00:00,58.40,58.95,89.17,89.23,55.26
20660,2018-10-28 20:10:00,58.25,58.48,89.48,89.51,55.20
20661,2018-10-28 20:20:00,57.79,58.17,88.98,89.56,54.59
20662,2018-10-28 20:30:00,57.40,57.79,90.20,89.48,54.58
20663,2018-10-28 20:40:00,57.25,57.40,90.28,90.22,54.45
20664,2018-10-28 20:50:00,57.01,57.17,90.14,90.03,54.18
20665,2018-10-28 21:00:00,56.55,56.94,89.75,89.92,53.61
20666,2018-10-28 21:10:00,56.17,56.47,89.62,89.64,53.18
20667,2018-10-28 21:20:00,56.17,56.17,91.70,90.50,53.81
20668,2018-10-28 21:30:00,56.47,56.17,93.10,91.92,54.53
20669,2018-10-28 21:40:00,57.48,56.55,94.88,94.67,56.05
20670,2018-10-28 21:50:00,57.56,57.48,91.16,92.96,55.03
20671,2018-10-28 22:00:00,57.09,57.48,90.99,91.07,54.52
20672,2018-10-28 22:10:00,56.71,57.09,90.64,90.72,54.03
20673,2018-10-28 22:20:00,56.55,56.71,90.61,90.94,53.87
20674,2018-10-28 22:30:00,56.09,56.55,90.97,90.53,53.51
20675,2018-10-28 22:40:00,55.70,56.09,90.39,90.80,52.96
20676,2018-10-28 22:50:00,55.55,55.70,90.88,90.88,52.95
20677,2018-10-28 23:00:00,55.16,55.47,90.72,90.64,52.52
20678,2018-10-28 23:10:00,54.85,55.08,91.51,91.32,52.45
20679,2018-10-28 23:20:00,54.70,54.85,92.33,91.79,52.54
20680,2018-10-28 23:30:00,54.47,54.70,91.57,91.95,52.09
20681,2018-10-28 23:40:00,54.47,54.54,91.98,91.79,52.21
20682,2018-10-28 23:50:00,54.23,54.39,91.95,91.73,51.97
20683,2018-10-29 0:00:00,53.93,54.16,92.22,91.92,51.75
20684,2018-10-29 0:10:00,53.69,53.93,91.87,92.06,51.41
20685,2018-10-29 0:20:00,53.54,53.69,91.43,91.95,51.13
20686,2018-10-29 0:30:00,53.31,53.54,92.14,91.73,51.11
20687,2018-10-29 0:40:00,53.15,53.31,92.22,92.14,50.98
20688,2018-10-29 0:50:00,53.00,53.15,92.20,92.20,50.82
20689,2018-10-29 1:00:00,53.00,52.92,92.55,92.42,50.92
20690,2018-10-29 1:10:00,52.92,52.92,93.01,92.47,50.98
20691,2018-10-29 1:20:00,52.92,52.92,91.76,92.36,50.61
20692,2018-10-29 1:30:00,52.54,52.92,92.03,91.81,50.31
20693,2018-10-29 1:40:00,52.23,52.46,92.09,91.95,50.02
20694,2018-10-29 1:50:00,52.00,52.23,92.39,91.95,49.88
20695,2018-10-29 2:00:00,51.76,52.00,92.82,91.98,49.78
20696,2018-10-29 2:10:00,51.69,51.84,92.42,92.50,49.58
20697,2018-10-29 2:20:00,51.53,51.76,92.39,92.22,49.42
20698,2018-10-29 2:30:00,51.22,51.61,92.31,92.20,49.09
20699,2018-10-29 2:40:00,51.07,51.22,91.51,92.28,48.71
20700,2018-10-29 2:50:00,50.76,50.91,92.63,92.20,48.72
20701,2018-10-29 3:00:00,50.91,50.76,93.12,92.80,49.02
20702,2018-10-29 3:10:00,50.84,50.84,93.12,93.10,48.94
20703,2018-10-29 3:20:00,50.84,50.84,93.07,93.15,48.93
20704,2018-10-29 3:30:00,50.91,50.84,93.12,93.07,49.02
20705,2018-10-29 3:40:00,50.84,50.99,92.25,92.52,48.69
20706,2018-10-29 3:50:00,50.68,50.91,93.04,92.33,48.77
20707,2018-10-29 4:00:00,50.37,50.68,92.63,92.93,48.34
20708,2018-10-29 4:10:00,50.37,50.45,93.86,93.01,48.69
20709,2018-10-29 4:20:00,50.53,50.45,94.70,93.61,49.08
20710,2018-10-29 4:30:00,51.15,50.61,94.78,95.18,49.72
20711,2018-10-29 4:40:00,51.30,51.22,93.94,94.32,49.64
20712,2018-10-29 4:50:00,50.91,51.30,91.90,92.82,48.66
20713,2018-10-29 5:00:00,50.61,50.91,92.61,92.22,48.56
20714,2018-10-29 5:10:00,50.61,50.61,92.66,92.63,48.58
20715,2018-10-29 5:20:00,50.91,50.68,94.67,93.75,49.46
20716,2018-10-29 5:30:00,51.61,50.91,96.42,95.61,50.64
20717,2018-10-29 5:40:00,52.30,51.61,96.95,96.55,51.49
20718,2018-10-29 5:50:00,53.00,52.30,97.41,97.06,52.31
20719,2018-10-29 6:00:00,53.54,53.08,96.77,97.17,52.67
20720,2018-10-29 6:10:00,53.77,53.69,95.99,96.34,52.68
20721,2018-10-29 6:20:00,53.85,53.77,96.36,96.10,52.86
20722,2018-10-29 6:30:00,54.23,53.93,96.42,96.39,53.26
20723,2018-10-29 6:40:00,54.47,54.23,96.44,96.42,53.50
20724,2018-10-29 6:50:00,54.78,54.47,96.55,96.47,53.84
20725,2018-10-29 7:00:00,55.01,54.78,96.52,96.50,54.06
20726,2018-10-29 7:10:00,55.01,55.01,95.77,96.31,53.85
20727,2018-10-29 7:20:00,54.78,55.08,94.45,94.72,53.24
20728,2018-10-29 7:30:00,54.31,54.78,93.94,93.94,52.63
20729,2018-10-29 7:40:00,54.31,54.39,95.21,94.42,53.00
20730,2018-10-29 7:50:00,54.31,54.23,95.26,95.07,53.01
20731,2018-10-29 8:00:00,54.47,54.31,95.69,95.53,53.29
20732,2018-10-29 8:10:00,54.62,54.62,95.72,95.75,53.45
20733,2018-10-29 8:20:00,54.85,54.70,96.12,95.85,53.80
20734,2018-10-29 8:30:00,55.16,54.78,96.15,96.12,54.11
20735,2018-10-29 8:40:00,56.01,55.24,97.09,96.47,55.22
20736,2018-10-29 8:50:00,56.55,56.09,94.72,96.26,55.08
20737,2018-10-29 9:00:00,57.25,56.55,95.23,95.07,55.92
20738,2018-10-29 9:10:00,57.32,57.32,93.64,93.61,55.54
20739,2018-10-29 9:20:00,57.86,57.32,94.53,94.02,56.34
20740,2018-10-29 9:30:00,58.56,57.94,92.14,93.15,56.32
20741,2018-10-29 9:40:00,59.02,58.56,95.48,94.13,57.76
20742,2018-10-29 9:50:00,59.41,59.02,95.13,95.29,58.05
20743,2018-10-29 10:00:00,59.79,59.33,95.18,95.05,58.45
20744,2018-10-29 10:10:00,60.57,59.87,93.61,94.88,58.75
20745,2018-10-29 10:20:00,61.03,60.57,93.23,93.34,59.10
20746,2018-10-29 10:30:00,61.72,61.03,93.86,93.61,59.97
20747,2018-10-29 10:40:00,62.34,61.72,93.10,93.48,60.36
20748,2018-10-29 10:50:00,63.04,62.34,91.81,92.52,60.66
20749,2018-10-29 11:00:00,63.58,63.04,90.20,91.51,60.69
20750,2018-10-29 11:10:00,63.73,63.50,90.33,90.69,60.89
20751,2018-10-29 11:20:00,63.81,63.81,89.78,90.17,60.79
20752,2018-10-29 11:30:00,64.12,63.73,89.40,90.22,60.97
20753,2018-10-29 11:40:00,64.35,64.12,89.12,89.34,61.11
20754,2018-10-29 11:50:00,65.43,64.35,87.95,89.84,61.81
20755,2018-10-29 12:00:00,66.28,65.51,86.76,87.76,62.26
20756,2018-10-29 12:10:00,66.67,66.36,86.39,86.39,62.52
20757,2018-10-29 12:20:00,67.05,66.74,85.10,86.14,62.47
20758,2018-10-29 12:30:00,67.52,67.05,85.07,85.07,62.91
20759,2018-10-29 12:40:00,67.98,67.52,85.66,84.60,63.57
20760,2018-10-29 12:50:00,68.91,67.98,82.56,84.96,63.42
20761,2018-10-29 13:00:00,69.60,68.75,84.00,83.86,64.60
20762,2018-10-29 13:10:00,70.30,69.68,80.93,82.56,64.21
20763,2018-10-29 13:20:00,70.53,70.30,80.19,81.11,64.17
20764,2018-10-29 13:30:00,70.61,70.53,80.13,80.28,64.22
20765,2018-10-29 13:40:00,70.84,70.53,80.22,80.93,64.48
20766,2018-10-29 13:50:00,70.99,70.84,78.70,79.76,64.08
20767,2018-10-29 14:00:00,71.07,70.91,77.97,79.53,63.89
20768,2018-10-29 14:10:00,70.99,71.07,78.81,78.95,64.12
20769,2018-10-29 14:20:00,71.15,70.99,78.38,79.24,64.12
20770,2018-10-29 14:30:00,71.22,71.07,77.48,78.44,63.86
20771,2018-10-29 14:40:00,71.15,71.15,78.72,78.15,64.24
20772,2018-10-29 14:50:00,70.99,71.15,78.75,78.44,64.10
20773,2018-10-29 15:00:00,70.99,71.07,75.94,78.18,63.06
20774,2018-10-29 15:10:00,70.84,70.99,78.75,77.54,63.95
20775,2018-10-29 15:20:00,70.68,70.84,76.90,77.60,63.12
20776,2018-10-29 15:30:00,70.53,70.68,78.64,78.03,63.61
20777,2018-10-29 15:40:00,70.37,70.53,77.83,78.87,63.17
20778,2018-10-29 15:50:00,69.91,70.37,81.36,79.56,63.98
20779,2018-10-29 16:00:00,69.68,69.91,80.53,80.59,63.46
20780,2018-10-29 16:10:00,69.37,69.68,83.16,81.28,64.08
20781,2018-10-29 16:20:00,68.91,69.37,82.67,81.08,63.46
20782,2018-10-29 16:30:00,68.44,68.91,82.05,81.73,62.79
20783,2018-10-29 16:40:00,68.13,68.52,82.93,82.56,62.79
20784,2018-10-29 16:50:00,67.83,68.13,83.33,83.07,62.62
20785,2018-10-29 17:00:00,67.44,67.75,84.62,83.95,62.69
20786,2018-10-29 17:10:00,66.82,67.36,84.20,84.31,61.94
20787,2018-10-29 17:20:00,66.28,66.82,85.78,84.85,61.93
20788,2018-10-29 17:30:00,65.74,66.28,86.14,85.92,61.52
20789,2018-10-29 17:40:00,65.12,65.74,86.95,86.34,61.18
20790,2018-10-29 17:50:00,64.50,65.12,87.29,87.04,60.68
20791,2018-10-29 18:00:00,63.89,64.50,87.23,87.23,60.05
20792,2018-10-29 18:10:00,63.42,63.96,87.70,87.34,59.75
20793,2018-10-29 18:20:00,62.73,63.35,87.51,87.31,59.00
20794,2018-10-29 18:30:00,61.96,62.73,88.26,87.62,58.48
20795,2018-10-29 18:40:00,61.26,61.88,88.26,87.82,57.79
20796,2018-10-29 18:50:00,60.49,61.26,88.48,87.82,57.10
20797,2018-10-29 19:00:00,59.95,60.41,88.43,88.23,56.55
20798,2018-10-29 19:10:00,59.33,59.79,89.28,89.04,56.21
20799,2018-10-29 19:20:00,58.95,59.33,89.23,89.45,55.81
20800,2018-10-29 19:30:00,58.33,58.95,89.89,89.15,55.40
20801,2018-10-29 19:40:00,57.86,58.25,89.84,89.81,54.93
20802,2018-10-29 19:50:00,57.48,57.79,89.89,90.25,54.56
20803,2018-10-29 20:00:00,57.09,57.48,89.73,90.03,54.13
20804,2018-10-29 20:10:00,56.86,57.09,90.64,90.14,54.18
20805,2018-10-29 20:20:00,56.63,56.71,91.05,90.66,54.07
20806,2018-10-29 20:30:00,56.47,56.63,91.84,91.29,54.16
20807,2018-10-29 20:40:00,56.55,56.55,91.76,91.81,54.21
20808,2018-10-29 20:50:00,56.55,56.47,92.58,92.20,54.46
20809,2018-10-29 21:00:00,56.63,56.55,91.87,92.50,54.32
20810,2018-10-29 21:10:00,56.47,56.55,91.84,92.01,54.16
20811,2018-10-29 21:20:00,56.24,56.55,92.55,92.01,54.14
20812,2018-10-29 21:30:00,56.40,56.32,93.01,92.74,54.43
20813,2018-10-29 21:40:00,56.40,56.40,92.66,93.26,54.33
20814,2018-10-29 21:50:00,56.17,56.47,92.63,92.55,54.09
20815,2018-10-29 22:00:00,55.93,56.09,92.61,92.17,53.85
20816,2018-10-29 22:10:00,55.86,56.01,93.01,92.42,53.89
20817,2018-10-29 22:20:00,55.93,56.01,92.96,92.63,53.95
20818,2018-10-29 22:30:00,55.93,55.93,93.01,92.85,53.97
20819,2018-10-29 22:40:00,55.93,56.01,92.61,93.01,53.85
20820,2018-10-29 22:50:00,56.09,56.01,93.45,93.10,54.25
20821,2018-10-29 23:00:00,55.62,56.01,92.47,92.11,53.50
20822,2018-10-29 23:10:00,55.24,55.55,91.98,91.92,52.98
20823,2018-10-29 23:20:00,55.01,55.24,91.54,92.31,52.62
20824,2018-10-29 23:30:00,54.78,55.01,92.44,91.79,52.65
20825,2018-10-29 23:40:00,54.62,54.70,91.90,92.42,52.34
20826,2018-10-29 23:50:00,54.31,54.47,91.87,92.17,52.02
20827,2018-10-30 0:00:00,54.08,54.31,92.33,92.14,51.93
20828,2018-10-30 0:10:00,53.85,54.00,92.72,92.42,51.81
20829,2018-10-30 0:20:00,53.77,54.00,92.31,92.50,51.62
20830,2018-10-30 0:30:00,53.62,53.69,92.17,92.42,51.42
20831,2018-10-30 0:40:00,53.46,53.69,92.25,92.31,51.29
20832,2018-10-30 0:50:00,53.39,53.46,93.48,92.69,51.58
20833,2018-10-30 1:00:00,53.39,53.39,93.07,93.15,51.46
20834,2018-10-30 1:10:00,53.31,53.39,93.07,93.10,51.38
20835,2018-10-30 1:20:00,53.23,53.31,92.99,93.07,51.28
20836,2018-10-30 1:30:00,53.00,53.23,93.01,92.82,51.06
20837,2018-10-30 1:40:00,53.08,53.00,94.61,93.64,51.60
20838,2018-10-30 1:50:00,53.54,53.15,95.96,95.05,52.44
20839,2018-10-30 2:00:00,54.00,53.69,95.21,95.88,52.69
20840,2018-10-30 2:10:00,54.39,54.00,95.61,95.32,53.19
20841,2018-10-30 2:20:00,55.01,54.39,96.18,95.83,53.96
20842,2018-10-30 2:30:00,55.86,55.01,97.11,96.63,55.08
20843,2018-10-30 2:40:00,56.55,55.78,97.62,97.17,55.92
20844,2018-10-30 2:50:00,57.48,56.71,97.73,97.65,56.87
20845,2018-10-30 3:00:00,58.02,57.48,97.38,97.73,57.31
20846,2018-10-30 3:10:00,58.40,58.10,97.09,97.38,57.61
20847,2018-10-30 3:20:00,58.64,58.33,97.03,97.06,57.83
20848,2018-10-30 3:30:00,59.10,58.71,96.79,97.01,58.22
20849,2018-10-30 3:40:00,59.18,59.02,96.74,96.74,58.28
20850,2018-10-30 3:50:00,59.49,59.18,96.42,96.50,58.50
20851,2018-10-30 4:00:00,59.56,59.49,96.01,96.31,58.46
20852,2018-10-30 4:10:00,59.56,59.56,95.61,95.91,58.34
20853,2018-10-30 4:20:00,59.79,59.64,95.61,95.58,58.57
20854,2018-10-30 4:30:00,59.72,59.79,95.21,95.48,58.38
20855,2018-10-30 4:40:00,59.79,59.79,94.83,95.07,58.34
20856,2018-10-30 4:50:00,59.79,59.64,95.23,94.75,58.46
20857,2018-10-30 5:00:00,59.79,59.79,94.78,95.02,58.33
20858,2018-10-30 5:10:00,59.87,59.79,94.83,94.94,58.42
20859,2018-10-30 5:20:00,59.79,59.87,94.40,94.61,58.22
20860,2018-10-30 5:30:00,59.79,59.79,94.40,94.80,58.22
20861,2018-10-30 5:40:00,59.72,59.79,94.40,94.40,58.14
20862,2018-10-30 5:50:00,59.79,59.79,94.78,94.37,58.33
20863,2018-10-30 6:00:00,59.72,59.79,93.94,94.56,58.00
20864,2018-10-30 6:10:00,59.02,59.64,91.68,93.07,56.64
20865,2018-10-30 6:20:00,58.40,59.02,92.55,92.01,56.29
20866,2018-10-30 6:30:00,57.94,58.33,92.88,92.80,55.92
20867,2018-10-30 6:40:00,57.40,57.94,92.31,92.93,55.22
20868,2018-10-30 6:50:00,57.09,57.48,92.77,92.55,55.05
20869,2018-10-30 7:00:00,56.47,57.01,93.01,92.20,54.51
20870,2018-10-30 7:10:00,55.93,56.40,92.61,92.44,53.85
20871,2018-10-30 7:20:00,55.47,55.86,92.96,92.88,53.49
20872,2018-10-30 7:30:00,55.16,55.55,93.26,93.07,53.28
20873,2018-10-30 7:40:00,54.93,55.01,93.64,93.59,53.16
20874,2018-10-30 7:50:00,54.85,54.93,94.05,94.05,53.20
20875,2018-10-30 8:00:00,55.01,54.78,94.94,94.48,53.61
20876,2018-10-30 8:10:00,55.39,55.01,95.34,95.05,54.11
20877,2018-10-30 8:20:00,55.78,55.32,96.26,95.53,54.76
20878,2018-10-30 8:30:00,56.55,55.86,96.77,96.34,55.67
20879,2018-10-30 8:40:00,57.40,56.55,96.93,96.82,56.57
20880,2018-10-30 8:50:00,58.25,57.40,97.01,96.90,57.44
20881,2018-10-30 9:00:00,59.33,58.33,96.77,96.90,58.45
20882,2018-10-30 9:10:00,60.41,59.33,95.69,96.10,59.21
20883,2018-10-30 9:20:00,61.34,60.34,94.64,94.94,59.82
20884,2018-10-30 9:30:00,62.42,61.42,92.58,94.05,60.28
20885,2018-10-30 9:40:00,63.11,62.34,92.36,92.52,60.90
20886,2018-10-30 9:50:00,63.96,63.19,91.10,91.62,61.35
20887,2018-10-30 10:00:00,64.58,64.04,89.89,89.48,61.59
20888,2018-10-30 10:10:00,65.43,64.74,88.29,89.04,61.92
20889,2018-10-30 10:20:00,66.20,65.51,87.95,87.65,62.57
20890,2018-10-30 10:30:00,66.59,66.28,85.38,85.27,62.11
20891,2018-10-30 10:40:00,67.13,66.59,86.00,85.41,62.84
20892,2018-10-30 10:50:00,67.67,67.21,80.59,83.64,61.53
20893,2018-10-30 11:00:00,67.98,67.67,79.70,81.65,61.51
20894,2018-10-30 11:10:00,68.13,68.06,79.73,80.16,61.67
20895,2018-10-30 11:20:00,68.52,68.21,77.68,79.79,61.31
20896,2018-10-30 11:30:00,68.98,68.44,80.88,79.93,62.91
20897,2018-10-30 11:40:00,69.60,68.98,77.16,78.75,62.17
20898,2018-10-30 11:50:00,69.91,69.52,78.12,76.84,62.82
20899,2018-10-30 12:00:00,70.45,69.91,72.80,75.62,61.34
20900,2018-10-30 12:10:00,70.61,70.45,72.19,71.62,61.25
20901,2018-10-30 12:20:00,71.07,70.53,76.99,73.66,63.53
20902,2018-10-30 12:30:00,71.76,71.15,73.22,75.18,62.77
20903,2018-10-30 12:40:00,72.61,71.84,76.64,76.84,64.90
20904,2018-10-30 12:50:00,73.15,72.77,77.68,75.50,65.81
20905,2018-10-30 13:00:00,73.15,73.23,71.18,72.48,63.30
20906,2018-10-30 13:10:00,73.39,73.23,73.95,72.83,64.62
20907,2018-10-30 13:20:00,73.08,73.31,68.65,70.58,62.20
20908,2018-10-30 13:30:00,72.92,73.08,70.73,71.21,62.90
20909,2018-10-30 13:40:00,73.15,72.92,70.29,72.01,62.94
20910,2018-10-30 13:50:00,73.08,73.15,67.84,70.88,61.86
20911,2018-10-30 14:00:00,72.69,73.15,72.89,69.01,63.54
20912,2018-10-30 14:10:00,72.46,72.69,69.60,67.27,62.00
20913,2018-10-30 14:20:00,72.69,72.46,71.18,69.39,62.86
20914,2018-10-30 14:30:00,72.54,72.77,69.15,67.45,61.89
20915,2018-10-30 14:40:00,72.54,72.54,69.27,66.57,61.94
20916,2018-10-30 14:50:00,72.61,72.54,68.77,69.54,61.80
20917,2018-10-30 15:00:00,72.61,72.61,68.83,67.36,61.83
20918,2018-10-30 15:10:00,72.38,72.61,69.12,68.83,61.73
20919,2018-10-30 15:20:00,72.23,72.54,67.24,68.83,60.80
20920,2018-10-30 15:30:00,72.00,72.15,67.27,68.47,60.59
20921,2018-10-30 15:40:00,71.76,72.00,70.61,68.38,61.74
20922,2018-10-30 15:50:00,71.84,71.69,69.54,70.29,61.38
20923,2018-10-30 16:00:00,71.45,71.76,72.39,69.01,62.15
20924,2018-10-30 16:10:00,71.38,71.53,63.66,65.46,58.46
20925,2018-10-30 16:20:00,70.91,71.30,59.25,64.82,56.02
20926,2018-10-30 16:30:00,70.61,70.99,67.18,66.33,59.23
20927,2018-10-30 16:40:00,70.22,70.68,65.24,66.69,58.04
20928,2018-10-30 16:50:00,69.83,70.14,67.51,67.51,58.63
20929,2018-10-30 17:00:00,69.22,69.76,69.69,69.04,58.93
20930,2018-10-30 17:10:00,68.60,69.29,72.54,72.45,59.46
20931,2018-10-30 17:20:00,67.90,68.52,73.36,74.48,59.11
20932,2018-10-30 17:30:00,67.05,67.90,76.93,75.15,59.62
20933,2018-10-30 17:40:00,66.13,67.05,79.10,77.57,59.50
20934,2018-10-30 17:50:00,65.28,66.05,80.42,78.55,59.13
20935,2018-10-30 18:00:00,64.35,65.28,81.68,81.13,58.66
20936,2018-10-30 18:10:00,63.27,64.27,81.88,81.48,57.68
20937,2018-10-30 18:20:00,62.19,63.19,82.19,82.22,56.72
20938,2018-10-30 18:30:00,61.42,62.19,81.76,82.25,55.83
20939,2018-10-30 18:40:00,60.34,61.26,83.38,82.76,55.31
20940,2018-10-30 18:50:00,59.33,60.26,84.03,83.30,54.54
20941,2018-10-30 19:00:00,58.79,59.25,83.18,83.78,53.73
20942,2018-10-30 19:10:00,58.02,58.64,84.71,83.92,53.47
20943,2018-10-30 19:20:00,57.25,58.02,85.05,84.51,52.82
20944,2018-10-30 19:30:00,56.86,57.25,83.78,84.31,52.03
20945,2018-10-30 19:40:00,56.47,56.86,84.20,83.24,51.79
20946,2018-10-30 19:50:00,55.86,56.32,84.57,84.06,51.30
20947,2018-10-30 20:00:00,55.24,55.78,86.50,84.99,51.31
20948,2018-10-30 20:10:00,54.85,55.24,86.90,85.86,51.05
20949,2018-10-30 20:20:00,54.39,54.85,86.92,86.84,50.60
20950,2018-10-30 20:30:00,54.08,54.39,87.31,86.78,50.42
20951,2018-10-30 20:40:00,54.00,54.08,87.31,87.29,50.34
20952,2018-10-30 20:50:00,53.69,54.00,87.59,87.20,50.13
20953,2018-10-30 21:00:00,53.23,53.69,87.09,86.64,49.51
20954,2018-10-30 21:10:00,52.92,53.23,87.48,87.12,49.33
20955,2018-10-30 21:20:00,52.69,53.00,86.59,86.87,48.83
20956,2018-10-30 21:30:00,52.77,52.69,87.15,86.45,49.08
20957,2018-10-30 21:40:00,52.69,52.77,87.98,87.09,49.25
20958,2018-10-30 21:50:00,52.30,52.61,87.40,87.31,48.70
20959,2018-10-30 22:00:00,52.00,52.30,87.87,87.57,48.54
20960,2018-10-30 22:10:00,51.84,52.00,88.59,88.04,48.60
20961,2018-10-30 22:20:00,51.84,51.76,89.01,88.70,48.73
20962,2018-10-30 22:30:00,51.92,51.84,87.87,88.34,48.46
20963,2018-10-30 22:40:00,51.76,52.00,88.26,87.98,48.42
20964,2018-10-30 22:50:00,51.45,51.76,88.54,88.12,48.20
20965,2018-10-30 23:00:00,51.15,51.53,88.18,88.34,47.79
20966,2018-10-30 23:10:00,50.99,51.15,88.59,88.01,47.76
20967,2018-10-30 23:20:00,51.38,50.99,86.53,88.12,47.52
20968,2018-10-30 23:30:00,53.15,51.76,78.49,82.67,46.67
20969,2018-10-30 23:40:00,57.32,54.78,64.82,70.20,45.62
20970,2018-10-30 23:50:00,60.80,59.02,60.30,60.91,46.99
20971,2018-10-31 0:00:00,61.49,60.95,53.06,60.70,44.27
20972,2018-10-31 0:10:00,62.57,61.80,53.66,55.98,45.57
20973,2018-10-31 0:20:00,62.81,62.65,54.13,56.01,46.01
20974,2018-10-31 0:30:00,63.58,62.88,50.50,52.59,44.89
20975,2018-10-31 0:40:00,63.42,63.58,49.00,52.21,43.96
20976,2018-10-31 0:50:00,64.27,63.50,48.07,48.55,44.24
20977,2018-10-31 1:00:00,64.81,64.27,47.62,46.72,44.49
20978,2018-10-31 1:10:00,65.05,64.81,49.38,45.98,45.66
20979,2018-10-31 1:20:00,64.89,64.97,44.27,45.82,42.65
20980,2018-10-31 1:30:00,65.05,64.89,47.81,44.07,44.81
20981,2018-10-31 1:40:00,64.81,65.05,46.79,45.43,44.02
20982,2018-10-31 1:50:00,65.35,64.74,42.58,42.48,42.06
20983,2018-10-31 2:00:00,65.35,65.35,41.20,42.25,41.21
20984,2018-10-31 2:10:00,65.35,65.35,42.32,41.60,41.90
20985,2018-10-31 2:20:00,64.66,65.28,43.03,43.62,41.71
20986,2018-10-31 2:30:00,64.74,64.66,45.75,42.05,43.37
20987,2018-10-31 2:40:00,64.58,64.74,40.45,42.77,40.04
20988,2018-10-31 2:50:00,64.20,64.58,48.74,43.68,44.53
20989,2018-10-31 3:00:00,64.20,64.04,38.58,41.79,38.48
20990,2018-10-31 3:10:00,65.12,64.35,40.71,39.79,40.69
20991,2018-10-31 3:20:00,65.82,65.12,37.09,38.11,38.92
20992,2018-10-31 3:30:00,66.44,65.74,35.79,36.69,38.56
20993,2018-10-31 3:40:00,67.05,66.44,37.22,35.30,40.11
20994,2018-10-31 3:50:00,67.21,67.05,33.06,34.20,37.21
20995,2018-10-31 4:00:00,67.21,67.21,32.66,33.76,36.90
20996,2018-10-31 4:10:00,67.05,67.36,34.06,33.99,37.84
20997,2018-10-31 4:20:00,66.90,67.05,34.53,34.09,38.05
20998,2018-10-31 4:30:00,67.21,66.90,32.25,32.96,36.59
20999,2018-10-31 4:40:00,67.44,67.21,31.88,32.49,36.50
21000,2018-10-31 4:50:00,67.75,67.52,32.42,31.95,37.19
21001,2018-10-31 5:00:00,67.52,67.75,33.06,32.19,37.48
21002,2018-10-31 5:10:00,67.28,67.52,31.58,32.86,36.12
21003,2018-10-31 5:20:00,67.59,67.28,32.29,31.78,36.95
21004,2018-10-31 5:30:00,67.59,67.52,30.81,31.85,35.76
21005,2018-10-31 5:40:00,67.52,67.59,31.61,31.65,36.35
21006,2018-10-31 5:50:00,67.59,67.52,32.29,31.58,36.95
21007,2018-10-31 6:00:00,67.67,67.67,32.42,31.51,37.12
21008,2018-10-31 6:10:00,67.13,67.67,31.04,32.19,35.55
21009,2018-10-31 6:20:00,67.05,67.13,31.31,31.88,35.70
21010,2018-10-31 6:30:00,66.98,67.05,32.39,32.19,36.49
21011,2018-10-31 6:40:00,66.74,66.98,32.35,31.98,36.26
21012,2018-10-31 6:50:00,66.98,66.82,30.50,31.48,34.98
21013,2018-10-31 7:00:00,67.21,66.98,29.86,30.94,34.64
21014,2018-10-31 7:10:00,67.05,67.21,31.98,31.28,36.24
21015,2018-10-31 7:20:00,66.74,67.05,30.64,31.65,34.89
21016,2018-10-31 7:30:00,66.67,66.74,31.31,31.78,35.37
21017,2018-10-31 7:40:00,66.36,66.67,32.62,32.42,36.13
21018,2018-10-31 7:50:00,65.89,66.28,32.99,33.39,36.01
21019,2018-10-31 8:00:00,65.82,65.89,33.99,33.66,36.70
21020,2018-10-31 8:10:00,65.82,65.74,33.49,34.23,36.32
21021,2018-10-31 8:20:00,66.28,65.82,35.06,33.99,37.89
21022,2018-10-31 8:30:00,66.28,66.20,34.73,35.40,37.65
21023,2018-10-31 8:40:00,66.59,66.36,34.86,35.40,38.02
21024,2018-10-31 8:50:00,67.05,66.67,31.98,35.13,36.24
21025,2018-10-31 9:00:00,67.83,67.13,33.49,34.20,38.08
21026,2018-10-31 9:10:00,68.44,67.83,33.59,34.06,38.70
21027,2018-10-31 9:20:00,69.06,68.44,33.39,33.33,39.09
21028,2018-10-31 9:30:00,69.52,69.06,33.02,34.30,39.21
21029,2018-10-31 9:40:00,69.99,69.45,35.53,34.26,41.50
21030,2018-10-31 9:50:00,70.53,69.99,34.96,35.00,41.56
21031,2018-10-31 10:00:00,71.07,70.53,34.26,33.29,41.51
21032,2018-10-31 10:10:00,71.61,71.22,35.13,33.96,42.64
21033,2018-10-31 10:20:00,72.30,71.69,34.26,33.69,42.60
21034,2018-10-31 10:30:00,72.92,72.30,31.88,33.16,41.27
21035,2018-10-31 10:40:00,73.62,73.00,32.19,32.08,42.12
21036,2018-10-31 10:50:00,74.31,73.77,32.99,31.58,43.37
21037,2018-10-31 11:00:00,75.01,74.39,31.58,31.61,42.84
21038,2018-10-31 11:10:00,75.55,75.01,33.19,32.32,44.61
21039,2018-10-31 11:20:00,76.17,75.55,30.81,31.75,43.20
21040,2018-10-31 11:30:00,76.55,76.09,31.51,31.51,44.13
21041,2018-10-31 11:40:00,76.86,76.55,31.24,32.96,44.17
21042,2018-10-31 11:50:00,77.09,76.86,32.89,32.92,45.72
21043,2018-10-31 12:00:00,77.40,77.09,34.33,33.73,47.13
21044,2018-10-31 12:10:00,77.71,77.40,32.12,34.36,45.63
21045,2018-10-31 12:20:00,78.02,77.79,36.96,32.52,49.64
21046,2018-10-31 12:30:00,78.33,78.02,35.69,35.66,48.98
21047,2018-10-31 12:40:00,78.64,78.40,35.40,35.40,49.03
21048,2018-10-31 12:50:00,78.79,78.56,32.15,33.63,46.60
21049,2018-10-31 13:00:00,78.95,78.79,38.61,35.73,51.64
21050,2018-10-31 13:10:00,79.10,78.87,34.09,34.50,48.43
21051,2018-10-31 13:20:00,79.18,79.02,32.32,32.96,47.08
21052,2018-10-31 13:30:00,79.18,79.10,30.70,33.89,45.72
21053,2018-10-31 13:40:00,79.33,79.18,32.32,32.99,47.21
21054,2018-10-31 13:50:00,79.33,79.33,33.26,33.89,47.97
21055,2018-10-31 14:00:00,79.41,79.41,34.93,32.62,49.35
21056,2018-10-31 14:10:00,79.25,79.49,38.97,36.13,52.17
21057,2018-10-31 14:20:00,79.41,79.33,41.34,35.66,53.91
21058,2018-10-31 14:30:00,79.49,79.49,38.11,35.50,51.77
21059,2018-10-31 14:40:00,78.40,79.49,36.82,36.09,49.88
21060,2018-10-31 14:50:00,77.40,78.33,36.13,36.82,48.49
21061,2018-10-31 15:00:00,76.71,77.32,35.56,35.96,47.45
21062,2018-10-31 15:10:00,76.17,76.55,42.41,37.35,51.70
21063,2018-10-31 15:20:00,75.55,76.17,41.37,38.81,50.47
21064,2018-10-31 15:30:00,74.93,75.39,39.76,39.50,48.85
21065,2018-10-31 15:40:00,74.23,74.93,40.94,40.42,49.02
21066,2018-10-31 15:50:00,74.08,74.31,38.64,41.20,47.33
21067,2018-10-31 16:00:00,73.54,74.08,38.11,38.08,46.49
21068,2018-10-31 16:10:00,73.15,73.54,36.49,38.18,45.00
21069,2018-10-31 16:20:00,72.77,73.23,37.78,38.54,45.57
21070,2018-10-31 16:30:00,72.46,72.77,37.45,38.81,45.07
21071,2018-10-31 16:40:00,72.07,72.46,46.27,40.12,50.35
21072,2018-10-31 16:50:00,71.22,72.00,49.51,45.46,51.40
21073,2018-10-31 17:00:00,70.37,71.22,50.53,50.18,51.17
21074,2018-10-31 17:10:00,69.83,70.30,44.59,47.20,47.32
21075,2018-10-31 17:20:00,69.29,69.76,52.18,47.88,51.04
21076,2018-10-31 17:30:00,67.90,69.22,54.57,53.94,50.97
21077,2018-10-31 17:40:00,66.74,67.83,59.86,58.10,52.39
21078,2018-10-31 17:50:00,66.28,66.59,57.11,56.51,50.68
21079,2018-10-31 18:00:00,65.28,66.36,64.55,61.49,53.06
21080,2018-10-31 18:10:00,63.73,65.12,68.35,66.06,53.15
21081,2018-10-31 18:20:00,62.42,63.73,69.15,68.44,52.21
21082,2018-10-31 18:30:00,61.34,62.27,71.33,70.08,52.01
21083,2018-10-31 18:40:00,60.57,61.26,72.69,71.59,51.78
21084,2018-10-31 18:50:00,59.64,60.57,73.78,73.34,51.29
21085,2018-10-31 19:00:00,58.95,59.56,75.12,74.30,51.11
21086,2018-10-31 19:10:00,58.64,59.02,76.09,75.62,51.16
21087,2018-10-31 19:20:00,58.25,58.64,75.59,76.12,50.60
21088,2018-10-31 19:30:00,57.94,58.25,75.85,76.58,50.40
21089,2018-10-31 19:40:00,57.86,58.02,75.50,75.91,50.20
21090,2018-10-31 19:50:00,58.02,57.94,76.03,75.21,50.54
21091,2018-10-31 20:00:00,58.02,58.02,74.63,75.24,50.03
21092,2018-10-31 20:10:00,57.32,57.94,75.33,75.50,49.61
21093,2018-10-31 20:20:00,57.09,57.32,76.81,76.47,49.91
21094,2018-10-31 20:30:00,56.24,56.94,77.54,77.10,49.34
21095,2018-10-31 20:40:00,55.55,56.24,77.80,77.48,48.76
21096,2018-10-31 20:50:00,55.08,55.62,77.37,78.35,48.16
21097,2018-10-31 21:00:00,54.62,55.01,78.64,78.06,48.14
21098,2018-10-31 21:10:00,54.00,54.62,79.07,78.72,47.69
21099,2018-10-31 21:20:00,53.77,54.08,79.85,79.47,47.72
21100,2018-10-31 21:30:00,53.31,53.77,79.79,79.59,47.25
21101,2018-10-31 21:40:00,52.84,53.31,81.02,79.70,47.21
21102,2018-10-31 21:50:00,52.77,52.92,81.02,80.79,47.13
21103,2018-10-31 22:00:00,52.61,52.77,80.53,80.08,46.82
21104,2018-10-31 22:10:00,52.15,52.61,81.51,80.82,46.69
21105,2018-10-31 22:20:00,51.84,52.15,81.02,79.79,46.23
21106,2018-10-31 22:30:00,51.61,51.84,80.53,80.65,45.84
21107,2018-10-31 22:40:00,51.45,51.45,80.96,80.99,45.83
21108,2018-10-31 22:50:00,51.07,51.38,80.91,81.31,45.43
21109,2018-10-31 23:00:00,50.84,50.99,81.22,81.22,45.31
21110,2018-10-31 23:10:00,50.53,50.91,81.31,81.16,45.04
21111,2018-10-31 23:20:00,50.22,50.53,81.59,81.71,44.83
21112,2018-10-31 23:30:00,50.06,50.22,82.42,81.56,44.94
21113,2018-10-31 23:40:00,50.06,50.06,82.39,82.16,44.93
21114,2018-10-31 23:50:00,50.06,50.14,82.53,81.82,44.98
21115,2018-11-01 0:00:00,49.83,49.99,82.36,82.22,44.70
21116,2018-11-01 0:10:00,50.22,49.83,78.55,80.91,43.83
21117,2018-11-01 0:20:00,50.53,50.22,79.56,79.56,44.47